#1 Event Easting (km)
#2 Event Northing (km)
#3 Depth
#4 Magnitude
#5-10 Year Month Day Hour Minute Second
#11-13 R G B
#14 Fault ID
19.8196 4.43178 8.51 4.26 2015 1 26 19 30 44.68 0.919389 0.675855 0.756019 1
19.6573 4.22452 8.08 3.77 2018 8 8 2 57 26.34 0.919389 0.675855 0.756019 1
17.7546 1.4293 7.5 3.7 2014 9 8 16 21 33.98 0.919389 0.675855 0.756019 1
17.5958 1.73386 7.36 3.66 2014 11 25 14 43 40.11 0.919389 0.675855 0.756019 1
20.0993 4.64806 8.57 3.56 2016 9 3 1 45 7.63 0.919389 0.675855 0.756019 1
14.4199 0.919804 5.87 3.35 2014 5 30 14 32 16.2 0.919389 0.675855 0.756019 1
19.2392 1.41529 7.78 3.29 2015 1 24 20 38 45.48 0.919389 0.675855 0.756019 1
20.0116 4.58023 8.63 3.21 2015 5 23 10 46 42.29 0.919389 0.675855 0.756019 1
19.8094 4.33138 8.29 3.2 2018 10 9 22 32 36.72 0.919389 0.675855 0.756019 1
18.0697 1.45198 7.3 3.13 2014 9 16 22 35 4.02 0.919389 0.675855 0.756019 1
19.3204 1.3628 7.71 3.08 2016 10 20 14 8 18.37 0.919389 0.675855 0.756019 1
19.6218 4.24898 8.24 3.06 2018 7 27 10 43 6.61 0.919389 0.675855 0.756019 1
20.2688 4.74536 8.62 3.05 2015 6 27 0 56 42.46 0.919389 0.675855 0.756019 1
19.6848 4.32092 8.06 2.98 2018 3 24 17 7 57 0.919389 0.675855 0.756019 1
18.1176 1.39583 7.41 2.97 2014 9 8 1 52 57.75 0.919389 0.675855 0.756019 1
20.0066 4.56889 8.62 2.97 2015 3 28 10 12 6.28 0.919389 0.675855 0.756019 1
17.7473 1.60032 7.26 2.96 2015 7 2 22 40 35.04 0.919389 0.675855 0.756019 1
19.9732 4.5531 8.15 2.96 2016 9 9 3 10 48.64 0.919389 0.675855 0.756019 1
20.1775 4.7051 8.45 2.94 2015 8 27 0 56 22.88 0.919389 0.675855 0.756019 1
17.5719 1.74287 7.23 2.9 2014 9 20 7 10 18.96 0.919389 0.675855 0.756019 1
17.898 1.48178 7.19 2.84 2014 9 19 10 55 21.22 0.919389 0.675855 0.756019 1
17.2473 2.77631 7.47 2.83 2014 2 11 3 19 54.58 0.919389 0.675855 0.756019 1
17.5553 1.72975 7.2 2.8 2014 10 13 16 3 11.63 0.919389 0.675855 0.756019 1
19.6406 4.26977 8.39 2.78 2018 7 10 11 56 36.03 0.919389 0.675855 0.756019 1
18.724 1.10717 7.86 2.77 2014 12 20 4 59 6.97 0.919389 0.675855 0.756019 1
19.5182 4.2124 8.46 2.77 2016 11 18 23 26 52.86 0.919389 0.675855 0.756019 1
20.1812 4.71733 8.7 2.74 2016 9 28 3 28 55.82 0.919389 0.675855 0.756019 1
18.6269 1.09905 7.69 2.73 2015 8 14 21 6 10.82 0.919389 0.675855 0.756019 1
17.251 2.73506 7.46 2.68 2014 2 11 1 17 18.12 0.919389 0.675855 0.756019 1
17.8393 1.58631 7.54 2.67 2014 9 19 16 1 16.81 0.919389 0.675855 0.756019 1
18.1799 1.48812 7.33 2.66 2015 7 2 6 43 28.98 0.919389 0.675855 0.756019 1
19.7797 4.31547 8.26 2.64 2018 7 27 11 21 8.82 0.919389 0.675855 0.756019 1
19.3899 1.38994 7.73 2.63 2016 10 22 9 14 6.42 0.919389 0.675855 0.756019 1
17.7581 1.6746 7.63 2.6 2015 4 15 1 42 59.65 0.919389 0.675855 0.756019 1
17.8581 1.4859 7.23 2.58 2014 9 7 11 51 32.8 0.919389 0.675855 0.756019 1
17.4379 1.58408 7.5 2.58 2014 11 25 14 47 16.31 0.919389 0.675855 0.756019 1
19.621 4.2671 8.38 2.58 2015 6 18 1 26 8.82 0.919389 0.675855 0.756019 1
18.2197 1.34968 7.2 2.55 2014 9 16 8 18 7.74 0.919389 0.675855 0.756019 1
18.6291 1.12485 7.79 2.55 2015 3 13 7 31 0.02 0.919389 0.675855 0.756019 1
18.9964 1.26829 7.74 2.55 2016 10 21 1 39 40.74 0.919389 0.675855 0.756019 1
20.1341 0.815837 7.38 2.54 2016 10 16 20 23 4.14 0.919389 0.675855 0.756019 1
18.0827 1.54605 7.48 2.53 2014 9 24 2 40 35.11 0.919389 0.675855 0.756019 1
17.4335 1.76644 7.32 2.53 2014 12 2 12 17 43.57 0.919389 0.675855 0.756019 1
17.7422 1.67726 7.62 2.52 2014 11 25 13 54 11.93 0.919389 0.675855 0.756019 1
19.5146 4.21051 8.45 2.52 2016 7 15 13 21 24.82 0.919389 0.675855 0.756019 1
14.7699 0.803606 6.14 2.51 2014 5 29 8 24 5.74 0.919389 0.675855 0.756019 1
14.6808 0.813057 5.96 2.5 2014 4 5 22 42 19.56 0.919389 0.675855 0.756019 1
17.6814 1.62067 7.26 2.49 2014 9 19 12 3 43.01 0.919389 0.675855 0.756019 1
18.182 1.48401 7.41 2.49 2014 9 29 21 10 0.52 0.919389 0.675855 0.756019 1
14.7388 0.811723 6.16 2.49 2014 5 27 9 12 57.2 0.919389 0.675855 0.756019 1
20.1123 4.54531 8.16 2.48 2016 9 9 15 2 57.2 0.919389 0.675855 0.756019 1
18.9196 1.20947 7.53 2.47 2015 6 26 19 41 9.32 0.919389 0.675855 0.756019 1
14.8468 0.792264 6.18 2.46 2014 6 1 4 25 17.66 0.919389 0.675855 0.756019 1
19.6305 4.34761 8.71 2.45 2015 9 2 12 1 41.74 0.919389 0.675855 0.756019 1
18.1349 1.57096 7.6 2.43 2014 10 11 0 34 44.59 0.919389 0.675855 0.756019 1
18.1777 1.54561 7.68 2.41 2014 11 20 7 32 30.2 0.919389 0.675855 0.756019 1
14.8316 0.801271 6.16 2.4 2014 5 27 8 57 13.09 0.919389 0.675855 0.756019 1
17.7234 1.54872 7.21 2.36 2014 9 10 12 55 13.36 0.919389 0.675855 0.756019 1
19.8891 4.47971 8.62 2.35 2015 1 26 21 56 55.68 0.919389 0.675855 0.756019 1
19.4703 4.61681 8.25 2.35 2015 6 30 1 49 29.21 0.919389 0.675855 0.756019 1
19.9124 4.5879 8.21 2.35 2016 9 6 13 51 2.93 0.919389 0.675855 0.756019 1
18.2451 1.328 7.6 2.34 2014 11 25 14 47 5.15 0.919389 0.675855 0.756019 1
19.5993 4.24264 8.33 2.34 2016 3 14 22 30 50.48 0.919389 0.675855 0.756019 1
17.6357 1.80036 7.59 2.33 2014 10 20 23 10 11.62 0.919389 0.675855 0.756019 1
18.0596 1.45376 7.25 2.3 2014 9 16 11 45 37.02 0.919389 0.675855 0.756019 1
17.7842 1.63067 7.58 2.3 2014 9 18 3 17 17.59 0.919389 0.675855 0.756019 1
18.0118 1.47678 7.55 2.29 2015 7 3 1 15 28.11 0.919389 0.675855 0.756019 1
14.9641 0.781812 6.18 2.29 2014 5 29 8 59 15.83 0.919389 0.675855 0.756019 1
14.6076 0.826178 6.03 2.28 2014 5 27 19 9 2.8 0.919389 0.675855 0.756019 1
19.7167 4.30825 8.37 2.28 2018 7 10 12 48 23.13 0.919389 0.675855 0.756019 1
17.3662 1.78179 7.32 2.27 2015 7 3 4 18 57.85 0.919389 0.675855 0.756019 1
18.9052 1.09449 7.61 2.26 2014 9 10 10 8 59.59 0.919389 0.675855 0.756019 1
17.7886 1.60443 7.29 2.26 2014 10 12 15 5 37.79 0.919389 0.675855 0.756019 1
18.7073 1.31888 7.89 2.25 2014 9 3 2 47 2.36 0.919389 0.675855 0.756019 1
17.314 2.88706 7.2 2.25 2014 2 12 22 51 33.5 0.919389 0.675855 0.756019 1
14.4548 0.891339 6 2.24 2014 5 30 19 20 59.36 0.919389 0.675855 0.756019 1
17.6175 3.00337 7.49 2.23 2014 5 14 16 2 59.99 0.919389 0.675855 0.756019 1
18.0183 1.49135 7.59 2.22 2014 9 16 8 18 29.98 0.919389 0.675855 0.756019 1
17.5987 1.70573 7.57 2.22 2014 12 5 3 5 31.1 0.919389 0.675855 0.756019 1
17.5865 1.60121 7.28 2.21 2014 9 10 17 18 24.6 0.919389 0.675855 0.756019 1
18.0248 1.38226 7.21 2.19 2014 9 7 8 36 50.68 0.919389 0.675855 0.756019 1
19.6218 4.27567 8.48 2.19 2015 1 26 20 33 15.52 0.919389 0.675855 0.756019 1
18.9363 1.19812 7.5 2.17 2015 1 13 14 6 38 0.919389 0.675855 0.756019 1
17.9813 1.43931 7.23 2.16 2014 9 7 16 1 27.09 0.919389 0.675855 0.756019 1
18.1204 1.41618 7.49 2.16 2015 7 3 1 15 15.75 0.919389 0.675855 0.756019 1
14.9801 0.770136 6.16 2.16 2014 5 25 20 37 4.28 0.919389 0.675855 0.756019 1
19.8544 4.43178 8.34 2.15 2018 3 27 22 37 12.88 0.919389 0.675855 0.756019 1
17.5741 1.67404 7.27 2.14 2014 10 20 23 7 29.36 0.919389 0.675855 0.756019 1
20.0341 4.55032 8.21 2.14 2016 9 6 13 0 46.92 0.919389 0.675855 0.756019 1
17.4524 1.56051 7.15 2.13 2014 11 25 15 11 36.22 0.919389 0.675855 0.756019 1
14.7236 0.818061 6.21 2.12 2014 5 29 8 24 33.52 0.919389 0.675855 0.756019 1
19.6153 4.24854 8.37 2.12 2015 4 27 9 18 20.56 0.919389 0.675855 0.756019 1
17.7096 1.57274 7.26 2.11 2014 9 17 22 52 10.36 0.919389 0.675855 0.756019 1
18.1168 1.53115 7.31 2.11 2014 10 15 3 23 59.88 0.919389 0.675855 0.756019 1
19.9283 4.5978 8.09 2.1 2015 5 25 1 1 33.46 0.919389 0.675855 0.756019 1
18.4312 1.24883 7.36 2.09 2014 9 7 15 55 31.29 0.919389 0.675855 0.756019 1
19.9544 0.911242 7.63 2.09 2014 11 20 11 11 54.83 0.919389 0.675855 0.756019 1
19.8956 4.52007 8.11 2.09 2016 9 9 4 52 25.3 0.919389 0.675855 0.756019 1
17.6415 1.64513 7.29 2.08 2014 9 19 16 1 3.45 0.919389 0.675855 0.756019 1
14.6468 0.820285 6.19 2.08 2014 5 30 15 50 50.95 0.919389 0.675855 0.756019 1
19.7116 4.22774 8.07 2.08 2017 10 8 12 2 10.87 0.919389 0.675855 0.756019 1
18.44 1.23749 7.34 2.07 2014 9 16 8 19 34.86 0.919389 0.675855 0.756019 1
17.7248 1.52293 7.22 2.06 2014 9 7 10 39 13.07 0.919389 0.675855 0.756019 1
18.074 1.50803 7.63 2.06 2014 10 13 17 16 34.8 0.919389 0.675855 0.756019 1
18.319 1.41162 7.42 2.06 2014 10 27 5 29 53.53 0.919389 0.675855 0.756019 1
17.9828 1.42474 7.26 2.05 2014 9 8 14 42 30.93 0.919389 0.675855 0.756019 1
17.3683 2.72961 7.46 2.05 2013 12 21 9 6 23.05 0.919389 0.675855 0.756019 1
19.5392 4.57523 8.21 2.05 2016 9 9 5 42 53.39 0.919389 0.675855 0.756019 1
19.6892 4.3038 8.43 2.05 2016 11 19 1 20 25.7 0.919389 0.675855 0.756019 1
19.9703 4.56211 8.52 2.03 2015 1 5 1 25 0.05 0.919389 0.675855 0.756019 1
19.4878 4.15847 8.31 2.03 2018 1 15 20 8 35.96 0.919389 0.675855 0.756019 1
19.966 0.912132 7.53 2.02 2013 6 14 6 31 22.57 0.919389 0.675855 0.756019 1
20.2087 4.72634 8.42 2.02 2015 10 17 7 20 42.55 0.919389 0.675855 0.756019 1
19.6559 4.57612 8.18 2.02 2016 9 6 21 44 57 0.919389 0.675855 0.756019 1
19.6536 4.568 8.11 2.02 2016 9 9 4 11 56.27 0.919389 0.675855 0.756019 1
17.756 1.34112 7.49 2.01 2014 9 8 19 6 42.32 0.919389 0.675855 0.756019 1
19.6754 4.59202 8.09 2.01 2015 5 24 16 28 0.77 0.919389 0.675855 0.756019 1
18.3219 1.31532 7.35 2 2014 9 7 16 7 25.43 0.919389 0.675855 0.756019 1
20.1942 4.70866 8.47 2 2017 9 4 5 24 1.65 0.919389 0.675855 0.756019 1
19.7508 4.32949 8.36 2 2018 3 24 20 49 39.3 0.919389 0.675855 0.756019 1
19.9637 0.882777 7.51 1.99 2013 6 16 11 57 57.65 0.919389 0.675855 0.756019 1
20.0703 4.6087 8.62 1.99 2015 2 10 4 13 3.14 0.919389 0.675855 0.756019 1
19.8493 4.2879 8.06 1.99 2018 8 8 3 2 42.54 0.919389 0.675855 0.756019 1
19.8341 4.29513 8.12 1.99 2018 9 10 18 17 53.92 0.919389 0.675855 0.756019 1
17.6683 1.67682 7.54 1.98 2014 9 8 4 7 53 0.919389 0.675855 0.756019 1
17.8429 1.58175 7.57 1.98 2014 9 17 18 8 14.92 0.919389 0.675855 0.756019 1
18.6791 1.30943 7.64 1.97 2014 9 5 4 38 4.84 0.919389 0.675855 0.756019 1
17.7936 1.61711 7.31 1.97 2014 9 23 9 28 3.58 0.919389 0.675855 0.756019 1
17.6683 1.69261 7.59 1.96 2014 11 25 13 53 3.57 0.919389 0.675855 0.756019 1
17.8871 1.57775 7.31 1.96 2015 7 2 11 7 19.44 0.919389 0.675855 0.756019 1
19.658 4.28612 8.38 1.96 2015 6 18 1 25 30.23 0.919389 0.675855 0.756019 1
18.3675 1.25561 7.35 1.95 2014 9 7 3 48 11.15 0.919389 0.675855 0.756019 1
17.5082 2.81568 7.24 1.95 2013 12 23 9 26 31.91 0.919389 0.675855 0.756019 1
16.322 1.82793 6.87 1.95 2015 10 21 20 40 15.64 0.919389 0.675855 0.756019 1
17.5879 1.71796 7.35 1.94 2014 10 29 17 29 34.6 0.919389 0.675855 0.756019 1
19.721 4.3237 8.38 1.94 2016 3 14 22 32 17.24 0.919389 0.675855 0.756019 1
18.224 1.28041 7.22 1.93 2014 9 9 5 51 58.49 0.919389 0.675855 0.756019 1
20.2507 4.73535 8.63 1.93 2016 7 7 12 55 50.56 0.919389 0.675855 0.756019 1
19.4464 4.18115 8.43 1.93 2018 1 1 4 6 25.71 0.919389 0.675855 0.756019 1
18.9138 4.15802 7.86 1.92 2017 1 16 10 34 28.14 0.919389 0.675855 0.756019 1
19.1978 1.04568 7.82 1.91 2014 11 26 10 12 48.99 0.919389 0.675855 0.756019 1
17.2249 1.70395 7.27 1.91 2015 2 7 15 41 55.83 0.919389 0.675855 0.756019 1
17.8285 1.59265 7.57 1.9 2014 9 18 2 17 18.68 0.919389 0.675855 0.756019 1
20.1877 4.69198 8.58 1.9 2017 1 30 19 55 19.74 0.919389 0.675855 0.756019 1
18.2494 1.35914 7.38 1.89 2014 9 8 6 8 38.18 0.919389 0.675855 0.756019 1
17.8719 1.56818 7.56 1.89 2014 9 17 18 6 54.4 0.919389 0.675855 0.756019 1
19.0045 0.994527 7.27 1.89 2015 10 10 3 0 42.08 0.919389 0.675855 0.756019 1
19.8485 4.4617 8.54 1.89 2014 12 31 14 11 43.27 0.919389 0.675855 0.756019 1
19.7899 4.34361 8.28 1.88 2017 5 23 20 46 2.92 0.919389 0.675855 0.756019 1
19.8334 4.30825 8.16 1.88 2018 7 27 11 26 35.33 0.919389 0.675855 0.756019 1
17.8973 1.46777 7.24 1.87 2014 9 11 10 37 1.98 0.919389 0.675855 0.756019 1
17.7632 1.66047 7.6 1.87 2014 11 25 13 51 41.23 0.919389 0.675855 0.756019 1
19.3645 4.13545 8.45 1.87 2018 11 12 15 0 29.15 0.919389 0.675855 0.756019 1
19.5827 4.23819 8.36 1.86 2018 2 12 0 55 13.53 0.919389 0.675855 0.756019 1
18.0574 1.41484 7.26 1.85 2014 9 9 13 24 57.02 0.919389 0.675855 0.756019 1
17.9031 1.62345 7.64 1.85 2014 9 21 14 54 56.05 0.919389 0.675855 0.756019 1
18.8429 1.17911 7.67 1.85 2015 4 15 4 7 56.57 0.919389 0.675855 0.756019 1
19.8515 4.44491 8.39 1.84 2015 2 24 11 22 0.58 0.919389 0.675855 0.756019 1
19.8145 4.37841 8.32 1.84 2018 12 17 7 52 44.16 0.919389 0.675855 0.756019 1
18.3132 1.38994 7.32 1.83 2014 9 12 11 40 20.54 0.919389 0.675855 0.756019 1
19.7254 4.4458 8.75 1.83 2016 1 13 12 13 15.41 0.919389 0.675855 0.756019 1
19.8812 4.4915 8.53 1.82 2014 12 29 3 12 49.48 0.919389 0.675855 0.756019 1
19.9681 4.47393 8.27 1.81 2018 10 9 23 44 11.62 0.919389 0.675855 0.756019 1
19.7485 4.25765 8.13 1.8 2017 6 22 18 54 9.72 0.919389 0.675855 0.756019 1
19.8718 4.3237 8.43 1.8 2018 12 20 8 31 0.82 0.919389 0.675855 0.756019 1
19.9623 0.923029 7.54 1.79 2014 5 15 13 39 23.4 0.919389 0.675855 0.756019 1
18.6523 1.2565 7.83 1.79 2014 9 2 13 28 29.09 0.919389 0.675855 0.756019 1
18.8414 1.14831 7.79 1.79 2014 9 19 18 58 14.32 0.919389 0.675855 0.756019 1
19.9667 4.56889 8.67 1.79 2015 6 29 9 33 5.65 0.919389 0.675855 0.756019 1
17.8117 1.58998 7.33 1.78 2015 7 2 22 42 21.66 0.919389 0.675855 0.756019 1
19.5594 4.24676 8.38 1.78 2018 2 16 13 26 42.67 0.919389 0.675855 0.756019 1
18.1356 1.46644 7.59 1.77 2014 9 16 8 21 1.77 0.919389 0.675855 0.756019 1
17.9479 1.60121 7.63 1.77 2014 10 12 21 32 9.3 0.919389 0.675855 0.756019 1
18.5806 1.09038 7.75 1.77 2015 3 13 4 27 18.46 0.919389 0.675855 0.756019 1
20.1579 4.68698 8.59 1.77 2015 11 8 12 54 8.27 0.919389 0.675855 0.756019 1
17.7219 1.5972 7.57 1.76 2014 9 10 12 56 0.44 0.919389 0.675855 0.756019 1
17.8255 1.63523 7.61 1.76 2014 9 22 10 0 34.03 0.919389 0.675855 0.756019 1
18.6748 1.14386 7.77 1.76 2015 3 13 5 18 59.66 0.919389 0.675855 0.756019 1
19.8485 4.44135 8.27 1.76 2018 8 8 3 8 43.98 0.919389 0.675855 0.756019 1
17.9024 1.61933 7.62 1.75 2014 11 25 12 22 3.03 0.919389 0.675855 0.756019 1
18.4139 1.25606 7.34 1.75 2014 12 15 8 21 22.62 0.919389 0.675855 0.756019 1
14.854 0.788594 6.18 1.75 2014 5 29 8 19 45.6 0.919389 0.675855 0.756019 1
14.4873 0.839744 6.3 1.75 2014 6 11 18 26 14.88 0.919389 0.675855 0.756019 1
19.7551 4.53764 8.33 1.75 2015 1 26 23 46 22.42 0.919389 0.675855 0.756019 1
20.092 4.63716 8.55 1.75 2015 5 6 3 32 36.51 0.919389 0.675855 0.756019 1
17.8204 1.50447 7.26 1.74 2014 9 11 10 32 26.47 0.919389 0.675855 0.756019 1
18.1363 1.43842 7.53 1.74 2014 9 16 8 17 38.82 0.919389 0.675855 0.756019 1
18.6675 1.30176 7.87 1.74 2015 1 13 12 23 22.38 0.919389 0.675855 0.756019 1
20.0283 4.57389 8.12 1.73 2015 5 25 1 38 22.59 0.919389 0.675855 0.756019 1
19.6543 4.28112 8.43 1.72 2016 11 19 1 13 14.38 0.919389 0.675855 0.756019 1
16.4662 1.84873 7.23 1.71 2015 1 17 8 50 6.22 0.919389 0.675855 0.756019 1
17.9306 1.54016 7.28 1.71 2015 1 26 19 59 32.68 0.919389 0.675855 0.756019 1
17.7763 1.58364 7.54 1.71 2015 7 2 22 39 29.28 0.919389 0.675855 0.756019 1
20.1036 4.54943 8.27 1.71 2016 9 6 11 49 48.4 0.919389 0.675855 0.756019 1
19.6196 4.25076 8.38 1.71 2018 7 10 12 19 21.87 0.919389 0.675855 0.756019 1
20.0131 4.57434 8.6 1.7 2015 2 25 8 34 9.73 0.919389 0.675855 0.756019 1
19.7312 4.57523 8.14 1.7 2015 5 24 14 45 50.67 0.919389 0.675855 0.756019 1
20.1131 4.66296 8.66 1.7 2015 8 5 7 29 31.6 0.919389 0.675855 0.756019 1
20.1456 4.68653 8.67 1.7 2016 9 3 1 43 30.57 0.919389 0.675855 0.756019 1
19.487 4.15802 8.31 1.7 2018 1 15 3 14 59.03 0.919389 0.675855 0.756019 1
19.6478 4.28067 7.98 1.7 2018 7 10 12 20 54.85 0.919389 0.675855 0.756019 1
18.9624 1.07548 7.76 1.69 2014 9 19 16 6 1.74 0.919389 0.675855 0.756019 1
18.3356 1.30621 7.36 1.69 2014 11 25 17 17 40.34 0.919389 0.675855 0.756019 1
14.7822 0.530289 6.13 1.69 2013 11 7 13 33 47.46 0.919389 0.675855 0.756019 1
17.7798 1.5098 7.2 1.68 2014 9 7 10 8 19.01 0.919389 0.675855 0.756019 1
17.8987 1.46466 7.25 1.68 2014 9 8 14 44 49.39 0.919389 0.675855 0.756019 1
18.0632 1.51259 7.62 1.68 2014 9 10 19 33 3.94 0.919389 0.675855 0.756019 1
17.9407 1.58853 7.59 1.68 2014 9 21 14 55 13.66 0.919389 0.675855 0.756019 1
17.7248 1.67504 7.64 1.68 2014 10 13 4 35 18.25 0.919389 0.675855 0.756019 1
18.303 1.28497 7.67 1.68 2014 12 29 13 12 56.07 0.919389 0.675855 0.756019 1
19.6464 4.27656 8.4 1.68 2018 7 10 13 15 26.56 0.919389 0.675855 0.756019 1
17.377 1.63156 7.54 1.67 2014 9 12 22 5 21.08 0.919389 0.675855 0.756019 1
16.5886 2.47398 7.26 1.67 2014 5 11 17 27 44 0.919389 0.675855 0.756019 1
19.9159 4.5273 8.5 1.67 2016 9 3 12 21 26.99 0.919389 0.675855 0.756019 1
17.8241 1.49902 7.25 1.66 2014 9 7 11 42 51.81 0.919389 0.675855 0.756019 1
18.1291 3.22966 7.62 1.66 2014 1 6 5 16 32.53 0.919389 0.675855 0.756019 1
19.766 4.41321 8.61 1.66 2015 1 27 18 45 24.6 0.919389 0.675855 0.756019 1
17.8176 1.50213 7.26 1.65 2014 9 8 11 56 54.12 0.919389 0.675855 0.756019 1
18.298 1.41117 7.35 1.65 2014 9 12 12 33 58.33 0.919389 0.675855 0.756019 1
17.8864 1.61755 7.6 1.65 2014 10 12 15 2 55.33 0.919389 0.675855 0.756019 1
17.8306 1.62611 7.61 1.65 2014 11 25 13 52 12.38 0.919389 0.675855 0.756019 1
19.758 4.54765 8.35 1.65 2015 1 28 13 29 33.41 0.919389 0.675855 0.756019 1
19.7363 4.28923 8.19 1.65 2018 11 9 21 9 36.28 0.919389 0.675855 0.756019 1
17.4632 1.68138 7.53 1.64 2014 9 19 17 2 50 0.919389 0.675855 0.756019 1
17.0959 2.55048 7.45 1.64 2014 2 16 12 53 42.02 0.919389 0.675855 0.756019 1
16.3706 1.61889 6.97 1.64 2014 9 24 11 25 49.17 0.919389 0.675855 0.756019 1
19.7073 4.31147 8.41 1.64 2015 7 21 21 35 21.04 0.919389 0.675855 0.756019 1
19.7399 4.568 8.14 1.64 2016 9 6 20 24 56.26 0.919389 0.675855 0.756019 1
19.7363 4.31637 8.35 1.64 2017 1 5 16 40 49.46 0.919389 0.675855 0.756019 1
19.2327 1.29853 7.88 1.63 2015 2 21 7 11 3.37 0.919389 0.675855 0.756019 1
18.1291 1.42118 7.62 1.63 2015 7 3 1 16 26.22 0.919389 0.675855 0.756019 1
17.3575 2.89029 7.49 1.63 2014 2 13 8 2 7.63 0.919389 0.675855 0.756019 1
17.8038 3.10701 7.59 1.63 2014 4 5 11 4 26.76 0.919389 0.675855 0.756019 1
19.7522 4.5481 8.35 1.63 2015 5 23 14 4 11.94 0.919389 0.675855 0.756019 1
17.9588 1.43519 7.28 1.62 2014 9 9 16 57 59.17 0.919389 0.675855 0.756019 1
20.0051 4.60647 8.69 1.62 2015 6 28 17 43 44.86 0.919389 0.675855 0.756019 1
19.8485 4.56077 8.09 1.62 2016 9 9 3 58 16.85 0.919389 0.675855 0.756019 1
17.8886 1.44787 7.24 1.61 2014 9 7 5 58 4.32 0.919389 0.675855 0.756019 1
17.4951 1.7203 7.57 1.61 2014 9 11 11 32 32.44 0.919389 0.675855 0.756019 1
16.0713 1.68994 7.25 1.61 2014 9 18 4 56 42.48 0.919389 0.675855 0.756019 1
16.6763 2.52835 7.16 1.61 2014 5 11 16 20 56.01 0.919389 0.675855 0.756019 1
14.8359 0.78815 6.1 1.61 2014 5 27 3 28 20.01 0.919389 0.675855 0.756019 1
16.3228 1.9736 6.88 1.61 2015 10 22 17 32 7.48 0.919389 0.675855 0.756019 1
19.4421 4.22007 8.54 1.61 2018 2 23 20 3 40.26 0.919389 0.675855 0.756019 1
17.3886 1.62522 7.48 1.6 2014 9 8 20 18 39.08 0.919389 0.675855 0.756019 1
18.3682 1.4035 7.6 1.6 2014 10 12 4 2 47.85 0.919389 0.675855 0.756019 1
18.8994 1.10305 7.78 1.6 2014 11 26 12 32 41.31 0.919389 0.675855 0.756019 1
18.0755 1.48267 7.57 1.59 2014 9 8 1 59 42.28 0.919389 0.675855 0.756019 1
17.7082 1.5515 7.27 1.59 2014 9 8 12 1 48.47 0.919389 0.675855 0.756019 1
18.9617 1.07147 7.76 1.59 2014 9 12 6 52 41.84 0.919389 0.675855 0.756019 1
17.6052 1.56596 7.5 1.59 2014 9 16 1 32 33.29 0.919389 0.675855 0.756019 1
18.8262 1.12841 7.78 1.59 2014 9 19 19 3 40.76 0.919389 0.675855 0.756019 1
17.8277 1.61711 7.58 1.59 2014 11 29 21 59 36.04 0.919389 0.675855 0.756019 1
16.33 1.64157 6.95 1.59 2014 9 24 8 2 16.38 0.919389 0.675855 0.756019 1
20.1181 4.55032 8.19 1.59 2015 5 25 12 20 17.9 0.919389 0.675855 0.756019 1
19.7167 4.55399 8.14 1.59 2015 6 30 3 29 23.5 0.919389 0.675855 0.756019 1
19.3878 4.08019 8.26 1.59 2018 5 22 1 2 59.3 0.919389 0.675855 0.756019 1
17.9038 1.60943 7.6 1.58 2014 9 25 3 7 3.73 0.919389 0.675855 0.756019 1
18.127 1.54239 7.38 1.58 2014 12 30 10 7 52.34 0.919389 0.675855 0.756019 1
18.1719 1.42752 7.57 1.58 2015 7 3 0 24 44.01 0.919389 0.675855 0.756019 1
17.969 1.4492 7.5 1.57 2014 9 7 5 37 58.43 0.919389 0.675855 0.756019 1
18.5291 1.21214 7.43 1.57 2014 9 16 8 20 34.83 0.919389 0.675855 0.756019 1
17.5226 1.66959 7.56 1.57 2014 9 19 12 7 18.86 0.919389 0.675855 0.756019 1
17.7117 1.67504 7.61 1.57 2014 9 29 20 1 59.72 0.919389 0.675855 0.756019 1
16.5401 2.11526 7.59 1.57 2015 1 10 17 44 10.34 0.919389 0.675855 0.756019 1
16.0713 1.68905 7.24 1.57 2015 11 2 17 11 20.42 0.919389 0.675855 0.756019 1
19.7073 4.43001 8.73 1.57 2016 1 13 14 55 39.34 0.919389 0.675855 0.756019 1
17.5777 1.77456 7.14 1.56 2013 12 17 3 49 12.81 0.919389 0.675855 0.756019 1
18.24 1.42574 7.58 1.56 2014 9 19 15 54 54.09 0.919389 0.675855 0.756019 1
19.0313 1.18767 7.85 1.56 2015 7 2 11 19 28 0.919389 0.675855 0.756019 1
17.4553 2.79255 7.5 1.56 2013 12 16 1 29 9.98 0.919389 0.675855 0.756019 1
17.4176 2.92698 7.5 1.56 2014 2 20 4 45 10.84 0.919389 0.675855 0.756019 1
20.1334 4.66885 8.58 1.56 2015 10 17 5 35 50.57 0.919389 0.675855 0.756019 1
17.3835 1.63112 7.54 1.55 2014 9 29 17 49 2.48 0.919389 0.675855 0.756019 1
18.0813 1.54694 7.63 1.55 2015 7 2 22 50 35.8 0.919389 0.675855 0.756019 1
19.7529 4.53764 8.34 1.55 2015 1 27 2 30 31.04 0.919389 0.675855 0.756019 1
19.8558 4.40054 8.11 1.55 2018 10 28 1 10 8.37 0.919389 0.675855 0.756019 1
20.7942 0.803161 7.58 1.54 2014 1 20 8 41 38.99 0.919389 0.675855 0.756019 1
18.5132 1.20357 7.34 1.54 2014 10 26 12 0 48.63 0.919389 0.675855 0.756019 1
17.3242 2.71115 7.48 1.54 2013 12 19 2 42 59.14 0.919389 0.675855 0.756019 1
14.7866 0.796823 6.09 1.54 2014 5 27 4 8 19.36 0.919389 0.675855 0.756019 1
19.9174 4.58468 8.09 1.54 2015 5 25 2 11 8.93 0.919389 0.675855 0.756019 1
19.9783 4.56033 8.17 1.54 2015 5 25 3 27 1.7 0.919389 0.675855 0.756019 1
19.9312 4.47482 8.32 1.54 2015 7 23 3 27 58.02 0.919389 0.675855 0.756019 1
19.6384 4.34083 8.64 1.54 2015 8 23 22 46 59.86 0.919389 0.675855 0.756019 1
19.9196 4.55944 8.1 1.54 2016 9 9 4 3 55.37 0.919389 0.675855 0.756019 1
16.8183 2.49933 7.22 1.53 2014 4 25 5 7 13.19 0.919389 0.675855 0.756019 1
16.6937 2.49888 7.17 1.53 2014 5 7 20 44 35.1 0.919389 0.675855 0.756019 1
18.8168 1.1194 7.44 1.52 2014 9 10 10 49 5.19 0.919389 0.675855 0.756019 1
17.6632 1.58275 7.28 1.52 2014 9 10 17 8 6.78 0.919389 0.675855 0.756019 1
17.7509 1.63924 7.6 1.52 2014 9 18 7 19 41.36 0.919389 0.675855 0.756019 1
18.4102 1.25917 7.35 1.52 2014 10 26 9 56 31.03 0.919389 0.675855 0.756019 1
18.0211 1.57185 7.61 1.52 2014 11 20 7 34 56.44 0.919389 0.675855 0.756019 1
15.054 0.704531 6.1 1.52 2014 5 29 10 17 59.31 0.919389 0.675855 0.756019 1
19.587 4.23997 8.24 1.52 2018 5 28 6 13 18.39 0.919389 0.675855 0.756019 1
18.9175 1.17322 7.5 1.51 2013 8 21 12 49 40.36 0.919389 0.675855 0.756019 1
18.1943 1.33022 7.34 1.51 2014 9 6 23 25 29.3 0.919389 0.675855 0.756019 1
18.1146 1.40528 7.27 1.51 2014 9 9 17 34 59.24 0.919389 0.675855 0.756019 1
18.219 1.43341 7.58 1.51 2014 9 16 10 15 9.61 0.919389 0.675855 0.756019 1
17.9922 1.59398 7.64 1.51 2015 1 26 20 1 17.72 0.919389 0.675855 0.756019 1
18.2067 1.37092 7.58 1.51 2015 7 3 1 21 34.91 0.919389 0.675855 0.756019 1
19.6986 4.30647 8.38 1.51 2015 6 18 1 23 55.71 0.919389 0.675855 0.756019 1
19.7746 4.37574 8.37 1.51 2015 7 22 14 9 17.89 0.919389 0.675855 0.756019 1
19.2493 4.32048 8.21 1.51 2018 10 10 7 11 38.22 0.919389 0.675855 0.756019 1
19.9464 4.46803 8.27 1.51 2018 10 10 19 24 59.04 0.919389 0.675855 0.756019 1
17.4654 1.68583 7.53 1.5 2014 9 9 16 49 39.21 0.919389 0.675855 0.756019 1
18.6196 1.19768 7.36 1.5 2014 9 16 8 26 58.68 0.919389 0.675855 0.756019 1
18.098 1.54427 7.33 1.5 2015 1 3 1 54 1 0.919389 0.675855 0.756019 1
18.4132 1.12974 7.77 1.5 2019 4 15 2 16 25.97 0.919389 0.675855 0.756019 1
19.766 4.55399 8.2 1.5 2015 1 28 16 36 49.31 0.919389 0.675855 0.756019 1
19.8558 4.46848 8.59 1.5 2015 5 23 10 51 31.42 0.919389 0.675855 0.756019 1
19.6291 4.24498 8.34 1.5 2016 6 18 11 18 34.53 0.919389 0.675855 0.756019 1
20.1203 4.65896 8.72 1.5 2016 11 1 7 50 46.33 0.919389 0.675855 0.756019 1
19.6819 4.32459 8.55 1.5 2018 3 26 0 55 27.22 0.919389 0.675855 0.756019 1
17.835 1.5356 7.52 1.49 2014 9 19 10 54 4 0.919389 0.675855 0.756019 1
17.727 1.62978 7.31 1.49 2014 11 30 18 13 20.5 0.919389 0.675855 0.756019 1
14.7649 0.770581 5.95 1.49 2014 4 5 20 50 32.98 0.919389 0.675855 0.756019 1
19.729 4.56844 8.14 1.49 2015 5 23 16 3 17.36 0.919389 0.675855 0.756019 1
17.5741 1.65647 7.55 1.48 2014 9 17 23 50 54.12 0.919389 0.675855 0.756019 1
21.0253 0.749676 7.64 1.48 2015 3 9 10 1 11.68 0.919389 0.675855 0.756019 1
18.7501 1.14153 7.67 1.48 2018 3 21 19 44 28.16 0.919389 0.675855 0.756019 1
15.7554 1.67504 6.68 1.48 2016 3 5 18 14 7.08 0.919389 0.675855 0.756019 1
19.6153 4.23864 8.29 1.48 2018 2 12 0 58 45.51 0.919389 0.675855 0.756019 1
18.0603 1.45732 7.66 1.47 2014 9 7 21 49 15.54 0.919389 0.675855 0.756019 1
18.0892 3.22599 7.55 1.47 2014 1 6 5 5 38.13 0.919389 0.675855 0.756019 1
19.4812 4.56978 8.3 1.47 2016 9 9 6 46 47.55 0.919389 0.675855 0.756019 1
19.2116 1.02978 7.77 1.46 2014 9 10 22 39 35.16 0.919389 0.675855 0.756019 1
18.6356 1.24105 7.8 1.46 2014 10 26 6 6 5.13 0.919389 0.675855 0.756019 1
16.7488 1.70351 7.2 1.46 2015 8 2 17 10 31.68 0.919389 0.675855 0.756019 1
20.1167 4.66029 8.57 1.46 2015 7 9 16 21 55.09 0.919389 0.675855 0.756019 1
19.9544 4.54898 8.09 1.46 2016 9 9 8 37 31.34 0.919389 0.675855 0.756019 1
18.5588 1.21847 7.78 1.45 2014 9 6 2 57 23.12 0.919389 0.675855 0.756019 1
17.8074 1.49268 7.23 1.45 2014 9 7 7 21 36.49 0.919389 0.675855 0.756019 1
18.2726 1.37048 7.3 1.45 2014 9 8 1 10 3.82 0.919389 0.675855 0.756019 1
17.6364 1.64101 7.27 1.45 2014 9 19 12 10 3.91 0.919389 0.675855 0.756019 1
18.2102 1.48456 7.4 1.45 2015 3 23 19 15 56.98 0.919389 0.675855 0.756019 1
19.4276 4.15891 8.44 1.45 2016 7 8 22 36 7.5 0.919389 0.675855 0.756019 1
19.5682 4.24175 8.33 1.45 2017 7 30 8 57 5.09 0.919389 0.675855 0.756019 1
19.6065 4.26622 8.35 1.45 2017 11 11 7 33 26.23 0.919389 0.675855 0.756019 1
18.6907 1.31443 7.89 1.44 2014 9 2 14 40 44.25 0.919389 0.675855 0.756019 1
17.5321 1.69939 7.28 1.44 2014 10 29 17 17 7.08 0.919389 0.675855 0.756019 1
19.6913 4.55488 8.18 1.44 2015 6 30 3 29 11.34 0.919389 0.675855 0.756019 1
19.6044 4.23819 8.34 1.44 2018 2 9 12 9 23.75 0.919389 0.675855 0.756019 1
17.6401 1.56184 7.25 1.43 2014 9 7 12 19 30.17 0.919389 0.675855 0.756019 1
18.5704 1.24294 7.76 1.43 2014 11 26 5 42 15.59 0.919389 0.675855 0.756019 1
17.9596 3.13103 7.56 1.43 2014 5 6 16 17 26.03 0.919389 0.675855 0.756019 1
15.038 0.704976 6.17 1.43 2014 5 23 0 10 17.41 0.919389 0.675855 0.756019 1
16.251 1.97905 6.89 1.43 2015 10 25 14 40 38.01 0.919389 0.675855 0.756019 1
19.8964 4.57256 8.19 1.43 2016 9 6 13 40 9.19 0.919389 0.675855 0.756019 1
19.2986 4.31914 7.97 1.43 2018 8 8 8 46 1.75 0.919389 0.675855 0.756019 1
17.6799 1.67904 7.59 1.42 2014 10 12 15 7 42.35 0.919389 0.675855 0.756019 1
19.6624 4.56477 8.24 1.42 2015 1 27 5 15 15.65 0.919389 0.675855 0.756019 1
16.4438 2.02019 6.9 1.42 2015 11 1 3 53 0.97 0.919389 0.675855 0.756019 1
19.8377 4.29646 8.14 1.42 2018 9 9 3 44 44.41 0.919389 0.675855 0.756019 1
18.0689 1.36736 7.21 1.41 2014 9 7 2 14 59.04 0.919389 0.675855 0.756019 1
17.919 1.49313 7.53 1.41 2014 9 7 9 56 11.53 0.919389 0.675855 0.756019 1
17.8204 1.54739 7.56 1.41 2015 7 3 17 31 17.52 0.919389 0.675855 0.756019 1
18.098 3.00838 7.58 1.41 2013 11 7 0 36 7.93 0.919389 0.675855 0.756019 1
17.8415 3.00971 7.6 1.41 2014 3 24 23 24 38.76 0.919389 0.675855 0.756019 1
14.4106 0.895453 5.86 1.41 2014 5 28 13 56 19.67 0.919389 0.675855 0.756019 1
14.6134 0.823065 6.21 1.41 2014 6 11 9 30 53.48 0.919389 0.675855 0.756019 1
19.737 4.57834 8.13 1.41 2015 5 25 6 37 9.75 0.919389 0.675855 0.756019 1
18.1197 1.57407 7.65 1.4 2014 9 25 2 52 59.26 0.919389 0.675855 0.756019 1
15.8916 1.70217 7.02 1.4 2016 4 7 3 11 7.55 0.919389 0.675855 0.756019 1
18.306 1.26417 7.23 1.39 2014 9 16 8 39 35.6 0.919389 0.675855 0.756019 1
18.2132 1.32889 7.6 1.39 2014 9 16 12 49 15.26 0.919389 0.675855 0.756019 1
19.8783 1.20079 7.78 1.39 2014 12 9 14 28 1.07 0.919389 0.675855 0.756019 1
16.6807 2.14784 7.22 1.39 2015 1 5 23 50 1.32 0.919389 0.675855 0.756019 1
14.7316 0.787705 5.96 1.39 2014 5 27 19 8 34.74 0.919389 0.675855 0.756019 1
19.987 4.57567 8.53 1.39 2014 12 30 0 15 16.84 0.919389 0.675855 0.756019 1
19.9427 4.54398 8.6 1.39 2015 2 4 15 10 33.01 0.919389 0.675855 0.756019 1
19.4943 4.56978 8.15 1.39 2016 9 9 5 0 31.46 0.919389 0.675855 0.756019 1
19.4247 4.15402 8.32 1.39 2017 1 14 17 58 7.36 0.919389 0.675855 0.756019 1
19.6877 4.29112 8.37 1.39 2018 4 26 1 38 49.85 0.919389 0.675855 0.756019 1
19.3993 4.32548 7.93 1.39 2018 10 10 6 43 54.79 0.919389 0.675855 0.756019 1
19.1754 1.03567 7.82 1.38 2014 9 10 21 58 49.72 0.919389 0.675855 0.756019 1
18.1204 1.33612 7.49 1.38 2014 9 21 11 34 47.67 0.919389 0.675855 0.756019 1
17.5234 1.67048 7.55 1.38 2015 7 2 23 9 49 0.919389 0.675855 0.756019 1
17.877 3.06131 7.6 1.38 2014 3 24 23 7 27.16 0.919389 0.675855 0.756019 1
19.9261 4.56077 8.68 1.38 2015 7 3 22 41 46.22 0.919389 0.675855 0.756019 1
16.372 1.9845 6.88 1.38 2015 10 31 3 16 54.3 0.919389 0.675855 0.756019 1
19.5392 4.22052 8.43 1.38 2015 12 5 7 20 48.19 0.919389 0.675855 0.756019 1
20.1579 4.68386 8.62 1.38 2016 7 7 15 35 39.13 0.919389 0.675855 0.756019 1
18.5226 1.22348 7.41 1.37 2014 9 9 19 11 11.96 0.919389 0.675855 0.756019 1
17.9342 1.49579 7.28 1.37 2014 9 20 7 12 24.97 0.919389 0.675855 0.756019 1
18.845 1.14431 7.76 1.37 2014 11 26 12 46 35.03 0.919389 0.675855 0.756019 1
19.9595 1.00353 7.58 1.37 2015 3 14 8 1 31.83 0.919389 0.675855 0.756019 1
19.1798 1.03156 7.78 1.37 2015 3 30 5 18 54.94 0.919389 0.675855 0.756019 1
17.3835 2.74462 7.48 1.37 2013 12 23 7 26 0.62 0.919389 0.675855 0.756019 1
19.9362 4.54131 8.36 1.37 2015 1 26 20 43 0.26 0.919389 0.675855 0.756019 1
19.6957 4.56344 8.19 1.37 2015 1 28 16 57 0.85 0.919389 0.675855 0.756019 1
19.5399 4.22096 8.44 1.37 2015 9 10 14 35 31.4 0.919389 0.675855 0.756019 1
17.853 1.47822 7.24 1.36 2014 9 7 6 9 26.45 0.919389 0.675855 0.756019 1
17.9074 1.47822 7.49 1.36 2014 9 7 7 38 20.86 0.919389 0.675855 0.756019 1
17.6799 1.60399 7.54 1.36 2014 9 8 4 9 14.89 0.919389 0.675855 0.756019 1
18.2501 1.55195 7.65 1.36 2014 10 16 8 5 15.81 0.919389 0.675855 0.756019 1
18.3631 1.26195 7.33 1.36 2014 10 26 10 35 4.44 0.919389 0.675855 0.756019 1
17.8958 1.61533 7.62 1.36 2014 12 2 5 7 28.86 0.919389 0.675855 0.756019 1
18.1059 1.48312 7.62 1.36 2015 7 3 10 48 41.01 0.919389 0.675855 0.756019 1
17.356 2.72105 7.48 1.36 2013 12 15 16 20 59.66 0.919389 0.675855 0.756019 1
19.7377 4.33816 8.41 1.36 2015 4 18 6 57 8.43 0.919389 0.675855 0.756019 1
20.0609 4.56477 8.33 1.36 2016 9 6 10 58 59.31 0.919389 0.675855 0.756019 1
19.5797 4.25265 8.29 1.36 2018 5 28 6 12 19.67 0.919389 0.675855 0.756019 1
17.8082 1.49624 7.24 1.35 2014 9 7 7 34 55.97 0.919389 0.675855 0.756019 1
17.7741 1.55373 7.3 1.35 2014 9 9 12 52 35.92 0.919389 0.675855 0.756019 1
17.9429 1.59631 7.61 1.35 2014 11 29 21 54 33.72 0.919389 0.675855 0.756019 1
14.8293 0.79004 6.27 1.35 2014 6 1 13 30 8.48 0.919389 0.675855 0.756019 1
19.963 4.57834 8.17 1.35 2015 5 25 1 33 50.82 0.919389 0.675855 0.756019 1
19.5283 4.20562 8.41 1.35 2015 9 10 14 4 15.03 0.919389 0.675855 0.756019 1
20.1022 4.5422 8.26 1.35 2016 9 10 11 5 7.29 0.919389 0.675855 0.756019 1
19.3356 4.06896 8.11 1.35 2019 7 26 8 14 43.58 0.919389 0.675855 0.756019 1
18.1414 1.28452 7.2 1.34 2014 9 7 16 53 57.3 0.919389 0.675855 0.756019 1
18.7327 1.14698 7.77 1.34 2014 9 19 18 57 41.16 0.919389 0.675855 0.756019 1
17.9429 1.57052 7.34 1.34 2014 10 12 14 59 47.01 0.919389 0.675855 0.756019 1
17.8763 1.62934 7.64 1.34 2014 11 25 12 17 34.8 0.919389 0.675855 0.756019 1
18.9153 1.23615 7.89 1.34 2015 7 2 10 47 29.64 0.919389 0.675855 0.756019 1
19.9898 4.61503 8.7 1.34 2015 3 28 10 20 31.55 0.919389 0.675855 0.756019 1
14.8381 1.25561 6.42 1.34 2015 7 13 9 2 7.66 0.919389 0.675855 0.756019 1
19.971 4.57345 8.31 1.34 2016 9 6 11 3 50.36 0.919389 0.675855 0.756019 1
19.4291 4.57789 8.2 1.34 2016 9 9 6 57 17.58 0.919389 0.675855 0.756019 1
19.5769 4.23086 8.37 1.34 2016 11 6 7 55 9.05 0.919389 0.675855 0.756019 1
18.1675 1.39316 7.37 1.33 2014 9 7 20 55 48.44 0.919389 0.675855 0.756019 1
20.0913 4.55621 8.21 1.33 2015 5 25 4 48 38.76 0.919389 0.675855 0.756019 1
19.5885 4.57478 8.21 1.33 2015 6 30 6 57 25.02 0.919389 0.675855 0.756019 1
20.3689 4.79194 8.66 1.33 2016 5 28 9 9 13.31 0.919389 0.675855 0.756019 1
20.1579 4.69698 8.6 1.33 2016 7 29 1 50 45 0.919389 0.675855 0.756019 1
20.7529 0.690409 7.64 1.32 2014 1 23 3 25 55.59 0.919389 0.675855 0.756019 1
18.2379 1.29086 7.31 1.32 2014 9 6 21 35 41.08 0.919389 0.675855 0.756019 1
17.9465 1.57363 7.38 1.32 2014 9 15 16 56 8.62 0.919389 0.675855 0.756019 1
17.8183 1.62934 7.6 1.32 2014 9 26 9 3 16.16 0.919389 0.675855 0.756019 1
18.8023 1.29498 7.89 1.32 2015 7 2 12 39 0.63 0.919389 0.675855 0.756019 1
16.4112 2.18487 6.91 1.32 2014 5 12 9 18 16.91 0.919389 0.675855 0.756019 1
19.7645 4.56122 8.21 1.32 2015 5 25 6 45 20.16 0.919389 0.675855 0.756019 1
19.7174 4.30191 8.04 1.32 2015 8 16 13 52 44.16 0.919389 0.675855 0.756019 1
17.8502 1.50847 7.49 1.31 2014 9 7 7 22 6.74 0.919389 0.675855 0.756019 1
17.6669 1.62567 7.52 1.31 2014 9 9 4 25 48.55 0.919389 0.675855 0.756019 1
18.9008 1.19635 7.53 1.31 2014 9 11 17 45 24.98 0.919389 0.675855 0.756019 1
17.6879 1.64101 7.31 1.31 2014 10 13 4 34 32.33 0.919389 0.675855 0.756019 1
18.7327 1.11895 7.63 1.31 2014 11 26 4 14 31.77 0.919389 0.675855 0.756019 1
17.8537 1.56774 7.6 1.31 2015 7 2 22 38 58.92 0.919389 0.675855 0.756019 1
19.3812 1.38771 7.71 1.31 2016 10 21 19 29 47.76 0.919389 0.675855 0.756019 1
17.4277 2.92243 7.48 1.31 2014 2 13 8 13 36.09 0.919389 0.675855 0.756019 1
14.5055 0.877328 5.88 1.31 2014 4 7 13 24 41.9 0.919389 0.675855 0.756019 1
14.9685 0.728438 6.07 1.31 2014 4 18 0 59 49.54 0.919389 0.675855 0.756019 1
19.6935 4.59557 8.11 1.31 2015 5 24 16 0 20.13 0.919389 0.675855 0.756019 1
19.4189 4.57345 8.24 1.31 2016 9 9 6 51 52.92 0.919389 0.675855 0.756019 1
17.6285 1.71207 7.23 1.3 2013 12 18 0 37 39.27 0.919389 0.675855 0.756019 1
18.227 1.44242 7.66 1.3 2014 9 9 17 55 35.56 0.919389 0.675855 0.756019 1
17.94 1.54061 7.3 1.3 2014 9 18 17 43 51.4 0.919389 0.675855 0.756019 1
18.5429 1.24694 7.77 1.3 2014 12 15 10 23 16.67 0.919389 0.675855 0.756019 1
18.7399 1.15921 7.8 1.3 2015 3 30 2 46 14.39 0.919389 0.675855 0.756019 1
19.6413 4.57934 8.13 1.3 2015 5 24 16 14 18.41 0.919389 0.675855 0.756019 1
19.6421 4.2671 8.41 1.3 2015 9 29 2 57 59.47 0.919389 0.675855 0.756019 1
20.2008 4.72134 8.59 1.3 2016 6 7 23 10 49.3 0.919389 0.675855 0.756019 1
19.4631 4.18204 8.49 1.3 2016 8 2 19 38 51.92 0.919389 0.675855 0.756019 1
19.908 4.56933 8.18 1.3 2016 9 9 3 21 40.58 0.919389 0.675855 0.756019 1
20.084 4.52997 8.18 1.3 2016 9 9 15 5 46.82 0.919389 0.675855 0.756019 1
18.7276 1.2972 7.8 1.29 2014 9 3 0 3 46.64 0.919389 0.675855 0.756019 1
17.8987 1.49313 7.27 1.29 2014 9 8 0 22 48.61 0.919389 0.675855 0.756019 1
17.8857 1.57096 7.29 1.29 2014 9 15 3 41 35.79 0.919389 0.675855 0.756019 1
17.9335 1.49535 7.28 1.29 2014 12 2 12 30 40.76 0.919389 0.675855 0.756019 1
18.5515 1.08815 7.78 1.29 2015 3 13 5 3 54.89 0.919389 0.675855 0.756019 1
16.2879 1.82204 7.2 1.29 2015 3 27 14 38 12.96 0.919389 0.675855 0.756019 1
16.0279 2.16096 6.93 1.29 2016 1 21 18 13 52.2 0.919389 0.675855 0.756019 1
16.3902 1.62611 6.96 1.29 2015 3 25 2 33 51.38 0.919389 0.675855 0.756019 1
19.582 4.273 8.63 1.29 2016 3 6 22 25 18.52 0.919389 0.675855 0.756019 1
19.9993 4.57111 8.32 1.29 2016 9 6 11 3 34.23 0.919389 0.675855 0.756019 1
20.1203 4.64495 8.78 1.29 2016 12 5 7 19 34.32 0.919389 0.675855 0.756019 1
19.7609 4.40832 8.6 1.29 2019 1 20 8 40 45.49 0.919389 0.675855 0.756019 1
18.6226 1.20991 7.44 1.28 2014 9 2 12 53 51.81 0.919389 0.675855 0.756019 1
18.3118 1.2664 7.33 1.28 2014 9 7 0 3 31.32 0.919389 0.675855 0.756019 1
17.6886 1.60621 7.29 1.28 2014 9 18 16 53 37.73 0.919389 0.675855 0.756019 1
14.6598 0.825734 5.92 1.28 2014 5 27 19 7 9.36 0.919389 0.675855 0.756019 1
14.4192 0.840634 6.26 1.28 2014 6 17 17 57 50.06 0.919389 0.675855 0.756019 1
17.5872 2.62743 7.5 1.28 2014 8 26 7 26 3.36 0.919389 0.675855 0.756019 1
19.6377 4.26444 8.43 1.28 2016 4 23 5 19 37.87 0.919389 0.675855 0.756019 1
20.1602 4.52185 8.19 1.28 2016 9 10 22 8 11.32 0.919389 0.675855 0.756019 1
19.4913 4.17982 8.21 1.28 2017 5 4 4 7 49.84 0.919389 0.675855 0.756019 1
19.8065 4.28834 8.16 1.28 2018 8 8 3 5 58.75 0.919389 0.675855 0.756019 1
17.7856 1.26729 7.46 1.27 2014 10 28 16 51 39.89 0.919389 0.675855 0.756019 1
18.1045 1.52837 7.47 1.27 2014 11 21 0 3 49.08 0.919389 0.675855 0.756019 1
18.8008 1.1691 7.61 1.27 2014 12 9 16 6 40.53 0.919389 0.675855 0.756019 1
18.8168 1.17099 7.7 1.27 2015 1 30 1 38 37.23 0.919389 0.675855 0.756019 1
18.9168 1.14197 7.84 1.27 2015 3 30 3 44 1.72 0.919389 0.675855 0.756019 1
19.724 4.33271 8.45 1.27 2015 3 6 3 24 31.75 0.919389 0.675855 0.756019 1
16.2778 1.98361 6.89 1.27 2015 5 26 2 11 24.38 0.919389 0.675855 0.756019 1
20.1297 4.52686 8.18 1.27 2016 9 6 14 57 17.82 0.919389 0.675855 0.756019 1
19.7174 0.888225 7.96 1.26 2014 7 12 3 47 1.41 0.919389 0.675855 0.756019 1
17.9342 1.50169 7.31 1.26 2014 9 9 17 59 50.82 0.919389 0.675855 0.756019 1
18.2668 1.39583 7.39 1.26 2014 9 16 8 58 56.12 0.919389 0.675855 0.756019 1
17.8596 1.53927 7.3 1.26 2014 9 18 3 24 23.62 0.919389 0.675855 0.756019 1
17.7299 1.6578 7.6 1.26 2014 9 30 9 57 12.91 0.919389 0.675855 0.756019 1
18.9718 1.09182 7.79 1.26 2014 11 26 12 36 3.46 0.919389 0.675855 0.756019 1
17.9234 1.5723 7.34 1.26 2014 12 5 3 17 13.95 0.919389 0.675855 0.756019 1
18.1603 3.08032 7.67 1.26 2013 11 6 10 47 20.04 0.919389 0.675855 0.756019 1
17.335 2.8745 7.5 1.26 2014 2 11 22 39 45.56 0.919389 0.675855 0.756019 1
19.5841 4.26755 8.54 1.26 2016 11 19 0 7 38.11 0.919389 0.675855 0.756019 1
17.7487 1.51659 7.25 1.25 2014 9 8 1 55 16.49 0.919389 0.675855 0.756019 1
17.9001 1.50347 7.29 1.25 2014 9 10 13 4 49.08 0.919389 0.675855 0.756019 1
17.4951 1.6985 7.54 1.25 2014 9 11 12 44 56.26 0.919389 0.675855 0.756019 1
18.1248 1.57686 7.66 1.25 2015 7 2 6 51 41.7 0.919389 0.675855 0.756019 1
15.025 0.687741 6.09 1.25 2014 5 16 4 17 1.21 0.919389 0.675855 0.756019 1
20.0725 4.63583 8.54 1.25 2015 3 21 7 24 57.85 0.919389 0.675855 0.756019 1
19.8841 4.51863 8.62 1.25 2015 3 28 10 27 31.01 0.919389 0.675855 0.756019 1
20.1891 4.70099 8.63 1.25 2016 2 12 22 53 7.24 0.919389 0.675855 0.756019 1
19.7754 4.54676 8.04 1.25 2016 9 9 4 54 43.81 0.919389 0.675855 0.756019 1
17.6385 1.56329 7.25 1.24 2014 9 9 4 45 42.47 0.919389 0.675855 0.756019 1
18.3654 1.4144 7.67 1.24 2015 3 28 6 42 24.92 0.919389 0.675855 0.756019 1
17.2828 1.78268 7.55 1.24 2015 7 30 15 25 57.98 0.919389 0.675855 0.756019 1
18.0277 3.02739 7.59 1.24 2013 11 6 11 2 56.62 0.919389 0.675855 0.756019 1
19.6384 4.25532 8.34 1.24 2016 4 30 1 27 43.02 0.919389 0.675855 0.756019 1
16.3184 2.34232 6.76 1.24 2016 5 20 14 49 56.11 0.919389 0.675855 0.756019 1
19.4225 4.0744 8.17 1.24 2019 3 16 11 51 26.85 0.919389 0.675855 0.756019 1
17.8161 1.53115 7.29 1.23 2014 9 8 5 0 26.47 0.919389 0.675855 0.756019 1
17.898 1.50402 7.28 1.23 2014 10 13 17 30 6.64 0.919389 0.675855 0.756019 1
18.8189 1.1909 7.79 1.23 2014 10 26 6 4 13.31 0.919389 0.675855 0.756019 1
18.6175 1.19679 7.38 1.23 2015 1 13 14 18 44.1 0.919389 0.675855 0.756019 1
17.6748 1.76455 7.55 1.23 2015 1 22 20 50 17.54 0.919389 0.675855 0.756019 1
18.1371 3.31383 7.63 1.23 2014 1 4 6 35 1.8 0.919389 0.675855 0.756019 1
19.9152 4.45669 8.33 1.23 2015 2 12 3 29 15.84 0.919389 0.675855 0.756019 1
19.7312 4.33093 8.43 1.23 2015 3 7 14 11 0.2 0.919389 0.675855 0.756019 1
19.7123 4.31781 8.45 1.23 2015 4 8 16 17 42.99 0.919389 0.675855 0.756019 1
19.6501 4.26933 8.4 1.23 2016 8 18 7 2 14.74 0.919389 0.675855 0.756019 1
18.2356 1.30443 7.34 1.22 2014 9 9 5 53 23.47 0.919389 0.675855 0.756019 1
18.0153 1.4452 7.26 1.22 2014 9 9 18 0 21.68 0.919389 0.675855 0.756019 1
18.0306 1.49446 7.59 1.22 2014 9 16 7 14 20.29 0.919389 0.675855 0.756019 1
18.0218 1.55651 7.55 1.22 2014 9 18 6 51 21.58 0.919389 0.675855 0.756019 1
17.7255 1.57819 7.28 1.22 2014 9 19 10 57 24.64 0.919389 0.675855 0.756019 1
19.1971 1.00353 7.82 1.22 2014 9 19 15 41 59.69 0.919389 0.675855 0.756019 1
18.3965 1.26595 7.6 1.22 2015 7 3 3 37 13.86 0.919389 0.675855 0.756019 1
18.903 1.1999 7.52 1.21 2013 8 21 8 29 20.3 0.919389 0.675855 0.756019 1
18.2929 1.29676 7.35 1.21 2014 9 8 9 26 47.77 0.919389 0.675855 0.756019 1
17.8139 1.52704 7.28 1.21 2014 9 11 11 7 13.65 0.919389 0.675855 0.756019 1
18.3233 1.55284 7.63 1.21 2014 9 11 22 8 1.16 0.919389 0.675855 0.756019 1
19.171 1.07459 7.84 1.21 2014 9 12 7 28 15.65 0.919389 0.675855 0.756019 1
17.8147 1.49579 7.23 1.21 2014 9 16 3 56 7.6 0.919389 0.675855 0.756019 1
17.5611 1.63701 7.54 1.21 2014 9 19 10 58 25.98 0.919389 0.675855 0.756019 1
17.6031 1.67137 7.29 1.21 2014 10 15 5 47 0.19 0.919389 0.675855 0.756019 1
17.9038 1.61755 7.66 1.21 2014 11 17 7 57 40.72 0.919389 0.675855 0.756019 1
17.6002 1.66959 7.28 1.21 2014 11 29 23 44 52.4 0.919389 0.675855 0.756019 1
19.1906 1.00086 7.83 1.21 2015 10 10 4 10 35.69 0.919389 0.675855 0.756019 1
14.6504 0.827513 5.9 1.21 2014 4 5 23 14 52.14 0.919389 0.675855 0.756019 1
16.7082 2.53869 7.16 1.21 2014 5 8 5 4 27.4 0.919389 0.675855 0.756019 1
20.1964 4.71366 8.58 1.21 2016 4 7 9 43 52.11 0.919389 0.675855 0.756019 1
19.945 4.57523 8.3 1.21 2016 9 6 11 9 45.03 0.919389 0.675855 0.756019 1
19.5667 4.22507 8.21 1.21 2017 4 12 7 3 3.25 0.919389 0.675855 0.756019 1
18.3784 1.33567 7.81 1.2 2014 9 9 7 22 43.83 0.919389 0.675855 0.756019 1
19.1703 0.942488 7.49 1.2 2014 9 10 19 58 16.1 0.919389 0.675855 0.756019 1
18.0421 1.52971 7.33 1.2 2014 9 14 2 47 38.03 0.919389 0.675855 0.756019 1
18.103 1.53516 7.42 1.2 2014 9 27 20 7 21.4 0.919389 0.675855 0.756019 1
17.9502 1.62156 7.65 1.2 2014 10 5 9 2 21.95 0.919389 0.675855 0.756019 1
17.9813 1.54828 7.31 1.2 2014 11 20 7 33 38.29 0.919389 0.675855 0.756019 1
17.9096 1.54561 7.58 1.2 2014 12 2 12 30 55.1 0.919389 0.675855 0.756019 1
16.5648 2.06867 7.51 1.2 2014 12 7 0 7 59.58 0.919389 0.675855 0.756019 1
19.4037 1.39127 7.74 1.2 2016 10 21 6 8 12.67 0.919389 0.675855 0.756019 1
18.0857 3.1943 7.52 1.2 2014 1 3 10 17 44.24 0.919389 0.675855 0.756019 1
20.0276 4.56344 8.29 1.2 2016 9 6 11 5 49.9 0.919389 0.675855 0.756019 1
18.4255 1.24427 7.36 1.19 2014 9 7 3 30 37.21 0.919389 0.675855 0.756019 1
17.6371 1.66092 7.29 1.19 2014 10 23 21 20 53.44 0.919389 0.675855 0.756019 1
18.0421 1.54105 7.34 1.19 2014 12 7 5 45 2.58 0.919389 0.675855 0.756019 1
18.7537 1.12029 7.5 1.19 2015 3 30 2 34 31.49 0.919389 0.675855 0.756019 1
17.6328 3.03595 7.49 1.19 2014 5 14 20 42 6.72 0.919389 0.675855 0.756019 1
19.4334 4.59924 8.17 1.19 2015 5 24 12 18 56.09 0.919389 0.675855 0.756019 1
20.0797 4.56522 8.25 1.19 2015 5 25 1 39 36.43 0.919389 0.675855 0.756019 1
20.2057 4.70421 8.55 1.19 2015 6 7 11 2 30.48 0.919389 0.675855 0.756019 1
19.587 4.2422 8.39 1.19 2015 9 26 15 44 31.19 0.919389 0.675855 0.756019 1
19.6275 4.25532 8.33 1.19 2015 12 19 1 54 23.32 0.919389 0.675855 0.756019 1
18.0494 1.41662 7.35 1.18 2014 9 7 4 59 17.77 0.919389 0.675855 0.756019 1
18.2349 1.29353 7.34 1.18 2014 9 7 10 33 0.06 0.919389 0.675855 0.756019 1
17.9451 1.54105 7.59 1.18 2014 9 8 0 23 4.21 0.919389 0.675855 0.756019 1
17.493 1.69172 7.47 1.18 2014 9 9 11 6 8.22 0.919389 0.675855 0.756019 1
19.0283 1.19001 7.86 1.18 2014 9 11 17 38 6.58 0.919389 0.675855 0.756019 1
17.6466 1.56907 7.26 1.18 2014 9 19 10 58 11.99 0.919389 0.675855 0.756019 1
17.6639 1.63156 7.28 1.18 2014 10 21 12 46 0.76 0.919389 0.675855 0.756019 1
17.9414 1.65013 7.79 1.18 2014 11 17 8 3 49.28 0.919389 0.675855 0.756019 1
17.9161 1.59176 7.36 1.18 2014 11 25 12 19 39.59 0.919389 0.675855 0.756019 1
16.5669 1.94469 7.21 1.18 2015 1 8 12 18 57.21 0.919389 0.675855 0.756019 1
14.8185 0.769691 6.04 1.18 2014 5 27 11 5 2.11 0.919389 0.675855 0.756019 1
19.6653 4.56344 8.2 1.18 2015 5 25 6 17 21.27 0.919389 0.675855 0.756019 1
18.1262 1.41707 7.56 1.17 2014 9 7 3 31 18.06 0.919389 0.675855 0.756019 1
18.185 1.39494 7.37 1.17 2014 9 7 16 23 57.26 0.919389 0.675855 0.756019 1
17.3813 1.62567 7.32 1.17 2014 9 10 21 0 21.02 0.919389 0.675855 0.756019 1
17.6371 1.56329 7.25 1.17 2014 9 11 10 6 11.87 0.919389 0.675855 0.756019 1
18.0074 1.52437 7.62 1.17 2014 9 11 11 56 22.19 0.919389 0.675855 0.756019 1
17.7936 1.55284 7.29 1.17 2014 9 17 12 47 21.29 0.919389 0.675855 0.756019 1
17.7712 1.54917 7.28 1.17 2014 9 17 22 56 57.62 0.919389 0.675855 0.756019 1
17.6604 1.66915 7.58 1.17 2014 9 19 0 30 46.66 0.919389 0.675855 0.756019 1
17.4988 1.69761 7.55 1.17 2014 9 19 12 26 27.68 0.919389 0.675855 0.756019 1
19.1747 1.02121 7.74 1.17 2014 9 19 19 45 43.54 0.919389 0.675855 0.756019 1
17.8458 1.51892 7.28 1.17 2014 9 21 6 12 25.27 0.919389 0.675855 0.756019 1
18.0835 1.52248 7.56 1.17 2014 9 22 17 29 17.88 0.919389 0.675855 0.756019 1
17.4452 1.44465 7.53 1.17 2014 9 23 17 20 46.28 0.919389 0.675855 0.756019 1
18.669 1.29453 7.86 1.17 2014 10 26 2 54 2.56 0.919389 0.675855 0.756019 1
20.4543 0.826178 7.64 1.17 2015 1 2 12 0 48.03 0.919389 0.675855 0.756019 1
18.3204 1.45465 7.67 1.17 2015 7 2 8 0 45.57 0.919389 0.675855 0.756019 1
16.714 1.70484 7.22 1.17 2015 8 9 23 34 35.38 0.919389 0.675855 0.756019 1
17.5299 2.87984 7.51 1.17 2013 12 26 7 25 9 0.919389 0.675855 0.756019 1
14.8127 0.79093 6.29 1.17 2014 6 5 12 1 54.16 0.919389 0.675855 0.756019 1
14.9359 0.732997 6.06 1.17 2014 8 6 23 52 12.44 0.919389 0.675855 0.756019 1
19.6993 4.54632 8.31 1.17 2015 1 27 0 58 14.55 0.919389 0.675855 0.756019 1
19.7152 0.952385 7.54 1.16 2014 2 5 3 51 32.52 0.919389 0.675855 0.756019 1
19.7609 0.849752 7.93 1.16 2014 8 17 18 8 36.3 0.919389 0.675855 0.756019 1
18.237 1.33022 7.6 1.16 2014 9 6 22 13 16.16 0.919389 0.675855 0.756019 1
17.5611 1.63067 7.3 1.16 2014 9 10 13 42 40.28 0.919389 0.675855 0.756019 1
17.6523 1.6478 7.32 1.16 2014 10 31 11 58 52.48 0.919389 0.675855 0.756019 1
18.4704 1.35825 7.4 1.16 2014 11 25 22 16 43.76 0.919389 0.675855 0.756019 1
17.7733 1.66281 7.63 1.16 2014 12 5 3 16 0.58 0.919389 0.675855 0.756019 1
18.2125 1.45009 7.68 1.16 2015 7 3 0 34 34.21 0.919389 0.675855 0.756019 1
18.9436 1.32522 7.3 1.16 2016 10 26 9 29 46.77 0.919389 0.675855 0.756019 1
17.2545 2.79711 7.48 1.16 2014 2 11 13 20 1.53 0.919389 0.675855 0.756019 1
17.2582 2.80111 7.48 1.16 2014 2 13 9 2 36.06 0.919389 0.675855 0.756019 1
14.6279 0.846082 5.92 1.16 2014 5 27 19 1 24.06 0.919389 0.675855 0.756019 1
19.8979 4.53364 8.37 1.16 2015 1 27 1 13 33.12 0.919389 0.675855 0.756019 1
19.6007 4.23953 8.42 1.16 2015 1 27 2 39 54.43 0.919389 0.675855 0.756019 1
19.5892 4.57523 8.21 1.16 2015 5 24 12 22 26.91 0.919389 0.675855 0.756019 1
19.742 4.56622 8.17 1.16 2015 5 25 6 31 48.58 0.919389 0.675855 0.756019 1
18.032 1.47144 7.3 1.15 2014 9 8 1 26 53.99 0.919389 0.675855 0.756019 1
18.2704 1.38682 7.4 1.15 2014 9 9 15 0 25.96 0.919389 0.675855 0.756019 1
18.8204 1.12296 7.78 1.15 2014 9 10 10 35 52.12 0.919389 0.675855 0.756019 1
17.9248 1.54828 7.32 1.15 2014 9 14 13 31 28.64 0.919389 0.675855 0.756019 1
18.3748 1.23971 7.32 1.15 2014 9 16 8 24 53.47 0.919389 0.675855 0.756019 1
17.5741 1.67993 7.28 1.15 2014 10 15 10 2 32.22 0.919389 0.675855 0.756019 1
18.1132 1.53382 7.33 1.15 2014 11 24 11 3 28.08 0.919389 0.675855 0.756019 1
18.8364 1.16821 7.57 1.15 2015 2 1 16 43 49.05 0.919389 0.675855 0.756019 1
19.7145 4.32092 8.43 1.15 2015 3 15 3 31 56.54 0.919389 0.675855 0.756019 1
16.3271 1.61889 6.95 1.15 2015 3 25 2 39 13.34 0.919389 0.675855 0.756019 1
20.2667 4.75303 8.68 1.15 2015 12 6 20 37 41.88 0.919389 0.675855 0.756019 1
20.1978 4.72045 8.58 1.15 2016 6 21 23 5 5.76 0.919389 0.675855 0.756019 1
21.6253 0.480473 7.55 1.14 2013 8 22 15 15 31.44 0.919389 0.675855 0.756019 1
18.1958 1.26006 7.33 1.14 2013 11 23 4 39 51.7 0.919389 0.675855 0.756019 1
19.2733 0.860538 7.71 1.14 2014 2 4 3 40 37.97 0.919389 0.675855 0.756019 1
17.8465 1.51525 7.51 1.14 2014 9 7 7 16 12.95 0.919389 0.675855 0.756019 1
17.835 1.53071 7.51 1.14 2014 9 16 3 50 23.52 0.919389 0.675855 0.756019 1
18.0052 1.52159 7.58 1.14 2014 9 19 4 48 25.15 0.919389 0.675855 0.756019 1
19.7087 0.938819 7.73 1.14 2014 11 20 11 53 30.14 0.919389 0.675855 0.756019 1
18.6095 1.29131 7.89 1.14 2015 1 13 12 53 10.75 0.919389 0.675855 0.756019 1
20.9108 0.59 7.57 1.14 2015 3 10 17 48 26.02 0.919389 0.675855 0.756019 1
16.7061 1.67771 7.2 1.14 2015 8 2 20 44 29.04 0.919389 0.675855 0.756019 1
14.9185 0.737556 6.01 1.14 2014 4 18 5 58 6.39 0.919389 0.675855 0.756019 1
15.0503 0.744784 6.18 1.14 2014 5 24 1 52 44.47 0.919389 0.675855 0.756019 1
17.3161 2.84681 7.48 1.14 2014 5 28 9 46 41.9 0.919389 0.675855 0.756019 1
14.6417 0.825734 6.09 1.14 2014 5 29 9 7 50.43 0.919389 0.675855 0.756019 1
19.6225 4.29835 8.52 1.14 2015 3 25 19 30 5.64 0.919389 0.675855 0.756019 1
19.6718 4.3028 8.46 1.14 2015 4 27 9 3 5.28 0.919389 0.675855 0.756019 1
19.5682 4.58468 8.11 1.14 2015 5 24 20 33 20.98 0.919389 0.675855 0.756019 1
19.9732 4.57834 8.18 1.14 2015 5 25 12 32 22.1 0.919389 0.675855 0.756019 1
19.6725 4.3038 8.48 1.14 2016 11 19 1 11 12.56 0.919389 0.675855 0.756019 1
18.0284 1.53927 7.61 1.13 2014 9 13 5 34 23.52 0.919389 0.675855 0.756019 1
18.5473 1.20491 7.67 1.13 2014 9 16 23 44 46.64 0.919389 0.675855 0.756019 1
17.677 1.67949 7.6 1.13 2014 9 26 16 41 0.52 0.919389 0.675855 0.756019 1
17.7277 1.63201 7.3 1.13 2014 9 26 16 49 46.5 0.919389 0.675855 0.756019 1
18.9385 1.15242 7.81 1.13 2014 11 26 6 56 21.71 0.919389 0.675855 0.756019 1
16.7908 1.81437 7 1.13 2015 3 9 11 47 59.15 0.919389 0.675855 0.756019 1
19.0001 1.1293 7.81 1.13 2015 3 30 3 44 36.32 0.919389 0.675855 0.756019 1
18.3661 3.44226 7.56 1.13 2014 2 21 1 39 51.71 0.919389 0.675855 0.756019 1
20.1246 4.54854 8.23 1.13 2015 5 25 4 25 13.96 0.919389 0.675855 0.756019 1
18.3654 1.38905 7.42 1.12 2014 9 12 23 9 56.8 0.919389 0.675855 0.756019 1
18.3501 1.38182 7.39 1.12 2014 9 16 9 4 24.48 0.919389 0.675855 0.756019 1
18.5711 1.25739 7.8 1.12 2014 9 20 0 24 48.99 0.919389 0.675855 0.756019 1
18.1972 1.32433 7.46 1.12 2014 10 26 12 43 4.89 0.919389 0.675855 0.756019 1
18.903 1.2058 7.55 1.12 2014 11 4 16 5 40.72 0.919389 0.675855 0.756019 1
17.9234 1.60165 7.62 1.12 2015 1 26 20 1 57.66 0.919389 0.675855 0.756019 1
18.2016 1.45198 7.64 1.12 2015 7 3 0 28 32.77 0.919389 0.675855 0.756019 1
17.4704 1.66592 7.48 1.12 2015 7 3 22 0 52.16 0.919389 0.675855 0.756019 1
19.1798 1.33245 7.52 1.12 2016 10 20 14 33 50.77 0.919389 0.675855 0.756019 1
17.5436 2.85048 7.44 1.12 2014 4 22 21 21 3.44 0.919389 0.675855 0.756019 1
20.0623 4.63316 8.54 1.12 2015 2 9 9 13 34.36 0.919389 0.675855 0.756019 1
20.0847 4.63761 8.56 1.12 2015 3 25 3 40 39.85 0.919389 0.675855 0.756019 1
19.9877 4.56933 8.64 1.12 2015 4 14 20 59 47.4 0.919389 0.675855 0.756019 1
19.929 4.47615 8.31 1.12 2015 4 20 9 58 23.13 0.919389 0.675855 0.756019 1
20.0928 4.53175 8.18 1.12 2015 5 25 11 29 57.67 0.919389 0.675855 0.756019 1
18.0059 1.43063 7.26 1.11 2014 9 7 10 5 45.02 0.919389 0.675855 0.756019 1
17.7741 1.54427 7.29 1.11 2014 9 8 5 26 4.03 0.919389 0.675855 0.756019 1
17.6937 1.60121 7.3 1.11 2014 9 13 21 39 31.24 0.919389 0.675855 0.756019 1
18.0393 1.53115 7.31 1.11 2014 9 20 23 51 25.22 0.919389 0.675855 0.756019 1
17.7763 1.6945 7.72 1.11 2014 9 24 14 26 31.83 0.919389 0.675855 0.756019 1
18.2335 1.30532 7.31 1.11 2014 10 26 12 24 35.06 0.919389 0.675855 0.756019 1
18.9399 1.04468 7.55 1.11 2014 11 26 10 59 33.18 0.919389 0.675855 0.756019 1
19.0443 1.11895 7.83 1.11 2015 1 13 14 27 57.48 0.919389 0.675855 0.756019 1
18.4762 1.3538 7.58 1.11 2015 3 28 6 12 8.73 0.919389 0.675855 0.756019 1
19.1573 1.32033 7.73 1.11 2016 10 20 14 32 8.45 0.919389 0.675855 0.756019 1
17.5987 2.62565 7.5 1.11 2013 12 18 23 11 42 0.919389 0.675855 0.756019 1
14.8032 0.780032 6.03 1.11 2014 4 12 5 41 44.95 0.919389 0.675855 0.756019 1
14.6765 0.829848 6 1.11 2014 4 18 19 27 29.48 0.919389 0.675855 0.756019 1
17.5553 2.85993 7.44 1.11 2014 4 23 18 31 25.04 0.919389 0.675855 0.756019 1
16.664 2.4971 7.15 1.11 2014 5 8 15 6 58.15 0.919389 0.675855 0.756019 1
19.5964 4.55488 8.25 1.11 2015 1 27 0 35 58.89 0.919389 0.675855 0.756019 1
19.4472 4.59202 8.23 1.11 2015 5 24 12 15 30.09 0.919389 0.675855 0.756019 1
19.5022 4.59013 8.18 1.11 2015 5 24 19 24 30.7 0.919389 0.675855 0.756019 1
20.1384 4.53453 8.22 1.11 2015 5 25 6 41 45.74 0.919389 0.675855 0.756019 1
19.7377 4.33093 8.31 1.11 2018 7 27 10 56 23.02 0.919389 0.675855 0.756019 1
21.6071 0.466018 7.55 1.1 2013 8 22 17 2 17.88 0.919389 0.675855 0.756019 1
17.6661 1.77089 7.53 1.1 2013 12 13 19 12 19.5 0.919389 0.675855 0.756019 1
18.9059 1.22526 7.88 1.1 2014 9 11 21 7 10.96 0.919389 0.675855 0.756019 1
18.1647 1.30309 7.2 1.1 2014 9 12 11 43 53.57 0.919389 0.675855 0.756019 1
17.7625 1.61577 7.57 1.1 2014 9 18 5 5 32.58 0.919389 0.675855 0.756019 1
17.7929 1.60943 7.31 1.1 2014 9 22 13 29 55.48 0.919389 0.675855 0.756019 1
17.8748 1.62789 7.62 1.1 2014 9 25 3 6 47.81 0.919389 0.675855 0.756019 1
18.8436 1.18367 7.68 1.1 2015 2 17 5 50 32.34 0.919389 0.675855 0.756019 1
18.8609 1.1234 7.89 1.1 2016 5 6 3 3 0.3 0.919389 0.675855 0.756019 1
17.5074 2.81968 7.48 1.1 2013 12 16 9 58 38.77 0.919389 0.675855 0.756019 1
14.9794 0.779588 6.17 1.1 2014 5 25 20 57 51.72 0.919389 0.675855 0.756019 1
14.7822 0.795377 6.1 1.1 2014 5 26 13 25 16.7 0.919389 0.675855 0.756019 1
14.6822 0.824844 6.02 1.1 2014 5 27 10 7 46.73 0.919389 0.675855 0.756019 1
14.5113 0.837075 6.28 1.1 2014 6 5 2 46 50.51 0.919389 0.675855 0.756019 1
19.4841 4.5988 8.2 1.1 2015 5 24 12 15 47.92 0.919389 0.675855 0.756019 1
18.4559 1.28775 7.68 1.09 2014 9 7 4 22 38.03 0.919389 0.675855 0.756019 1
18.2421 1.32255 7.61 1.09 2014 9 7 10 34 55.17 0.919389 0.675855 0.756019 1
17.9509 1.58364 7.62 1.09 2014 9 14 13 33 11.12 0.919389 0.675855 0.756019 1
17.8255 1.5664 7.55 1.09 2014 9 17 18 13 5.52 0.919389 0.675855 0.756019 1
18.1958 1.21892 7.52 1.09 2014 9 23 7 43 4.31 0.919389 0.675855 0.756019 1
17.6611 1.7859 7.54 1.09 2014 9 29 19 30 20.02 0.919389 0.675855 0.756019 1
18.845 1.23615 7.71 1.09 2015 1 6 21 50 25.64 0.919389 0.675855 0.756019 1
17.1219 2.05955 7.23 1.09 2015 3 28 4 47 5.52 0.919389 0.675855 0.756019 1
18.8073 1.12485 7.51 1.09 2015 3 30 2 44 7.85 0.919389 0.675855 0.756019 1
18.6566 1.26095 7.82 1.09 2015 7 2 10 46 50.28 0.919389 0.675855 0.756019 1
18.824 1.20446 7.81 1.09 2015 7 2 10 47 54.9 0.919389 0.675855 0.756019 1
18.1719 1.35013 7.54 1.09 2015 7 3 4 58 43.85 0.919389 0.675855 0.756019 1
19.129 1.34924 7.37 1.09 2016 10 26 8 46 22.8 0.919389 0.675855 0.756019 1
17.5907 3.00382 7.51 1.09 2014 5 14 23 44 18.36 0.919389 0.675855 0.756019 1
14.7649 0.803161 6.09 1.09 2014 6 1 6 12 41.9 0.919389 0.675855 0.756019 1
17.5147 2.61152 7.48 1.09 2014 8 26 7 32 55.49 0.919389 0.675855 0.756019 1
16.6038 1.83738 6.93 1.09 2015 1 17 10 24 56.67 0.919389 0.675855 0.756019 1
19.6624 4.55755 8.22 1.09 2015 1 28 14 51 11.13 0.919389 0.675855 0.756019 1
19.9653 4.59557 8.54 1.09 2015 5 24 21 40 0.1 0.919389 0.675855 0.756019 1
18.5168 1.21436 7.36 1.08 2014 9 6 4 35 1.2 0.919389 0.675855 0.756019 1
19.1978 1.0737 7.49 1.08 2014 9 11 19 47 53.8 0.919389 0.675855 0.756019 1
19.6884 0.992748 7.57 1.08 2014 9 14 13 50 55.43 0.919389 0.675855 0.756019 1
19.5834 0.968285 7.92 1.08 2014 11 28 5 53 9.63 0.919389 0.675855 0.756019 1
18.1045 1.51259 7.32 1.08 2014 12 7 5 41 15.13 0.919389 0.675855 0.756019 1
18.411 1.31799 7.66 1.08 2014 12 15 6 39 23.97 0.919389 0.675855 0.756019 1
16.985 1.98405 7.27 1.08 2015 3 27 23 31 20.96 0.919389 0.675855 0.756019 1
18.4465 1.24472 7.35 1.08 2015 7 3 2 51 29.03 0.919389 0.675855 0.756019 1
17.4314 2.77131 7.48 1.08 2013 12 21 9 22 49.46 0.919389 0.675855 0.756019 1
17.5436 2.78755 7.52 1.08 2014 2 16 4 13 20.53 0.919389 0.675855 0.756019 1
19.7406 4.43089 8.62 1.08 2015 3 12 7 29 21.48 0.919389 0.675855 0.756019 1
16.2699 1.99395 6.91 1.08 2015 5 9 1 5 28.69 0.919389 0.675855 0.756019 1
20.1131 4.53853 8.24 1.08 2016 9 6 12 31 26.75 0.919389 0.675855 0.756019 1
18.9443 1.16232 7.83 1.07 2014 9 11 19 19 0.02 0.919389 0.675855 0.756019 1
19.3341 0.858758 7.46 1.07 2014 9 12 3 22 58.16 0.919389 0.675855 0.756019 1
18.3516 1.29987 7.36 1.07 2014 9 20 3 45 14.9 0.919389 0.675855 0.756019 1
19.9674 0.926143 7.74 1.07 2014 9 28 1 28 58.25 0.919389 0.675855 0.756019 1
18.9406 1.18133 7.51 1.07 2014 10 12 15 47 40.62 0.919389 0.675855 0.756019 1
19.1117 1.04067 7.82 1.07 2014 11 26 10 3 19.31 0.919389 0.675855 0.756019 1
19.5276 1.37593 7.8 1.07 2015 3 21 3 37 35.05 0.919389 0.675855 0.756019 1
18.2552 1.39761 7.67 1.07 2015 7 2 23 56 12.64 0.919389 0.675855 0.756019 1
17.3618 2.8894 7.49 1.07 2014 2 12 0 54 46.51 0.919389 0.675855 0.756019 1
18.1284 2.99114 7.59 1.07 2014 2 17 11 32 59.39 0.919389 0.675855 0.756019 1
14.8113 0.780477 5.99 1.07 2014 5 30 14 37 40.61 0.919389 0.675855 0.756019 1
19.6058 4.56622 8.24 1.07 2015 5 23 16 35 23.11 0.919389 0.675855 0.756019 1
19.7341 4.32637 8.38 1.07 2015 10 5 22 14 31.84 0.919389 0.675855 0.756019 1
18.9581 1.37682 7.89 1.06 2014 9 1 10 22 32.05 0.919389 0.675855 0.756019 1
18.3501 1.29676 7.35 1.06 2014 9 7 4 7 57.73 0.919389 0.675855 0.756019 1
17.9842 1.57141 7.37 1.06 2014 9 22 6 6 30.61 0.919389 0.675855 0.756019 1
18.2153 1.55106 7.62 1.06 2014 10 12 9 8 36.16 0.919389 0.675855 0.756019 1
18.3762 1.4343 7.67 1.06 2015 7 2 9 1 4.81 0.919389 0.675855 0.756019 1
18.6958 1.26284 7.83 1.06 2015 7 2 10 40 23.97 0.919389 0.675855 0.756019 1
17.2625 2.6749 7.47 1.06 2013 12 28 6 53 22.43 0.919389 0.675855 0.756019 1
17.4958 2.84325 7.51 1.06 2014 2 12 0 9 46.87 0.919389 0.675855 0.756019 1
19.6827 4.35673 8.55 1.06 2015 6 18 22 5 44.24 0.919389 0.675855 0.756019 1
15.8873 1.69539 6.99 1.06 2016 4 4 5 9 2.56 0.919389 0.675855 0.756019 1
20.1073 4.56255 8.33 1.06 2016 9 6 10 23 50.89 0.919389 0.675855 0.756019 1
19.0124 1.1542 7.49 1.05 2014 9 1 19 26 42.92 0.919389 0.675855 0.756019 1
18.1465 1.42663 7.36 1.05 2014 9 16 11 50 30.14 0.919389 0.675855 0.756019 1
18.3646 1.39405 7.39 1.05 2014 10 12 6 7 2.88 0.919389 0.675855 0.756019 1
18.0031 1.58909 7.63 1.05 2014 10 12 21 33 44.24 0.919389 0.675855 0.756019 1
17.511 2.82513 7.42 1.05 2014 4 19 7 39 58.43 0.919389 0.675855 0.756019 1
17.3502 2.81835 7.49 1.05 2014 5 16 1 10 20.24 0.919389 0.675855 0.756019 1
19.8906 4.50918 8.52 1.05 2014 12 26 17 57 8.98 0.919389 0.675855 0.756019 1
19.7587 4.5521 8.2 1.05 2015 1 27 2 28 39.21 0.919389 0.675855 0.756019 1
19.645 4.31014 8.5 1.05 2015 1 27 3 57 43.51 0.919389 0.675855 0.756019 1
19.9283 4.53631 8.36 1.05 2015 1 28 10 45 47.73 0.919389 0.675855 0.756019 1
19.9732 4.61092 8.68 1.05 2015 2 14 0 19 9.88 0.919389 0.675855 0.756019 1
19.7501 4.57111 8.14 1.05 2015 5 23 16 4 6.76 0.919389 0.675855 0.756019 1
19.9891 4.57789 8.18 1.05 2015 5 25 1 37 44.65 0.919389 0.675855 0.756019 1
19.9623 4.572 8.26 1.05 2016 9 10 11 26 27.61 0.919389 0.675855 0.756019 1
17.9922 1.4144 7.47 1.04 2014 9 7 4 14 27.61 0.919389 0.675855 0.756019 1
18.0313 1.47911 7.33 1.04 2014 9 11 14 48 24.95 0.919389 0.675855 0.756019 1
19.558 1.02978 7.8 1.04 2014 9 14 13 47 29.34 0.919389 0.675855 0.756019 1
18.3291 1.27007 7.33 1.04 2014 9 16 8 24 18.99 0.919389 0.675855 0.756019 1
17.7741 1.55417 7.27 1.04 2014 9 17 12 49 30.11 0.919389 0.675855 0.756019 1
16.114 1.67904 7.22 1.04 2014 9 21 7 11 39.4 0.919389 0.675855 0.756019 1
17.506 1.69405 7.59 1.04 2015 7 2 22 55 58.48 0.919389 0.675855 0.756019 1
18.0994 3.18529 7.53 1.04 2014 1 2 21 17 33.76 0.919389 0.675855 0.756019 1
14.5425 0.865986 5.89 1.04 2014 4 7 13 23 46.81 0.919389 0.675855 0.756019 1
17.5589 2.98981 7.49 1.04 2014 5 14 5 11 50.55 0.919389 0.675855 0.756019 1
14.9242 0.730328 6.08 1.04 2014 5 27 5 22 43.62 0.919389 0.675855 0.756019 1
13.6381 0.409531 5.62 1.04 2014 7 7 6 2 39.49 0.919389 0.675855 0.756019 1
20.0376 4.59102 8.63 1.04 2015 3 7 5 53 19.4 0.919389 0.675855 0.756019 1
19.6674 4.38742 8.69 1.04 2016 4 7 4 31 33.54 0.919389 0.675855 0.756019 1
19.6283 4.24264 8.34 1.04 2016 5 15 10 0 6.76 0.919389 0.675855 0.756019 1
19.6023 4.56755 8.27 1.04 2016 9 9 8 58 30.47 0.919389 0.675855 0.756019 1
18.4776 1.36014 7.71 1.03 2014 9 2 14 3 3.74 0.919389 0.675855 0.756019 1
17.8183 1.49713 7.25 1.03 2014 9 7 9 59 17.2 0.919389 0.675855 0.756019 1
19.1493 1.12752 7.83 1.03 2014 9 11 19 44 9.36 0.919389 0.675855 0.756019 1
17.6444 1.57052 7.27 1.03 2014 9 13 22 23 35.6 0.919389 0.675855 0.756019 1
16.1851 1.67093 7.18 1.03 2014 9 21 23 44 54.46 0.919389 0.675855 0.756019 1
17.9943 1.59765 7.62 1.03 2014 9 25 3 18 25.9 0.919389 0.675855 0.756019 1
18.3139 1.32077 7.36 1.03 2014 10 26 10 38 22.54 0.919389 0.675855 0.756019 1
18.7965 1.16466 7.62 1.03 2014 11 12 6 45 28.92 0.919389 0.675855 0.756019 1
16.8075 1.75332 7.22 1.03 2015 2 28 21 14 44.24 0.919389 0.675855 0.756019 1
18.082 3.21609 7.55 1.03 2014 1 4 10 6 59.4 0.919389 0.675855 0.756019 1
17.5589 2.97624 7.46 1.03 2014 5 14 15 48 28.88 0.919389 0.675855 0.756019 1
17.5487 2.99348 7.51 1.03 2014 5 14 21 13 53.4 0.919389 0.675855 0.756019 1
19.687 4.48649 8.41 1.03 2015 1 27 10 13 43.44 0.919389 0.675855 0.756019 1
19.6725 4.2879 8.42 1.03 2016 4 23 6 13 53.8 0.919389 0.675855 0.756019 1
19.6486 4.2273 8.31 1.03 2016 9 27 5 12 1.22 0.919389 0.675855 0.756019 1
18.7008 1.08593 7.41 1.02 2014 2 16 1 36 49.02 0.919389 0.675855 0.756019 1
18.2465 1.32756 7.57 1.02 2014 9 7 2 3 38.36 0.919389 0.675855 0.756019 1
18.2769 1.34512 7.61 1.02 2014 9 7 16 6 19.3 0.919389 0.675855 0.756019 1
17.6741 1.76956 7.58 1.02 2014 9 8 13 50 50.45 0.919389 0.675855 0.756019 1
18.2052 1.41985 7.59 1.02 2014 9 8 16 45 28.75 0.919389 0.675855 0.756019 1
17.3697 1.62256 7.48 1.02 2014 9 8 19 32 46.36 0.919389 0.675855 0.756019 1
17.9139 1.52026 7.28 1.02 2014 9 16 11 48 37.48 0.919389 0.675855 0.756019 1
17.7791 1.56184 7.29 1.02 2014 9 17 17 39 48.62 0.919389 0.675855 0.756019 1
18.1929 1.51436 7.33 1.02 2014 10 11 12 35 33.67 0.919389 0.675855 0.756019 1
18.4573 1.36325 7.84 1.02 2014 10 12 4 44 48.04 0.919389 0.675855 0.756019 1
18.0096 1.52615 7.59 1.02 2014 12 2 12 31 45.94 0.919389 0.675855 0.756019 1
17.7596 1.67504 7.63 1.02 2014 12 5 2 34 46.95 0.919389 0.675855 0.756019 1
18.9436 1.22303 7.58 1.02 2015 1 1 20 44 23.36 0.919389 0.675855 0.756019 1
18.8762 1.19268 7.46 1.02 2015 9 10 22 43 49.88 0.919389 0.675855 0.756019 1
17.2494 2.76675 7.48 1.02 2014 2 12 6 53 11.42 0.919389 0.675855 0.756019 1
17.5596 2.97446 7.46 1.02 2014 5 15 4 54 43.28 0.919389 0.675855 0.756019 1
18.2494 2.9758 7.71 1.02 2014 5 24 15 37 40.68 0.919389 0.675855 0.756019 1
14.4265 0.909908 5.97 1.02 2014 5 28 10 6 58.25 0.919389 0.675855 0.756019 1
19.9812 4.57478 8.51 1.02 2015 1 16 10 1 16.6 0.919389 0.675855 0.756019 1
19.9413 4.47393 8.33 1.02 2015 3 15 2 8 46.25 0.919389 0.675855 0.756019 1
16.3488 1.61032 6.96 1.02 2015 3 25 2 40 8.74 0.919389 0.675855 0.756019 1
20.2428 4.7458 8.61 1.02 2015 12 31 20 42 43.64 0.919389 0.675855 0.756019 1
20.2073 4.71956 8.61 1.02 2016 1 4 14 31 56.14 0.919389 0.675855 0.756019 1
20.3442 4.78605 8.62 1.02 2016 4 27 4 38 29 0.919389 0.675855 0.756019 1
18.3305 1.26785 7.35 1.01 2014 9 7 11 33 54.46 0.919389 0.675855 0.756019 1
18.1712 1.35513 7.27 1.01 2014 9 7 16 13 3.07 0.919389 0.675855 0.756019 1
17.6016 1.62389 7.52 1.01 2014 9 8 5 32 49.68 0.919389 0.675855 0.756019 1
18.7479 1.16143 7.82 1.01 2014 9 10 11 3 51.24 0.919389 0.675855 0.756019 1
18.0878 1.4601 7.34 1.01 2014 9 10 20 8 45.98 0.919389 0.675855 0.756019 1
16.1343 1.69172 7.24 1.01 2014 9 18 4 40 4.07 0.919389 0.675855 0.756019 1
18.7356 1.12841 7.6 1.01 2014 11 19 1 59 20.61 0.919389 0.675855 0.756019 1
17.7393 1.62156 7.29 1.01 2014 12 5 3 15 45.19 0.919389 0.675855 0.756019 1
17.8908 1.60988 7.63 1.01 2015 1 26 19 58 51.76 0.919389 0.675855 0.756019 1
18.5791 1.25372 7.8 1.01 2015 4 7 13 54 51.93 0.919389 0.675855 0.756019 1
18.0987 3.23733 7.54 1.01 2014 1 10 14 34 23.64 0.919389 0.675855 0.756019 1
16.8444 2.58484 7.18 1.01 2014 5 8 7 1 5.06 0.919389 0.675855 0.756019 1
14.6439 0.826623 5.99 1.01 2014 5 27 9 56 1.23 0.919389 0.675855 0.756019 1
19.687 4.48338 8.39 1.01 2015 1 30 18 17 8.08 0.919389 0.675855 0.756019 1
19.666 4.5978 8.1 1.01 2015 5 24 19 26 55.76 0.919389 0.675855 0.756019 1
19.4841 4.58924 8.12 1.01 2016 9 9 4 26 26.06 0.919389 0.675855 0.756019 1
18.7994 1.1651 7.44 1 2013 7 6 3 58 27.65 0.919389 0.675855 0.756019 1
17.6408 1.56418 7.24 1 2014 9 8 11 42 39.99 0.919389 0.675855 0.756019 1
17.5574 1.69261 7.26 1 2014 9 10 5 0 13.56 0.919389 0.675855 0.756019 1
17.3813 1.6379 7.52 1 2014 9 19 11 18 54.47 0.919389 0.675855 0.756019 1
16.1307 1.69895 7.25 1 2014 9 23 11 22 17.84 0.919389 0.675855 0.756019 1
18.7747 1.19179 7.49 1 2014 10 26 6 0 8.12 0.919389 0.675855 0.756019 1
18.3009 1.32711 7.63 1 2014 10 26 11 40 5.26 0.919389 0.675855 0.756019 1
18.4473 1.26462 7.37 1 2015 7 3 1 46 24.98 0.919389 0.675855 0.756019 1
17.8748 2.96268 7.26 1 2014 4 28 15 7 3.76 0.919389 0.675855 0.756019 1
15.0511 0.754235 6.27 1 2014 11 23 8 51 26.73 0.919389 0.675855 0.756019 1
19.9826 4.58423 8.19 1 2015 5 25 1 6 53.82 0.919389 0.675855 0.756019 1
19.4602 4.18471 8.49 1 2016 8 6 9 28 10.16 0.919389 0.675855 0.756019 1
19.8914 4.54443 8.5 1 2016 9 3 11 31 10.62 0.919389 0.675855 0.756019 1
18.8508 1.20535 7.49 0.99 2014 9 1 18 27 46.48 0.919389 0.675855 0.756019 1
17.861 1.48501 7.26 0.99 2014 9 7 10 28 9.06 0.919389 0.675855 0.756019 1
18.4661 1.31888 7.39 0.99 2014 9 7 17 7 18.98 0.919389 0.675855 0.756019 1
17.9603 1.48045 7.54 0.99 2014 9 16 3 33 43.07 0.919389 0.675855 0.756019 1
18.077 1.46054 7.32 0.99 2014 9 16 8 17 11.91 0.919389 0.675855 0.756019 1
18.5284 1.2406 7.66 0.99 2014 9 20 0 29 8.1 0.919389 0.675855 0.756019 1
17.4647 2.79032 7.48 0.99 2013 12 15 19 59 36.42 0.919389 0.675855 0.756019 1
16.6894 2.59529 7.2 0.99 2014 5 5 4 36 26.63 0.919389 0.675855 0.756019 1
19.6305 4.2671 8.04 0.99 2015 4 15 16 44 42.69 0.919389 0.675855 0.756019 1
19.6283 4.45391 8.64 0.99 2016 9 3 18 19 19.64 0.919389 0.675855 0.756019 1
17.7226 1.56273 7.51 0.98 2014 9 7 9 23 51.61 0.919389 0.675855 0.756019 1
17.6937 1.56051 7.28 0.98 2014 9 8 3 48 23.82 0.919389 0.675855 0.756019 1
18.3661 1.38271 7.33 0.98 2014 10 12 3 58 13.87 0.919389 0.675855 0.756019 1
20.4703 1.13208 7.66 0.98 2015 1 1 14 59 9.15 0.919389 0.675855 0.756019 1
17.5705 2.81701 7.54 0.98 2014 2 16 4 13 33.81 0.919389 0.675855 0.756019 1
15.0503 0.764688 6.21 0.98 2014 5 25 23 1 19.88 0.919389 0.675855 0.756019 1
19.5008 4.61137 8.18 0.98 2014 10 30 14 23 9.9 0.919389 0.675855 0.756019 1
19.8914 4.49961 8.56 0.98 2015 1 19 18 26 14.78 0.919389 0.675855 0.756019 1
19.7493 4.54487 8.23 0.98 2015 1 26 23 44 32.72 0.919389 0.675855 0.756019 1
19.8536 4.44857 8.35 0.98 2015 2 6 4 50 45.5 0.919389 0.675855 0.756019 1
19.7102 4.32092 8.4 0.98 2015 6 17 23 54 37.2 0.919389 0.675855 0.756019 1
20.0276 4.62504 8.71 0.98 2015 7 5 7 48 3.2 0.919389 0.675855 0.756019 1
19.6616 4.27478 8.42 0.98 2016 2 6 17 30 14.54 0.919389 0.675855 0.756019 1
18.9052 1.2714 7.92 0.97 2014 9 1 20 53 34.26 0.919389 0.675855 0.756019 1
18.4523 1.22526 7.34 0.97 2014 9 7 3 51 30.32 0.919389 0.675855 0.756019 1
18.2001 1.332 7.33 0.97 2014 9 7 8 40 14.78 0.919389 0.675855 0.756019 1
17.8429 1.52571 7.53 0.97 2014 9 7 11 38 36.82 0.919389 0.675855 0.756019 1
18.3675 1.40439 7.65 0.97 2014 9 7 17 16 36.64 0.919389 0.675855 0.756019 1
17.7241 1.57052 7.29 0.97 2014 9 8 10 39 44.65 0.919389 0.675855 0.756019 1
17.7719 1.54872 7.28 0.97 2014 9 10 12 59 50.44 0.919389 0.675855 0.756019 1
18.8472 1.21347 7.64 0.97 2014 11 5 20 33 44.08 0.919389 0.675855 0.756019 1
18.1153 1.57274 7.66 0.97 2014 11 23 6 13 10.93 0.919389 0.675855 0.756019 1
18.3972 1.38593 7.64 0.97 2015 3 28 6 10 13.49 0.919389 0.675855 0.756019 1
17.293 1.81348 7.52 0.97 2015 7 4 18 28 14.52 0.919389 0.675855 0.756019 1
18.0342 3.0265 7.6 0.97 2014 2 17 11 20 35.68 0.919389 0.675855 0.756019 1
17.535 2.61519 7.49 0.97 2014 8 26 7 21 15.58 0.919389 0.675855 0.756019 1
19.9261 4.52641 8.53 0.97 2014 12 25 13 43 37.65 0.919389 0.675855 0.756019 1
19.4515 4.59824 8.15 0.97 2015 5 24 12 18 46.73 0.919389 0.675855 0.756019 1
19.9392 0.909463 7.52 0.96 2013 6 14 13 29 22.49 0.919389 0.675855 0.756019 1
18.8189 1.20168 7.83 0.96 2014 9 2 13 45 15.16 0.919389 0.675855 0.756019 1
17.8842 1.5972 7.59 0.96 2014 9 16 15 25 10.11 0.919389 0.675855 0.756019 1
18.0892 1.53516 7.62 0.96 2014 9 19 4 18 40.25 0.919389 0.675855 0.756019 1
17.8777 1.58275 7.33 0.96 2014 9 25 3 3 48.36 0.919389 0.675855 0.756019 1
17.7958 1.61032 7.31 0.96 2014 9 25 3 11 26.52 0.919389 0.675855 0.756019 1
18.127 1.50447 7.36 0.96 2014 9 27 17 10 4.16 0.919389 0.675855 0.756019 1
18.4212 1.3985 7.43 0.96 2014 10 17 21 59 3.54 0.919389 0.675855 0.756019 1
17.7922 1.66047 7.63 0.96 2014 11 25 13 51 13.03 0.919389 0.675855 0.756019 1
18.7747 1.2406 7.84 0.96 2015 7 2 10 40 7.8 0.919389 0.675855 0.756019 1
18.6617 1.38226 7.4 0.96 2015 7 3 3 59 0.7 0.919389 0.675855 0.756019 1
17.4741 2.81156 7.49 0.96 2013 12 25 20 30 30.36 0.919389 0.675855 0.756019 1
19.5834 4.2363 8.4 0.96 2016 8 18 17 22 3.04 0.919389 0.675855 0.756019 1
20.1094 4.5978 8.55 0.96 2016 9 25 21 7 37.9 0.919389 0.675855 0.756019 1
17.7806 1.8266 7.5 0.95 2013 12 11 23 27 37.96 0.919389 0.675855 0.756019 1
18.5842 1.11717 7.39 0.95 2013 12 26 7 7 19.85 0.919389 0.675855 0.756019 1
18.1226 1.41618 7.37 0.95 2014 9 8 11 11 13.19 0.919389 0.675855 0.756019 1
18.9262 1.22392 7.89 0.95 2014 9 16 17 37 6.08 0.919389 0.675855 0.756019 1
18.1631 1.52526 7.37 0.95 2014 10 11 10 38 40.45 0.919389 0.675855 0.756019 1
17.6886 1.63156 7.29 0.95 2014 10 29 22 57 54.76 0.919389 0.675855 0.756019 1
18.2936 1.36592 7.68 0.95 2015 7 3 0 44 53.45 0.919389 0.675855 0.756019 1
19.095 1.03067 7.83 0.95 2015 10 10 4 14 10.07 0.919389 0.675855 0.756019 1
18.6196 1.31121 7.36 0.95 2016 7 27 3 24 42.15 0.919389 0.675855 0.756019 1
14.709 0.779143 5.93 0.95 2014 4 5 21 9 33.74 0.919389 0.675855 0.756019 1
14.904 0.741114 6.05 0.95 2014 5 30 15 36 30.76 0.919389 0.675855 0.756019 1
19.4384 4.58379 8.19 0.95 2015 1 27 5 41 33.49 0.919389 0.675855 0.756019 1
19.6233 4.29335 8.53 0.95 2015 4 5 13 21 52.56 0.919389 0.675855 0.756019 1
19.8746 4.46081 8.49 0.95 2016 9 3 3 7 4.91 0.919389 0.675855 0.756019 1
18.7161 1.32711 7.89 0.94 2014 9 2 18 54 40.4 0.919389 0.675855 0.756019 1
18.3682 1.39761 7.39 0.94 2014 9 4 5 13 49.08 0.919389 0.675855 0.756019 1
18.3538 1.24016 7.33 0.94 2014 9 6 20 10 57.48 0.919389 0.675855 0.756019 1
18.2363 1.42252 7.61 0.94 2014 9 8 1 52 27.57 0.919389 0.675855 0.756019 1
17.6893 1.62433 7.65 0.94 2014 9 9 4 10 29.16 0.919389 0.675855 0.756019 1
16.0727 1.73742 7.28 0.94 2014 9 26 8 28 21.58 0.919389 0.675855 0.756019 1
18.7349 1.36192 7.53 0.94 2014 10 17 9 45 3.17 0.919389 0.675855 0.756019 1
18.4473 1.34112 7.38 0.94 2014 10 26 10 13 10.25 0.919389 0.675855 0.756019 1
19.0269 1.16643 7.84 0.94 2015 7 2 10 34 13.19 0.919389 0.675855 0.756019 1
17.493 2.84548 7.51 0.94 2013 12 25 19 8 11.28 0.919389 0.675855 0.756019 1
20.1667 4.52541 8.21 0.94 2016 9 7 1 13 37.36 0.919389 0.675855 0.756019 1
19.5682 1.02433 7.6 0.93 2013 8 17 23 36 59.64 0.919389 0.675855 0.756019 1
18.9385 1.14964 7.81 0.93 2014 9 2 19 16 59.2 0.919389 0.675855 0.756019 1
18.4095 1.25606 7.36 0.93 2014 9 7 4 50 15.21 0.919389 0.675855 0.756019 1
17.8857 1.4651 7.24 0.93 2014 9 7 5 53 40.92 0.919389 0.675855 0.756019 1
18.6262 1.24883 7.83 0.93 2014 9 7 17 24 21.58 0.919389 0.675855 0.756019 1
17.819 1.52437 7.28 0.93 2014 9 8 2 9 26.68 0.919389 0.675855 0.756019 1
19.0987 1.02711 7.83 0.93 2014 9 8 17 26 11.72 0.919389 0.675855 0.756019 1
17.4683 1.68672 7.57 0.93 2014 9 9 4 35 29.19 0.919389 0.675855 0.756019 1
17.977 1.5515 7.32 0.93 2014 9 12 9 3 18.8 0.919389 0.675855 0.756019 1
17.8357 1.62889 7.63 0.93 2014 9 16 15 21 53.56 0.919389 0.675855 0.756019 1
17.9183 1.52204 7.29 0.93 2014 9 19 4 27 34.98 0.919389 0.675855 0.756019 1
18.5327 1.34468 7.41 0.93 2014 10 12 3 23 39.5 0.919389 0.675855 0.756019 1
18.1885 1.3995 7.63 0.93 2014 11 26 2 56 4.3 0.919389 0.675855 0.756019 1
17.385 1.75733 7.54 0.93 2014 12 23 4 34 43.85 0.919389 0.675855 0.756019 1
18.2074 1.47723 7.37 0.93 2015 3 17 6 8 9.7 0.919389 0.675855 0.756019 1
18.503 1.28141 7.81 0.93 2015 7 3 2 44 52.32 0.919389 0.675855 0.756019 1
18.3421 1.29498 7.63 0.93 2015 7 3 3 0 54.13 0.919389 0.675855 0.756019 1
14.841 0.752011 5.97 0.93 2014 4 5 23 34 7.2 0.919389 0.675855 0.756019 1
14.5873 0.835741 5.88 0.93 2014 4 6 0 6 56.99 0.919389 0.675855 0.756019 1
14.7533 0.793153 6.03 0.93 2014 4 18 14 2 57.92 0.919389 0.675855 0.756019 1
14.8982 0.741114 6.06 0.93 2014 4 18 17 19 0.76 0.919389 0.675855 0.756019 1
14.691 0.819395 6.13 0.93 2014 5 27 9 12 32.13 0.919389 0.675855 0.756019 1
14.8461 0.759239 6.03 0.93 2014 5 29 8 31 47.9 0.919389 0.675855 0.756019 1
19.7587 4.54087 8.31 0.93 2015 1 26 23 5 50.52 0.919389 0.675855 0.756019 1
19.7145 4.55121 8.35 0.93 2015 1 27 0 27 14.59 0.919389 0.675855 0.756019 1
19.5696 4.58657 8.1 0.93 2015 5 24 20 34 46.76 0.919389 0.675855 0.756019 1
19.7855 4.34261 8.35 0.93 2015 6 18 18 30 38.64 0.919389 0.675855 0.756019 1
18.6407 1.23382 7.42 0.92 2014 9 2 14 44 8.7 0.919389 0.675855 0.756019 1
18.0581 1.36781 7.23 0.92 2014 9 7 1 51 27.91 0.919389 0.675855 0.756019 1
18.2421 1.36825 7.34 0.92 2014 9 7 16 15 34.42 0.919389 0.675855 0.756019 1
18.5103 1.34068 7.75 0.92 2014 9 7 17 7 53.62 0.919389 0.675855 0.756019 1
18.0349 1.47633 7.56 0.92 2014 9 7 20 37 12.7 0.919389 0.675855 0.756019 1
17.9908 1.47778 7.3 0.92 2014 9 8 0 27 37.83 0.919389 0.675855 0.756019 1
17.9052 1.59987 7.4 0.92 2014 9 16 9 11 42.71 0.919389 0.675855 0.756019 1
18.0647 1.46233 7.6 0.92 2014 9 16 9 32 25.72 0.919389 0.675855 0.756019 1
18.8516 1.20124 7.51 0.92 2014 11 26 5 41 9.23 0.919389 0.675855 0.756019 1
17.8545 1.51659 7.27 0.92 2014 11 28 11 47 36.93 0.919389 0.675855 0.756019 1
18.3639 1.26873 7.35 0.92 2014 12 15 9 36 57.87 0.919389 0.675855 0.756019 1
18.1842 1.51303 7.64 0.92 2015 4 7 14 12 34.55 0.919389 0.675855 0.756019 1
17.9545 1.63023 7.66 0.92 2015 4 15 2 0 37.06 0.919389 0.675855 0.756019 1
17.0922 2.09803 7.03 0.92 2013 9 24 10 20 9.33 0.919389 0.675855 0.756019 1
17.9698 3.04185 7.59 0.92 2013 11 3 12 42 46.44 0.919389 0.675855 0.756019 1
17.3176 2.83369 7.48 0.92 2013 12 27 16 16 8.75 0.919389 0.675855 0.756019 1
16.3285 2.21022 6.88 0.92 2014 2 7 10 12 43.42 0.919389 0.675855 0.756019 1
15.859 1.57185 6.72 0.92 2014 12 4 3 31 1.57 0.919389 0.675855 0.756019 1
19.7826 4.52908 8.33 0.92 2015 1 27 0 13 45.76 0.919389 0.675855 0.756019 1
19.5862 4.59824 8.13 0.92 2015 5 26 15 36 45.86 0.919389 0.675855 0.756019 1
19.7399 0.947492 7.53 0.91 2013 6 15 14 52 1.95 0.919389 0.675855 0.756019 1
21.284 0.78815 7.56 0.91 2013 9 29 20 12 38.54 0.919389 0.675855 0.756019 1
17.6625 1.765 7.52 0.91 2013 12 18 1 9 54.23 0.919389 0.675855 0.756019 1
18.1762 1.36547 7.34 0.91 2014 9 9 6 34 24.47 0.919389 0.675855 0.756019 1
16.2003 1.69305 7.22 0.91 2014 9 20 7 1 8.89 0.919389 0.675855 0.756019 1
18.6429 1.24739 7.47 0.91 2015 1 13 10 49 5.38 0.919389 0.675855 0.756019 1
17.5473 1.73108 7.53 0.91 2015 2 8 3 52 20.63 0.919389 0.675855 0.756019 1
17.5821 1.7193 7.59 0.91 2015 7 15 8 7 21.59 0.919389 0.675855 0.756019 1
18.2291 3.43726 7.47 0.91 2014 4 2 8 39 10.98 0.919389 0.675855 0.756019 1
14.9939 0.777809 6.2 0.91 2014 5 25 21 21 25.74 0.919389 0.675855 0.756019 1
14.7859 0.80216 6.1 0.91 2014 5 27 3 12 29.38 0.919389 0.675855 0.756019 1
17.3067 2.8288 7.5 0.91 2014 6 1 22 35 26.04 0.919389 0.675855 0.756019 1
19.6471 4.56978 8.14 0.91 2015 5 23 15 59 16.97 0.919389 0.675855 0.756019 1
20.1572 4.6892 8.6 0.91 2016 6 10 22 13 50.88 0.919389 0.675855 0.756019 1
18.1204 1.39216 7.57 0.9 2014 9 6 23 23 56.72 0.919389 0.675855 0.756019 1
18.8196 1.16099 7.46 0.9 2014 9 11 19 10 11.6 0.919389 0.675855 0.756019 1
18.8957 1.26785 7.89 0.9 2014 10 12 15 40 3.75 0.919389 0.675855 0.756019 1
17.9516 1.50669 7.27 0.9 2014 12 2 12 13 42.91 0.919389 0.675855 0.756019 1
18.8609 1.18044 7.59 0.9 2015 1 18 22 17 13 0.919389 0.675855 0.756019 1
17.7031 1.57496 7.54 0.9 2015 2 9 2 19 54.84 0.919389 0.675855 0.756019 1
18.2559 1.54739 7.67 0.9 2015 3 28 13 59 48.35 0.919389 0.675855 0.756019 1
18.6914 1.21536 7.79 0.9 2015 7 2 11 27 30.57 0.919389 0.675855 0.756019 1
18.1414 1.43519 7.51 0.9 2015 7 3 0 20 27.41 0.919389 0.675855 0.756019 1
16.2532 2.17497 6.87 0.9 2013 12 19 0 46 2.71 0.919389 0.675855 0.756019 1
17.8147 3.06587 7.35 0.9 2014 3 21 9 26 24.54 0.919389 0.675855 0.756019 1
20.1406 4.70143 8.49 0.9 2015 11 13 6 27 33.95 0.919389 0.675855 0.756019 1
18.2363 1.31399 7.32 0.89 2014 9 7 8 47 47.8 0.919389 0.675855 0.756019 1
17.9639 1.57952 7.55 0.89 2014 9 18 17 41 54.92 0.919389 0.675855 0.756019 1
18.4117 1.31532 7.61 0.89 2014 9 20 0 35 37.63 0.919389 0.675855 0.756019 1
17.8031 1.59898 7.3 0.89 2014 9 21 4 48 33.29 0.919389 0.675855 0.756019 1
17.3843 1.63156 7.45 0.89 2014 11 28 21 49 10.98 0.919389 0.675855 0.756019 1
18.8153 1.15921 7.59 0.89 2015 1 17 14 41 33.61 0.919389 0.675855 0.756019 1
17.4763 1.76455 7.6 0.89 2015 1 24 1 16 1.24 0.919389 0.675855 0.756019 1
17.9378 3.10923 7.56 0.89 2014 1 7 0 32 31.68 0.919389 0.675855 0.756019 1
17.9574 3.13014 7.56 0.89 2014 1 7 23 11 48 0.919389 0.675855 0.756019 1
17.4401 2.7921 7.48 0.89 2014 1 11 10 36 17.76 0.919389 0.675855 0.756019 1
14.5026 0.890449 5.94 0.89 2014 5 27 21 35 22.56 0.919389 0.675855 0.756019 1
17.635 1.60943 7.29 0.88 2014 9 14 2 58 26.5 0.919389 0.675855 0.756019 1
18.6632 1.26873 7.82 0.88 2014 9 16 9 39 46.18 0.919389 0.675855 0.756019 1
17.6531 1.65736 7.55 0.88 2014 9 20 4 21 45.29 0.919389 0.675855 0.756019 1
17.8878 1.53338 7.29 0.88 2014 12 2 11 57 39.76 0.919389 0.675855 0.756019 1
19.1551 0.948826 7.7 0.88 2015 3 30 4 8 13.58 0.919389 0.675855 0.756019 1
19.2805 1.33745 7.71 0.88 2016 10 22 9 34 46.04 0.919389 0.675855 0.756019 1
17.3676 2.72194 7.47 0.88 2013 12 15 9 40 35.55 0.919389 0.675855 0.756019 1
17.2785 2.77587 7.48 0.88 2014 2 13 0 14 37.7 0.919389 0.675855 0.756019 1
19.7233 4.59146 8.1 0.88 2015 5 24 15 11 25.96 0.919389 0.675855 0.756019 1
20.0319 4.62638 8.75 0.88 2015 8 31 12 8 18.26 0.919389 0.675855 0.756019 1
19.7377 4.31236 8.36 0.88 2016 7 6 3 2 21.61 0.919389 0.675855 0.756019 1
17.7791 1.82749 7.52 0.87 2014 1 14 15 58 15.19 0.919389 0.675855 0.756019 1
18.1349 1.38727 7.32 0.87 2014 9 7 18 24 19.14 0.919389 0.675855 0.756019 1
17.4647 1.68494 7.53 0.87 2014 9 14 4 57 34.72 0.919389 0.675855 0.756019 1
17.4444 1.65736 7.49 0.87 2014 9 20 8 21 30.79 0.919389 0.675855 0.756019 1
18.1146 1.57007 7.62 0.87 2014 9 24 14 25 22.09 0.919389 0.675855 0.756019 1
18.2624 1.25016 7.67 0.87 2014 10 26 10 45 57.26 0.919389 0.675855 0.756019 1
17.2762 2.65322 7.43 0.87 2013 12 27 2 42 47.33 0.919389 0.675855 0.756019 1
17.9726 3.10289 7.56 0.87 2014 1 8 2 41 13.84 0.919389 0.675855 0.756019 1
14.6736 0.831182 6.02 0.87 2014 4 19 4 0 22.23 0.919389 0.675855 0.756019 1
16.693 2.46908 6.96 0.87 2014 5 8 8 9 51.53 0.919389 0.675855 0.756019 1
14.5099 0.881442 5.94 0.87 2014 5 27 21 35 2.98 0.919389 0.675855 0.756019 1
19.7587 4.55844 8.2 0.87 2015 5 23 14 7 45.8 0.919389 0.675855 0.756019 1
20.1253 4.56122 8.25 0.87 2015 5 25 3 58 15.68 0.919389 0.675855 0.756019 1
19.7804 4.32226 8.36 0.87 2015 9 11 12 12 10.33 0.919389 0.675855 0.756019 1
19.7377 0.927143 7.98 0.86 2014 8 15 11 16 48.33 0.919389 0.675855 0.756019 1
17.5096 1.63568 7.3 0.86 2014 9 14 5 4 20.62 0.919389 0.675855 0.756019 1
17.2132 1.66192 7.24 0.86 2014 9 21 12 1 4.54 0.919389 0.675855 0.756019 1
17.8878 1.60443 7.62 0.86 2014 9 23 9 1 41.45 0.919389 0.675855 0.756019 1
19.0327 1.17644 7.85 0.86 2014 10 12 6 12 35.34 0.919389 0.675855 0.756019 1
18.7088 1.34423 7.53 0.86 2014 10 15 20 45 16.48 0.919389 0.675855 0.756019 1
17.9393 1.5356 7.29 0.86 2014 11 29 21 56 1.98 0.919389 0.675855 0.756019 1
18.1682 1.59631 7.66 0.86 2014 12 12 11 1 55.87 0.919389 0.675855 0.756019 1
17.8668 1.65692 7.72 0.86 2015 4 15 2 2 48.96 0.919389 0.675855 0.756019 1
17.9675 3.0414 7.57 0.86 2013 11 9 5 57 42.02 0.919389 0.675855 0.756019 1
17.1183 2.58528 7.46 0.86 2014 2 11 16 8 48.16 0.919389 0.675855 0.756019 1
17.4647 2.95223 7.5 0.86 2014 5 13 13 35 36.47 0.919389 0.675855 0.756019 1
14.588 0.856979 5.91 0.86 2014 5 27 18 43 42.6 0.919389 0.675855 0.756019 1
19.5008 4.61237 8.17 0.86 2015 1 27 4 59 18.97 0.919389 0.675855 0.756019 1
19.9007 4.48338 8.29 0.86 2015 2 21 3 24 56.19 0.919389 0.675855 0.756019 1
19.8224 4.5531 8.22 0.86 2015 5 23 13 58 38.3 0.919389 0.675855 0.756019 1
19.9812 4.55944 8.24 0.86 2015 5 25 3 24 2.03 0.919389 0.675855 0.756019 1
20.1276 4.67252 8.54 0.86 2015 7 13 16 20 31.64 0.919389 0.675855 0.756019 1
19.716 4.35306 8.56 0.86 2016 4 14 3 33 3.23 0.919389 0.675855 0.756019 1
20.3833 4.49239 8.51 0.86 2016 9 3 13 33 2.73 0.919389 0.675855 0.756019 1
20.4043 4.46259 8.56 0.86 2016 9 3 13 40 51.64 0.919389 0.675855 0.756019 1
18.7697 1.19446 7.46 0.85 2013 8 21 6 29 47.05 0.919389 0.675855 0.756019 1
18.3972 1.36959 7.44 0.85 2014 9 7 17 17 39.98 0.919389 0.675855 0.756019 1
18.0639 1.47233 7.6 0.85 2014 9 8 11 4 34.16 0.919389 0.675855 0.756019 1
18.1545 1.41262 7.55 0.85 2014 9 8 11 45 54.13 0.919389 0.675855 0.756019 1
17.6639 1.775 7.57 0.85 2014 9 14 4 30 35.92 0.919389 0.675855 0.756019 1
17.735 1.61121 7.57 0.85 2014 9 17 12 57 45.8 0.919389 0.675855 0.756019 1
18.2516 1.46054 7.35 0.85 2014 10 4 23 18 32.56 0.919389 0.675855 0.756019 1
18.9957 1.29353 7.64 0.85 2015 1 9 13 45 34.18 0.919389 0.675855 0.756019 1
19.2631 0.999976 7.79 0.85 2015 3 30 5 30 33.97 0.919389 0.675855 0.756019 1
18.7016 1.21347 7.8 0.85 2015 7 2 11 27 41.51 0.919389 0.675855 0.756019 1
18.2451 1.34068 7.62 0.85 2015 7 3 1 29 4.09 0.919389 0.675855 0.756019 1
15.0576 0.744784 6.18 0.85 2014 5 29 11 17 29.68 0.919389 0.675855 0.756019 1
14.6185 0.821619 6.08 0.85 2014 5 29 18 45 16.7 0.919389 0.675855 0.756019 1
14.8475 0.779588 6.38 0.85 2014 7 2 7 7 22.74 0.919389 0.675855 0.756019 1
20.1131 4.66029 8.49 0.85 2015 5 14 3 19 41.12 0.919389 0.675855 0.756019 1
20.429 0.734331 7.43 0.84 2014 3 9 3 26 10.72 0.919389 0.675855 0.756019 1
18.774 1.185 7.44 0.84 2014 9 2 15 2 45.46 0.919389 0.675855 0.756019 1
17.606 1.53338 7.17 0.84 2014 9 7 23 24 3.04 0.919389 0.675855 0.756019 1
17.811 1.5356 7.29 0.84 2014 9 8 7 28 35.19 0.919389 0.675855 0.756019 1
18.7602 1.20947 7.49 0.84 2014 9 11 18 46 54.36 0.919389 0.675855 0.756019 1
18.2617 1.39583 7.38 0.84 2014 10 12 4 28 33.61 0.919389 0.675855 0.756019 1
18.9255 1.2207 7.59 0.84 2015 1 31 22 48 56.94 0.919389 0.675855 0.756019 1
18.4646 1.25695 7.72 0.84 2015 7 3 5 7 28.64 0.919389 0.675855 0.756019 1
17.5045 2.84726 7.5 0.84 2013 12 26 5 55 21.98 0.919389 0.675855 0.756019 1
17.3023 2.81968 7.47 0.84 2013 12 27 16 13 48.09 0.919389 0.675855 0.756019 1
16.6285 2.55771 7.21 0.84 2014 4 22 19 58 44.56 0.919389 0.675855 0.756019 1
16.7075 2.54959 7.16 0.84 2014 5 8 4 26 19.07 0.919389 0.675855 0.756019 1
17.5893 3.01427 7.51 0.84 2014 5 14 10 31 59.19 0.919389 0.675855 0.756019 1
14.7511 0.787705 5.99 0.84 2014 5 15 17 44 7.04 0.919389 0.675855 0.756019 1
17.5234 3.07665 7.54 0.84 2014 5 16 4 2 20.5 0.919389 0.675855 0.756019 1
14.7577 0.790485 6.02 0.84 2014 5 27 9 55 50.48 0.919389 0.675855 0.756019 1
15.9597 1.85918 6.9 0.84 2014 11 7 7 34 38.22 0.919389 0.675855 0.756019 1
19.9877 4.58201 8.51 0.84 2015 1 1 17 27 56.16 0.919389 0.675855 0.756019 1
19.4435 4.54131 8.21 0.84 2015 2 10 2 35 36.9 0.919389 0.675855 0.756019 1
19.6746 4.26933 8.02 0.84 2015 8 16 4 20 19.8 0.919389 0.675855 0.756019 1
19.1407 1.09182 7.46 0.83 2013 8 20 7 19 16.13 0.919389 0.675855 0.756019 1
17.8444 1.53649 7.55 0.83 2014 9 7 6 25 15.44 0.919389 0.675855 0.756019 1
18.2429 1.37959 7.34 0.83 2014 9 7 13 52 14.55 0.919389 0.675855 0.756019 1
17.9654 1.59587 7.63 0.83 2014 9 12 9 15 29.3 0.919389 0.675855 0.756019 1
17.84 1.53071 7.3 0.83 2014 9 13 23 10 35.2 0.919389 0.675855 0.756019 1
18.4864 1.35691 7.77 0.83 2014 10 12 4 2 24.52 0.919389 0.675855 0.756019 1
17.5103 1.70662 7.28 0.83 2014 10 25 4 10 20.98 0.919389 0.675855 0.756019 1
18.6718 1.30665 7.84 0.83 2014 11 25 15 6 45.07 0.919389 0.675855 0.756019 1
18.682 1.22893 7.48 0.83 2014 11 26 6 17 53.02 0.919389 0.675855 0.756019 1
17.9698 1.59854 7.62 0.83 2014 12 2 5 10 21.52 0.919389 0.675855 0.756019 1
18.4102 1.02978 7.56 0.83 2014 12 31 7 52 50.69 0.919389 0.675855 0.756019 1
19.1544 1.12841 7.83 0.83 2015 1 13 11 12 9.18 0.919389 0.675855 0.756019 1
16.2894 2.18531 6.83 0.83 2013 12 18 23 10 18.06 0.919389 0.675855 0.756019 1
17.3487 2.8487 7.48 0.83 2014 2 12 21 6 33.08 0.919389 0.675855 0.756019 1
17.1792 2.63421 7.49 0.83 2014 2 16 14 9 16.32 0.919389 0.675855 0.756019 1
20.0051 4.58879 8.51 0.83 2015 1 7 2 26 50.67 0.919389 0.675855 0.756019 1
20.0637 4.61681 8.58 0.83 2015 5 24 2 38 20.73 0.919389 0.675855 0.756019 1
19.9334 4.56211 8.68 0.83 2015 7 3 1 5 25.27 0.919389 0.675855 0.756019 1
19.5399 4.20194 8.4 0.83 2015 7 27 12 58 32.67 0.919389 0.675855 0.756019 1
20.1239 4.6594 8.47 0.83 2015 10 13 1 11 3.16 0.919389 0.675855 0.756019 1
16.335 2.00028 6.92 0.83 2015 10 25 20 12 16.3 0.919389 0.675855 0.756019 1
17.4937 1.74287 7.61 0.82 2014 9 23 3 11 59.84 0.919389 0.675855 0.756019 1
18.7501 1.26962 7.51 0.82 2014 11 25 16 29 34.95 0.919389 0.675855 0.756019 1
17.5973 1.6935 7.45 0.82 2014 11 28 6 54 21.31 0.919389 0.675855 0.756019 1
17.4184 1.75966 7.54 0.82 2014 12 12 3 0 33.99 0.919389 0.675855 0.756019 1
16.4292 1.81303 7.13 0.82 2016 4 2 0 36 52.32 0.919389 0.675855 0.756019 1
17.3553 2.87672 7.48 0.82 2014 2 11 22 30 12.08 0.919389 0.675855 0.756019 1
15.0641 0.735221 6.18 0.82 2014 5 24 1 44 56.4 0.919389 0.675855 0.756019 1
19.6218 4.4458 8.59 0.82 2016 1 6 23 57 6.28 0.919389 0.675855 0.756019 1
20.2514 4.7408 8.63 0.82 2016 1 26 11 23 58.43 0.919389 0.675855 0.756019 1
20.1304 4.53408 8.19 0.82 2016 9 11 4 18 3.55 0.919389 0.675855 0.756019 1
19.6312 1.00309 7.61 0.81 2013 8 17 23 36 32.56 0.919389 0.675855 0.756019 1
17.7683 1.84239 7.32 0.81 2014 3 19 10 51 47.22 0.919389 0.675855 0.756019 1
18.7124 1.34791 7.45 0.81 2014 9 8 2 39 53.8 0.919389 0.675855 0.756019 1
17.9958 1.47589 7.28 0.81 2014 9 8 9 14 24.61 0.919389 0.675855 0.756019 1
17.5654 1.6329 7.52 0.81 2014 9 16 3 24 2.73 0.919389 0.675855 0.756019 1
18.0827 1.48456 7.34 0.81 2014 10 11 4 28 15.65 0.919389 0.675855 0.756019 1
17.5045 1.7442 7.58 0.81 2014 11 19 9 23 5.3 0.919389 0.675855 0.756019 1
17.8828 1.62845 7.64 0.81 2014 11 25 12 20 34.78 0.919389 0.675855 0.756019 1
16.3373 2.19399 7.38 0.81 2015 10 22 8 30 11.41 0.919389 0.675855 0.756019 1
16.2401 2.16319 6.79 0.81 2013 12 17 17 59 3.74 0.919389 0.675855 0.756019 1
18.0589 3.2102 7.55 0.81 2014 1 10 9 19 21.5 0.919389 0.675855 0.756019 1
16.38 2.15373 6.91 0.81 2014 5 9 14 27 14.19 0.919389 0.675855 0.756019 1
17.5951 2.99481 7.49 0.81 2014 5 14 21 2 17.4 0.919389 0.675855 0.756019 1
15.1061 0.751122 6.21 0.81 2014 5 25 6 58 7.44 0.919389 0.675855 0.756019 1
20.2029 4.72178 8.6 0.81 2015 5 23 10 57 12.08 0.919389 0.675855 0.756019 1
16.3706 1.97816 6.88 0.81 2015 10 22 3 57 19.53 0.919389 0.675855 0.756019 1
19.5153 4.18338 8.38 0.81 2016 5 6 0 13 49.28 0.919389 0.675855 0.756019 1
21.1826 0.683626 7.55 0.8 2013 9 29 16 45 7.72 0.919389 0.675855 0.756019 1
17.6821 1.58586 7.53 0.8 2014 9 16 2 51 43.29 0.919389 0.675855 0.756019 1
17.7553 1.62745 7.32 0.8 2014 9 25 5 15 35.01 0.919389 0.675855 0.756019 1
18.1363 1.54016 7.37 0.8 2014 10 2 6 51 49.13 0.919389 0.675855 0.756019 1
17.4893 1.73064 7.54 0.8 2014 11 5 5 50 10.76 0.919389 0.675855 0.756019 1
16.5575 2.06 7.53 0.8 2015 1 4 8 45 25.67 0.919389 0.675855 0.756019 1
17.7973 1.66047 7.63 0.8 2015 1 5 6 7 26.53 0.919389 0.675855 0.756019 1
16.6147 1.87497 7.11 0.8 2015 1 17 8 37 10.65 0.919389 0.675855 0.756019 1
17.448 2.9391 7.5 0.8 2014 2 13 13 22 2.44 0.919389 0.675855 0.756019 1
14.4504 0.913022 5.9 0.8 2014 5 27 21 53 10.02 0.919389 0.675855 0.756019 1
20.0159 4.5988 8.51 0.8 2015 1 10 14 45 14.31 0.919389 0.675855 0.756019 1
19.6493 4.20283 8.53 0.8 2015 2 5 10 35 55.1 0.919389 0.675855 0.756019 1
19.8392 4.44946 8.63 0.8 2015 3 28 12 6 25.11 0.919389 0.675855 0.756019 1
20.1101 4.54398 8.27 0.8 2015 5 25 3 56 4.44 0.919389 0.675855 0.756019 1
20.1681 4.70555 8.53 0.8 2015 12 24 3 48 52.91 0.919389 0.675855 0.756019 1
18.3197 1.4035 7.4 0.79 2014 9 9 2 30 11.89 0.919389 0.675855 0.756019 1
18.4552 1.26151 7.8 0.79 2014 9 17 8 23 5.23 0.919389 0.675855 0.756019 1
18.6146 1.28363 7.46 0.79 2014 11 25 15 5 46.25 0.919389 0.675855 0.756019 1
18.8616 1.19679 7.59 0.79 2014 12 9 16 27 24.46 0.919389 0.675855 0.756019 1
16.172 1.75143 7.15 0.79 2015 8 28 19 2 40.04 0.919389 0.675855 0.756019 1
17.9596 3.12513 7.55 0.79 2014 1 15 23 5 57.42 0.919389 0.675855 0.756019 1
16.677 2.58628 7.22 0.79 2014 4 20 5 40 24.78 0.919389 0.675855 0.756019 1
20.0717 4.62638 8.54 0.79 2015 4 23 7 23 36.45 0.919389 0.675855 0.756019 1
19.7522 4.54576 8.21 0.79 2015 5 25 5 54 13.62 0.919389 0.675855 0.756019 1
19.7718 4.54487 8.25 0.79 2015 5 25 5 57 41.52 0.919389 0.675855 0.756019 1
16.3423 2.34377 6.75 0.79 2016 5 20 9 53 53.93 0.919389 0.675855 0.756019 1
19.9595 4.57478 8.34 0.79 2016 9 6 11 19 37.12 0.919389 0.675855 0.756019 1
18.2211 1.40128 7.64 0.78 2014 9 8 1 58 3.6 0.919389 0.675855 0.756019 1
17.8335 1.52704 7.53 0.78 2014 9 11 10 52 5.62 0.919389 0.675855 0.756019 1
18.0465 1.55417 7.63 0.78 2014 9 19 4 15 38.07 0.919389 0.675855 0.756019 1
18.3414 1.2972 7.64 0.78 2014 10 26 11 5 41.62 0.919389 0.675855 0.756019 1
19.0791 1.02844 7.84 0.78 2014 11 26 9 20 24.26 0.919389 0.675855 0.756019 1
17.7444 1.56373 7.51 0.78 2014 11 28 21 27 59.68 0.919389 0.675855 0.756019 1
19.1768 0.9873 7.79 0.78 2015 3 30 5 11 23.59 0.919389 0.675855 0.756019 1
18.8341 1.19312 7.81 0.78 2015 7 2 10 43 21.68 0.919389 0.675855 0.756019 1
17.8537 1.62656 7.61 0.78 2015 7 2 10 50 50.89 0.919389 0.675855 0.756019 1
17.9429 2.71838 7.58 0.78 2013 12 13 20 43 39.24 0.919389 0.675855 0.756019 1
17.6814 2.64188 7.47 0.78 2013 12 29 3 23 18.42 0.919389 0.675855 0.756019 1
16.6387 2.49077 7.14 0.78 2014 5 10 1 51 36.77 0.919389 0.675855 0.756019 1
20.1297 4.69154 8.73 0.78 2015 8 30 5 23 58.68 0.919389 0.675855 0.756019 1
19.1929 1.0628 7.45 0.77 2013 8 20 4 35 25.72 0.919389 0.675855 0.756019 1
18.6639 1.27229 7.47 0.77 2013 8 21 10 14 8.2 0.919389 0.675855 0.756019 1
16.985 1.96459 7.25 0.77 2013 10 7 2 43 1.78 0.919389 0.675855 0.756019 1
18.3487 1.37959 7.38 0.77 2014 9 7 17 33 40.32 0.919389 0.675855 0.756019 1
18.1168 1.40306 7.35 0.77 2014 9 7 19 1 17.7 0.919389 0.675855 0.756019 1
17.5343 1.5773 7.19 0.77 2014 9 8 2 2 5.35 0.919389 0.675855 0.756019 1
18.1806 1.31077 7.27 0.77 2014 9 9 5 56 56.4 0.919389 0.675855 0.756019 1
17.6343 1.64735 7.56 0.77 2014 9 19 0 48 53.04 0.919389 0.675855 0.756019 1
17.7936 1.63468 7.57 0.77 2014 9 25 6 30 55.18 0.919389 0.675855 0.756019 1
17.627 1.66281 7.28 0.77 2014 10 4 1 34 34.12 0.919389 0.675855 0.756019 1
18.0682 1.58631 7.65 0.77 2014 10 7 13 18 39.06 0.919389 0.675855 0.756019 1
18.3371 1.44286 7.68 0.77 2014 10 12 4 4 22.54 0.919389 0.675855 0.756019 1
18.5226 1.22159 7.37 0.77 2014 10 26 8 45 28.41 0.919389 0.675855 0.756019 1
17.969 3.10612 7.56 0.77 2014 1 5 6 20 50.57 0.919389 0.675855 0.756019 1
17.2727 2.80789 7.48 0.77 2014 2 12 11 28 4.43 0.919389 0.675855 0.756019 1
15.025 0.763798 6.2 0.77 2014 5 24 18 20 2.08 0.919389 0.675855 0.756019 1
15.9829 1.87041 6.92 0.77 2014 11 7 7 50 13.55 0.919389 0.675855 0.756019 1
19.4855 4.59335 8.18 0.77 2015 5 24 12 36 46.24 0.919389 0.675855 0.756019 1
20.0775 4.64984 8.48 0.77 2015 5 28 21 57 58.96 0.919389 0.675855 0.756019 1
18.0118 1.44198 7.55 0.76 2014 9 7 12 23 43.99 0.919389 0.675855 0.756019 1
19.153 1.08904 7.83 0.76 2014 9 12 7 27 40.47 0.919389 0.675855 0.756019 1
17.4785 1.68316 7.48 0.76 2014 9 14 5 24 38.57 0.919389 0.675855 0.756019 1
18.8689 1.26095 7.89 0.76 2014 9 16 17 39 22.44 0.919389 0.675855 0.756019 1
18.8023 1.26595 7.88 0.76 2014 11 25 16 55 35.88 0.919389 0.675855 0.756019 1
18.8276 1.20079 7.9 0.76 2014 11 26 6 55 12.15 0.919389 0.675855 0.756019 1
18.424 1.40717 7.39 0.76 2014 12 1 1 55 35.39 0.919389 0.675855 0.756019 1
17.9936 1.5574 7.36 0.76 2014 12 1 10 10 18 0.919389 0.675855 0.756019 1
17.8422 1.58219 7.3 0.76 2014 12 2 5 8 50.26 0.919389 0.675855 0.756019 1
18.9943 1.16054 7.82 0.76 2015 1 13 11 2 27.16 0.919389 0.675855 0.756019 1
18.6487 1.24016 7.48 0.76 2015 1 13 11 37 34.36 0.919389 0.675855 0.756019 1
18.6849 1.08726 7.53 0.76 2015 8 14 23 52 26.2 0.919389 0.675855 0.756019 1
15.041 0.72399 6.13 0.76 2014 5 23 1 24 20.81 0.919389 0.675855 0.756019 1
14.4852 0.840634 6.3 0.76 2014 6 5 3 18 6.18 0.919389 0.675855 0.756019 1
14.9909 1.30532 6.24 0.76 2015 7 10 9 47 38.92 0.919389 0.675855 0.756019 1
19.5138 4.20784 8.4 0.76 2016 4 30 2 23 36.82 0.919389 0.675855 0.756019 1
19.4493 4.16714 8.45 0.76 2016 7 16 11 8 57.5 0.919389 0.675855 0.756019 1
19.9775 0.910353 7.52 0.75 2013 6 16 8 49 0.17 0.919389 0.675855 0.756019 1
18.2321 1.35057 7.61 0.75 2014 9 7 2 2 38.54 0.919389 0.675855 0.756019 1
16.2213 1.69127 7.19 0.75 2014 9 20 7 33 58.32 0.919389 0.675855 0.756019 1
18.1421 1.5465 7.65 0.75 2014 11 20 19 18 16.84 0.919389 0.675855 0.756019 1
18.6639 1.28319 7.5 0.75 2015 1 13 11 39 59.42 0.919389 0.675855 0.756019 1
16.5828 2.05733 7.15 0.75 2015 8 7 12 9 38.45 0.919389 0.675855 0.756019 1
16.8409 2.59029 7.24 0.75 2014 5 9 7 57 43.72 0.919389 0.675855 0.756019 1
19.945 0.911687 7.54 0.74 2013 6 21 9 16 21.74 0.919389 0.675855 0.756019 1
18.6429 1.27863 7.43 0.74 2013 8 21 6 32 10.4 0.919389 0.675855 0.756019 1
17.072 1.74743 7.26 0.74 2013 10 22 1 11 37.75 0.919389 0.675855 0.756019 1
17.5865 1.54061 7.17 0.74 2014 9 7 23 51 2.88 0.919389 0.675855 0.756019 1
18.1176 1.53471 7.68 0.74 2014 9 23 5 5 2.34 0.919389 0.675855 0.756019 1
19.0015 1.22748 7.59 0.74 2015 1 19 6 59 36.94 0.919389 0.675855 0.756019 1
17.4988 2.84959 7.49 0.74 2013 12 25 10 47 47.87 0.919389 0.675855 0.756019 1
14.8402 0.783702 6.17 0.74 2014 5 25 20 47 54.3 0.919389 0.675855 0.756019 1
14.8706 0.785036 6.23 0.74 2014 5 28 3 32 17.56 0.919389 0.675855 0.756019 1
19.6406 4.3137 8.54 0.74 2015 4 5 6 8 20.07 0.919389 0.675855 0.756019 1
19.7739 4.55755 8.26 0.74 2015 5 23 14 2 22.68 0.919389 0.675855 0.756019 1
18.9008 1.19134 7.5 0.73 2013 8 21 13 35 4.5 0.919389 0.675855 0.756019 1
17.8089 1.51214 7.27 0.73 2014 9 8 1 59 7.06 0.919389 0.675855 0.756019 1
17.6618 1.65236 7.31 0.73 2014 10 20 23 35 36.4 0.919389 0.675855 0.756019 1
18.916 1.21803 7.6 0.73 2015 1 15 9 31 33.99 0.919389 0.675855 0.756019 1
18.8023 1.14698 7.58 0.73 2015 1 24 13 51 3.82 0.919389 0.675855 0.756019 1
17.9603 3.03873 7.59 0.73 2013 11 3 11 5 20.8 0.919389 0.675855 0.756019 1
18.2386 2.91831 7.65 0.73 2013 11 8 0 31 18.78 0.919389 0.675855 0.756019 1
17.9661 3.13592 7.57 0.73 2014 2 18 2 36 45.24 0.919389 0.675855 0.756019 1
19.6363 4.26166 8.37 0.73 2015 4 29 8 2 4.42 0.919389 0.675855 0.756019 1
16.3256 1.99439 6.9 0.73 2015 5 30 6 23 57.18 0.919389 0.675855 0.756019 1
19.7515 4.34672 8.4 0.73 2015 7 9 3 57 34.28 0.919389 0.675855 0.756019 1
17.6168 1.73108 7.29 0.72 2013 12 18 4 42 54.41 0.919389 0.675855 0.756019 1
17.7458 1.57096 7.52 0.72 2014 9 13 22 29 33.32 0.919389 0.675855 0.756019 1
18.7429 1.16966 7.84 0.72 2014 10 15 3 40 19.44 0.919389 0.675855 0.756019 1
18.2871 1.36458 7.65 0.72 2014 10 26 10 45 22.45 0.919389 0.675855 0.756019 1
17.8835 1.58631 7.56 0.72 2014 11 27 10 27 6.1 0.919389 0.675855 0.756019 1
18.4726 1.09271 7.74 0.72 2014 12 10 0 54 2.26 0.919389 0.675855 0.756019 1
17.3669 1.7402 7.25 0.72 2014 12 19 19 48 54.22 0.919389 0.675855 0.756019 1
18.2197 1.57819 7.66 0.72 2014 12 21 1 22 42.88 0.919389 0.675855 0.756019 1
14.6859 0.829848 6.34 0.72 2014 6 2 15 27 4.21 0.919389 0.675855 0.756019 1
19.837 4.43679 8.43 0.72 2015 2 4 5 4 7.66 0.919389 0.675855 0.756019 1
19.7217 4.32548 8.44 0.72 2015 3 10 13 32 47.06 0.919389 0.675855 0.756019 1
19.7189 4.3227 8.43 0.72 2015 3 28 6 41 37.11 0.919389 0.675855 0.756019 1
18.382 1.35469 7.37 0.71 2014 9 2 13 53 2.94 0.919389 0.675855 0.756019 1
17.9001 1.34879 7.37 0.71 2014 9 11 23 18 54.5 0.919389 0.675855 0.756019 1
19.0465 1.25561 7.55 0.71 2015 1 1 20 36 36.42 0.919389 0.675855 0.756019 1
18.6189 1.27096 7.5 0.71 2015 1 13 12 16 22.83 0.919389 0.675855 0.756019 1
18.5197 1.03567 7.56 0.71 2015 1 19 0 47 28.96 0.919389 0.675855 0.756019 1
14.1446 2.95323 7.01 0.71 2015 3 21 14 54 28.62 0.919389 0.675855 0.756019 1
16.7097 2.57405 7.22 0.71 2014 4 21 10 49 30.67 0.919389 0.675855 0.756019 1
14.6091 0.82262 6.46 0.71 2014 6 20 10 26 50.51 0.919389 0.675855 0.756019 1
18.174 1.52971 7.37 0.7 2014 10 13 7 44 34.64 0.919389 0.675855 0.756019 1
17.7343 1.70084 7.72 0.7 2014 10 18 1 19 11.01 0.919389 0.675855 0.756019 1
18.7131 1.1144 7.55 0.7 2014 12 27 8 53 27.69 0.919389 0.675855 0.756019 1
17.264 2.75141 7.44 0.7 2013 10 1 0 49 46.32 0.919389 0.675855 0.756019 1
17.393 2.75997 7.49 0.7 2013 12 16 4 35 27.45 0.919389 0.675855 0.756019 1
14.7642 0.798157 6.33 0.7 2014 6 1 3 12 9.53 0.919389 0.675855 0.756019 1
20.0747 4.61959 8.58 0.7 2015 3 15 2 22 13.7 0.919389 0.675855 0.756019 1
19.6443 4.34761 8.65 0.7 2015 8 25 2 22 30.73 0.919389 0.675855 0.756019 1
19.7942 4.33493 8.35 0.7 2015 9 11 18 10 24.9 0.919389 0.675855 0.756019 1
19.445 4.17615 8.43 0.7 2016 7 15 13 24 9.5 0.919389 0.675855 0.756019 1
17.6973 1.78001 7.26 0.69 2013 12 12 9 53 19.04 0.919389 0.675855 0.756019 1
17.6495 1.57597 7.29 0.69 2014 9 8 12 7 50.04 0.919389 0.675855 0.756019 1
16.4539 1.67315 7.37 0.69 2014 9 17 2 14 37.55 0.919389 0.675855 0.756019 1
18.3436 1.30131 7.39 0.69 2014 9 20 1 6 55.39 0.919389 0.675855 0.756019 1
18.5523 1.06958 7.59 0.69 2014 11 25 11 2 1.4 0.919389 0.675855 0.756019 1
18.4776 1.10127 7.73 0.69 2014 11 30 11 5 11.49 0.919389 0.675855 0.756019 1
19.2051 1.03745 7.79 0.69 2015 3 30 5 29 6.39 0.919389 0.675855 0.756019 1
17.9552 3.13281 7.61 0.69 2014 1 13 20 22 41.4 0.919389 0.675855 0.756019 1
17.251 2.78076 7.48 0.69 2014 2 12 22 22 46.1 0.919389 0.675855 0.756019 1
14.8946 0.787705 6.15 0.69 2014 5 27 9 34 50.96 0.919389 0.675855 0.756019 1
15.0496 0.752456 6.19 0.69 2014 5 29 11 22 40.64 0.919389 0.675855 0.756019 1
14.6069 0.826623 6.24 0.69 2014 6 8 16 18 43.1 0.919389 0.675855 0.756019 1
16.0286 2.1365 6.89 0.69 2016 1 21 14 42 19.79 0.919389 0.675855 0.756019 1
18.2363 1.42474 7.66 0.68 2014 9 7 12 41 18.59 0.919389 0.675855 0.756019 1
17.853 1.51481 7.28 0.68 2014 9 8 2 9 47.72 0.919389 0.675855 0.756019 1
18.2654 1.53427 7.62 0.68 2014 10 15 15 54 17.61 0.919389 0.675855 0.756019 1
16.5525 2.06089 7.52 0.68 2014 12 5 22 21 0.92 0.919389 0.675855 0.756019 1
17.9161 3.09656 7.56 0.68 2014 1 7 1 45 21.33 0.919389 0.675855 0.756019 1
17.5082 2.78621 7.51 0.68 2014 2 17 3 52 40.14 0.919389 0.675855 0.756019 1
19.6529 4.33727 8.53 0.68 2015 6 15 10 7 41.05 0.919389 0.675855 0.756019 1
19.4146 4.14946 8.42 0.68 2016 7 15 13 31 2.87 0.919389 0.675855 0.756019 1
18.6878 1.25194 7.77 0.67 2013 8 21 6 11 36.01 0.919389 0.675855 0.756019 1
18.6378 1.23793 7.44 0.67 2013 8 21 6 18 55.18 0.919389 0.675855 0.756019 1
18.1892 1.38593 7.36 0.67 2014 9 17 4 49 53.46 0.919389 0.675855 0.756019 1
17.6357 1.63968 7.3 0.67 2014 9 19 0 35 13.7 0.919389 0.675855 0.756019 1
18.5559 1.04023 7.55 0.67 2015 1 6 9 50 40.08 0.919389 0.675855 0.756019 1
18.2857 1.42474 7.73 0.67 2015 7 3 4 47 22.95 0.919389 0.675855 0.756019 1
17.3473 2.7265 7.46 0.67 2013 12 18 14 57 52.5 0.919389 0.675855 0.756019 1
17.369 2.72917 7.46 0.67 2013 12 19 3 51 5.94 0.919389 0.675855 0.756019 1
19.8703 4.46348 8.37 0.67 2015 2 6 4 48 1.55 0.919389 0.675855 0.756019 1
17.6748 1.61978 7.28 0.66 2014 9 20 7 9 26.04 0.919389 0.675855 0.756019 1
18.1777 1.52571 7.38 0.66 2014 10 11 13 34 35.09 0.919389 0.675855 0.756019 1
18.4653 1.40628 7.74 0.66 2015 7 2 7 1 35.69 0.919389 0.675855 0.756019 1
17.9574 3.12869 7.55 0.66 2014 3 25 3 28 8.94 0.919389 0.675855 0.756019 1
18.4683 1.35691 7.41 0.65 2014 10 12 3 38 2.85 0.919389 0.675855 0.756019 1
18.0444 1.52293 7.32 0.65 2014 11 21 0 59 42.95 0.919389 0.675855 0.756019 1
17.3031 2.84592 7.48 0.65 2014 2 16 6 51 49.91 0.919389 0.675855 0.756019 1
17.2081 2.72605 7.49 0.65 2014 3 10 7 49 12.47 0.919389 0.675855 0.756019 1
19.9065 4.45892 8.33 0.65 2015 2 8 8 34 45.09 0.919389 0.675855 0.756019 1
17.0894 2.03064 7.23 0.64 2013 9 24 10 48 27.32 0.919389 0.675855 0.756019 1
17.7639 1.79902 7.52 0.64 2013 12 10 7 12 5.81 0.919389 0.675855 0.756019 1
17.7371 1.80892 7.54 0.64 2013 12 17 5 13 8.41 0.919389 0.675855 0.756019 1
16.0952 1.68405 7.24 0.64 2014 9 21 7 1 56.72 0.919389 0.675855 0.756019 1
18.6856 1.30721 7.87 0.64 2014 10 12 4 7 13.65 0.919389 0.675855 0.756019 1
18.5776 1.06369 7.57 0.64 2015 1 6 21 33 10.44 0.919389 0.675855 0.756019 1
16.722 2.54325 7.17 0.64 2014 5 4 1 43 11.46 0.919389 0.675855 0.756019 1
18.8073 1.15598 7.43 0.63 2013 8 21 6 51 56.68 0.919389 0.675855 0.756019 1
18.04 1.41218 7.47 0.63 2014 9 7 16 11 42.21 0.919389 0.675855 0.756019 1
17.9647 1.59676 7.64 0.63 2014 9 13 13 53 56.38 0.919389 0.675855 0.756019 1
14.4765 0.873214 5.83 0.63 2014 5 31 4 0 34.1 0.919389 0.675855 0.756019 1
14.5924 0.832072 6.11 0.63 2014 6 1 4 40 0.7 0.919389 0.675855 0.756019 1
14.8431 0.752901 6 0.63 2014 6 1 9 54 21.5 0.919389 0.675855 0.756019 1
17.6393 1.58497 7.28 0.62 2014 9 13 22 25 6.96 0.919389 0.675855 0.756019 1
18.5501 1.37226 7.42 0.62 2014 9 21 8 12 54.1 0.919389 0.675855 0.756019 1
16.8299 1.9935 7.02 0.62 2014 11 28 9 39 16.81 0.919389 0.675855 0.756019 1
18.6233 1.0827 7.58 0.62 2015 1 16 11 59 26.7 0.919389 0.675855 0.756019 1
17.3545 2.72694 7.43 0.62 2013 12 19 9 0 5.28 0.919389 0.675855 0.756019 1
19.7616 0.988189 7.57 0.61 2013 6 16 7 12 18.38 0.919389 0.675855 0.756019 1
17.6604 1.77278 7.56 0.61 2013 12 11 23 15 49.38 0.919389 0.675855 0.756019 1
18.4951 1.35335 7.41 0.61 2014 9 7 17 37 58.82 0.919389 0.675855 0.756019 1
16.093 1.68627 7.25 0.61 2014 9 18 1 43 3.1 0.919389 0.675855 0.756019 1
18.8928 1.26729 7.89 0.61 2015 1 13 10 5 30.87 0.919389 0.675855 0.756019 1
17.9661 3.13825 7.55 0.61 2014 1 9 12 49 53.22 0.919389 0.675855 0.756019 1
19.921 4.47749 8.35 0.61 2015 2 24 11 26 51.6 0.919389 0.675855 0.756019 1
20.1595 4.70421 8.6 0.61 2016 4 14 16 38 10.52 0.919389 0.675855 0.756019 1
18.7609 1.22615 7.76 0.6 2013 8 21 6 28 37.83 0.919389 0.675855 0.756019 1
17.4168 1.61344 7.25 0.6 2014 9 8 5 39 55.57 0.919389 0.675855 0.756019 1
18.9834 1.14786 7.83 0.6 2014 10 12 6 42 22.46 0.919389 0.675855 0.756019 1
17.0017 1.73108 7.31 0.6 2015 1 15 11 1 14.46 0.919389 0.675855 0.756019 1
17.3039 2.68213 7.44 0.6 2013 12 19 2 50 55 0.919389 0.675855 0.756019 1
16.3785 2.16141 6.89 0.6 2014 5 12 9 32 52.96 0.919389 0.675855 0.756019 1
17.3031 1.82159 7.51 0.59 2014 12 7 3 1 16.57 0.919389 0.675855 0.756019 1
17.4031 2.7464 7.48 0.59 2013 12 15 10 2 39.88 0.919389 0.675855 0.756019 1
17.6458 2.73462 7.49 0.59 2013 12 27 1 31 16.27 0.919389 0.675855 0.756019 1
18.0784 3.17261 7.54 0.59 2014 1 2 11 5 28.01 0.919389 0.675855 0.756019 1
15.8974 1.65736 6.89 0.59 2016 4 9 10 46 28.96 0.919389 0.675855 0.756019 1
19.6819 0.997196 7.58 0.58 2013 6 16 11 13 52.31 0.919389 0.675855 0.756019 1
19.2037 0.963726 7.76 0.58 2013 11 9 8 54 51.7 0.919389 0.675855 0.756019 1
17.4589 2.798 7.5 0.58 2013 12 15 22 38 56.04 0.919389 0.675855 0.756019 1
17.6712 3.01249 7.61 0.58 2014 1 1 16 6 16.02 0.919389 0.675855 0.756019 1
14.5946 0.840189 6.04 0.58 2014 5 27 8 9 40.89 0.919389 0.675855 0.756019 1
17.0988 2.07312 7.23 0.57 2013 9 23 10 27 8.43 0.919389 0.675855 0.756019 1
17.4364 1.94969 7.27 0.57 2013 10 16 22 54 31.88 0.919389 0.675855 0.756019 1
18.874 1.23971 7.53 0.57 2014 10 12 15 54 34.21 0.919389 0.675855 0.756019 1
18.9936 1.26506 7.52 0.57 2014 11 27 14 20 32.3 0.919389 0.675855 0.756019 1
17.2857 2.79577 7.58 0.57 2013 10 1 0 30 23.58 0.919389 0.675855 0.756019 1
17.2596 2.7772 7.47 0.57 2014 2 11 14 52 52.26 0.919389 0.675855 0.756019 1
14.8308 0.792264 6.28 0.57 2014 5 29 12 22 17.57 0.919389 0.675855 0.756019 1
14.5693 0.913022 6.33 0.57 2014 5 30 16 2 27.56 0.919389 0.675855 0.756019 1
20.1884 4.71956 8.61 0.57 2016 1 24 6 18 42.58 0.919389 0.675855 0.756019 1
17.7154 1.80125 7.22 0.56 2013 12 11 15 51 30.86 0.919389 0.675855 0.756019 1
18.4074 1.03845 7.58 0.56 2013 12 25 16 43 37.63 0.919389 0.675855 0.756019 1
18.411 1.05735 7.59 0.56 2014 11 25 10 52 45.88 0.919389 0.675855 0.756019 1
17.127 1.82115 7.54 0.56 2015 9 20 6 54 39.01 0.919389 0.675855 0.756019 1
18.1436 2.97446 7.67 0.56 2013 11 7 9 20 27.83 0.919389 0.675855 0.756019 1
17.5191 2.77176 7.52 0.56 2014 2 18 0 25 30.19 0.919389 0.675855 0.756019 1
14.4765 0.865097 5.82 0.56 2014 4 7 9 39 28.13 0.919389 0.675855 0.756019 1
19.4037 4.14223 8.44 0.56 2016 7 30 22 30 47.76 0.919389 0.675855 0.756019 1
19.9718 4.55799 8.44 0.56 2016 9 3 5 33 8.26 0.919389 0.675855 0.756019 1
17.6306 1.77678 7.51 0.55 2014 12 6 3 23 34.81 0.919389 0.675855 0.756019 1
15.8097 2.23291 7.13 0.55 2015 9 22 17 24 41.86 0.919389 0.675855 0.756019 1
18.0023 3.02194 7.61 0.55 2013 11 9 3 7 48.1 0.919389 0.675855 0.756019 1
17.2821 2.82646 7.46 0.55 2014 2 12 11 44 54.02 0.919389 0.675855 0.756019 1
15.0286 0.747452 6.38 0.55 2014 12 2 11 38 57.33 0.919389 0.675855 0.756019 1
20.0131 4.59969 8.5 0.55 2015 1 12 1 29 21.13 0.919389 0.675855 0.756019 1
19.6392 4.35395 8.71 0.55 2015 8 22 7 10 12.76 0.919389 0.675855 0.756019 1
19.7457 1.02032 7.49 0.54 2013 6 16 9 12 17.55 0.919389 0.675855 0.756019 1
18.5349 1.05246 7.58 0.54 2013 12 26 0 45 34.56 0.919389 0.675855 0.756019 1
17.8451 1.65558 7.7 0.54 2014 9 20 11 47 17.75 0.919389 0.675855 0.756019 1
17.4958 2.81924 7.51 0.54 2013 12 21 5 31 19.6 0.919389 0.675855 0.756019 1
17.5133 2.85504 7.5 0.54 2013 12 26 5 55 11.21 0.919389 0.675855 0.756019 1
19.6348 4.44713 8.59 0.54 2016 1 18 12 22 2.29 0.919389 0.675855 0.756019 1
18.8291 1.23471 7.84 0.53 2013 8 21 8 36 37.21 0.919389 0.675855 0.756019 1
17.6799 2.99615 7.64 0.53 2013 12 23 18 46 39.64 0.919389 0.675855 0.756019 1
16.3604 2.2279 6.91 0.53 2014 2 7 20 51 45.32 0.919389 0.675855 0.756019 1
17.4009 2.91876 7.52 0.53 2014 2 12 16 23 13.51 0.919389 0.675855 0.756019 1
17.3321 2.8179 7.48 0.53 2014 2 15 9 58 16.13 0.919389 0.675855 0.756019 1
20.0145 4.58245 8.56 0.53 2015 1 22 8 31 17.31 0.919389 0.675855 0.756019 1
17.9733 1.43697 7.25 0.52 2014 9 7 9 55 3.48 0.919389 0.675855 0.756019 1
18.3487 1.38449 7.38 0.52 2015 1 13 13 50 20.04 0.919389 0.675855 0.756019 1
18.8262 1.16966 7.58 0.52 2015 12 31 3 45 54.39 0.919389 0.675855 0.756019 1
20.1094 4.6644 8.52 0.52 2015 5 21 10 26 56.61 0.919389 0.675855 0.756019 1
17.7364 1.6578 7.6 0.51 2014 11 29 10 0 5.23 0.919389 0.675855 0.756019 1
17.5777 1.67682 7.52 0.51 2014 12 3 4 46 22.72 0.919389 0.675855 0.756019 1
17.6075 2.61386 7.47 0.51 2013 12 19 0 43 49.54 0.919389 0.675855 0.756019 1
17.5495 2.84592 7.67 0.51 2014 5 2 7 39 52.15 0.919389 0.675855 0.756019 1
14.733 0.813502 6.1 0.51 2014 5 27 6 59 9.59 0.919389 0.675855 0.756019 1
17.9654 3.11835 7.53 0.5 2014 1 6 22 6 17.44 0.919389 0.675855 0.756019 1
17.4872 2.82424 7.49 0.5 2014 1 9 16 57 55.52 0.919389 0.675855 0.756019 1
17.7625 1.79758 7.5 0.49 2013 12 10 6 57 31.54 0.919389 0.675855 0.756019 1
14.6888 2.38213 7.09 0.49 2014 1 4 17 59 17.44 0.919389 0.675855 0.756019 1
18.2871 1.35869 7.68 0.49 2014 9 7 11 35 26.48 0.919389 0.675855 0.756019 1
18.6515 1.08771 7.58 0.49 2015 2 8 5 29 39.54 0.919389 0.675855 0.756019 1
17.2836 2.69937 7.47 0.49 2013 12 15 23 57 3.42 0.919389 0.675855 0.756019 1
18.0857 3.17484 7.56 0.49 2014 1 2 8 33 15.67 0.919389 0.675855 0.756019 1
17.9755 3.11424 7.58 0.49 2014 1 3 9 13 15.95 0.919389 0.675855 0.756019 1
17.485 2.82146 7.52 0.49 2014 1 9 16 56 11.53 0.919389 0.675855 0.756019 1
17.9495 3.1129 7.55 0.49 2014 3 25 3 32 47.49 0.919389 0.675855 0.756019 1
14.6584 0.816282 6.15 0.49 2014 5 27 12 28 33.4 0.919389 0.675855 0.756019 1
18.6827 1.24739 7.76 0.48 2013 8 21 6 14 59.71 0.919389 0.675855 0.756019 1
18.59 1.38593 7.74 0.48 2014 10 12 3 18 50.46 0.919389 0.675855 0.756019 1
17.1386 2.49166 7.01 0.48 2014 2 17 4 37 43.85 0.919389 0.675855 0.756019 1
16.7814 2.50255 7.25 0.48 2014 4 25 13 26 0.69 0.919389 0.675855 0.756019 1
18.7364 1.24249 7.76 0.47 2013 8 21 6 4 6.95 0.919389 0.675855 0.756019 1
18.4016 1.03389 7.58 0.47 2013 12 26 4 2 29.97 0.919389 0.675855 0.756019 1
20.4696 1.01221 7.81 0.47 2015 1 1 4 1 15.17 0.919389 0.675855 0.756019 1
18.9262 1.2366 7.61 0.47 2015 1 13 18 39 23.42 0.919389 0.675855 0.756019 1
18.6392 1.32033 7.38 0.47 2016 7 27 4 46 18.66 0.919389 0.675855 0.756019 1
17.5292 2.80256 7.57 0.47 2014 2 17 3 51 47.31 0.919389 0.675855 0.756019 1
17.6045 1.7442 7.53 0.46 2013 12 12 0 29 32.8 0.919389 0.675855 0.756019 1
17.6248 1.75377 7.28 0.46 2013 12 12 4 44 36.18 0.919389 0.675855 0.756019 1
17.5872 2.60975 7.51 0.46 2013 12 19 1 30 28.52 0.919389 0.675855 0.756019 1
14.9337 0.727548 6.08 0.46 2014 5 29 9 21 31.78 0.919389 0.675855 0.756019 1
17.59 1.75466 7.27 0.45 2013 12 22 12 37 46.8 0.919389 0.675855 0.756019 1
17.99 1.45643 7.49 0.45 2014 9 7 3 53 1.16 0.919389 0.675855 0.756019 1
14.9989 2.32876 6.91 0.45 2015 3 7 10 0 52.02 0.919389 0.675855 0.756019 1
18.095 3.22643 7.55 0.45 2014 1 5 11 30 21.75 0.919389 0.675855 0.756019 1
17.6117 2.92331 7.28 0.45 2014 2 19 3 17 42.5 0.919389 0.675855 0.756019 1
17.6546 1.78679 7.53 0.44 2013 12 12 4 46 56.43 0.919389 0.675855 0.756019 1
17.1459 2.60619 7.49 0.44 2014 2 11 16 46 18.19 0.919389 0.675855 0.756019 1
17.5226 2.87539 7.51 0.44 2014 2 12 1 34 34.27 0.919389 0.675855 0.756019 1
17.6328 1.77322 7.53 0.43 2013 12 17 5 20 35.24 0.919389 0.675855 0.756019 1
18.2603 1.27819 7.34 0.43 2014 3 7 7 23 22.19 0.919389 0.675855 0.756019 1
17.5335 1.65058 7.53 0.43 2014 9 8 7 0 34.66 0.919389 0.675855 0.756019 1
18.5023 1.38771 7.42 0.43 2014 9 21 8 45 33.44 0.919389 0.675855 0.756019 1
17.4415 2.79344 7.49 0.43 2013 12 23 15 1 58.52 0.919389 0.675855 0.756019 1
18.532 1.05246 7.58 0.42 2013 12 26 4 18 0.62 0.919389 0.675855 0.756019 1
18.319 1.3945 7.41 0.42 2014 9 7 20 22 20.36 0.919389 0.675855 0.756019 1
16.3858 1.8564 7 0.42 2016 1 2 2 27 5.54 0.919389 0.675855 0.756019 1
17.6553 2.64599 7.52 0.42 2013 12 29 1 29 52.69 0.919389 0.675855 0.756019 1
16.4082 2.19354 6.9 0.42 2014 5 28 2 33 45.31 0.919389 0.675855 0.756019 1
17.6285 1.76778 7.49 0.41 2013 12 13 4 18 45.09 0.919389 0.675855 0.756019 1
19.0493 1.2664 7.64 0.41 2014 12 23 1 59 44.34 0.919389 0.675855 0.756019 1
17.9465 3.10612 7.58 0.41 2014 2 18 3 4 37.61 0.919389 0.675855 0.756019 1
18.7704 1.27507 7.51 0.4 2013 8 21 10 52 42.6 0.919389 0.675855 0.756019 1
17.6212 1.77589 7.5 0.4 2013 12 12 6 38 58.26 0.919389 0.675855 0.756019 1
18.448 1.04835 7.58 0.4 2013 12 25 16 11 48.55 0.919389 0.675855 0.756019 1
18.6349 1.0221 7.47 0.4 2013 12 26 20 7 19.36 0.919389 0.675855 0.756019 1
18.0806 3.18073 7.54 0.4 2014 1 2 10 52 6.98 0.919389 0.675855 0.756019 1
19.8645 4.45714 8.38 0.4 2015 3 15 2 46 34.78 0.919389 0.675855 0.756019 1
17.0857 2.0799 7.2 0.39 2013 9 23 7 43 28.11 0.919389 0.675855 0.756019 1
17.9204 3.27625 7.53 0.39 2013 11 6 21 17 15.24 0.919389 0.675855 0.756019 1
17.3944 2.52924 7.04 0.39 2013 12 16 12 58 30.58 0.919389 0.675855 0.756019 1
17.6219 1.75821 7.39 0.38 2013 12 23 0 48 21.68 0.919389 0.675855 0.756019 1
18.6827 1.1492 7.58 0.38 2014 11 27 15 5 32.31 0.919389 0.675855 0.756019 1
17.3611 2.72516 7.45 0.38 2013 12 18 5 40 19.81 0.919389 0.675855 0.756019 1
19.7428 4.34405 8.38 0.38 2015 7 9 4 49 0.21 0.919389 0.675855 0.756019 1
16.3503 2.00751 6.91 0.38 2015 10 31 1 36 15.92 0.919389 0.675855 0.756019 1
18.7769 1.26873 7.54 0.37 2013 8 21 10 39 8.65 0.919389 0.675855 0.756019 1
18.9733 1.12296 7.47 0.36 2013 8 22 9 56 53.69 0.919389 0.675855 0.756019 1
17.4328 1.9637 7.3 0.36 2013 12 26 5 47 28.66 0.919389 0.675855 0.756019 1
17.5545 2.96223 7.52 0.36 2014 2 15 9 57 31.13 0.919389 0.675855 0.756019 1
17.1444 2.04832 7.26 0.35 2013 9 25 1 42 16.01 0.919389 0.675855 0.756019 1
17.4907 2.77587 7.47 0.35 2013 12 21 18 47 43.88 0.919389 0.675855 0.756019 1
18.7088 1.12796 7.6 0.34 2014 11 26 7 41 40.34 0.919389 0.675855 0.756019 1
19.9471 4.54487 8.51 0.34 2014 12 25 6 0 12.92 0.919389 0.675855 0.756019 1
17.8059 1.33701 7.63 0.33 2013 9 4 10 0 20.81 0.919389 0.675855 0.756019 1
17.4937 2.81924 7.47 0.33 2013 12 16 3 27 22.29 0.919389 0.675855 0.756019 1
17.7546 1.80803 7.66 0.32 2013 12 17 23 21 32.12 0.919389 0.675855 0.756019 1
18.7023 1.12207 7.61 0.32 2014 11 25 10 28 51.38 0.919389 0.675855 0.756019 1
15.0445 0.762797 6.22 0.32 2014 6 1 10 26 46.41 0.919389 0.675855 0.756019 1
17.3582 2.72516 7.44 0.31 2013 12 18 12 56 4.21 0.919389 0.675855 0.756019 1
17.4799 2.80389 7.52 0.31 2013 12 21 9 24 56.06 0.919389 0.675855 0.756019 1
14.7228 0.430769 5.96 0.31 2016 2 15 3 24 3.17 0.919389 0.675855 0.756019 1
17.5408 1.62889 7.35 0.3 2013 12 17 7 46 32.79 0.919389 0.675855 0.756019 1
19.5153 4.17837 8.36 0.3 2016 6 5 12 50 9.33 0.919389 0.675855 0.756019 1
17.3697 2.73918 7.47 0.29 2013 12 16 11 14 42.26 0.919389 0.675855 0.756019 1
17.5712 1.6746 7.68 0.28 2013 12 17 3 43 35 0.919389 0.675855 0.756019 1
17.3951 2.73106 7.45 0.28 2013 12 16 5 18 42.19 0.919389 0.675855 0.756019 1
17.94 3.11924 7.55 0.28 2014 1 11 6 43 37.53 0.919389 0.675855 0.756019 1
17.3292 2.82424 7.55 0.28 2014 2 15 10 6 49.71 0.919389 0.675855 0.756019 1
17.648 1.80714 7.51 0.27 2013 12 22 15 32 24.18 0.919389 0.675855 0.756019 1
18.448 1.06825 7.6 0.27 2013 12 25 13 38 58.3 0.919389 0.675855 0.756019 1
19.7826 4.41688 8.62 0.27 2015 3 5 10 29 41.8 0.919389 0.675855 0.756019 1
17.4328 1.9428 7.28 0.25 2013 12 26 11 51 57.76 0.919389 0.675855 0.756019 1
18.5429 1.05468 7.58 0.25 2013 12 30 8 29 4.19 0.919389 0.675855 0.756019 1
17.7567 1.80936 7.62 0.24 2013 12 10 7 0 58.46 0.919389 0.675855 0.756019 1
17.6052 1.75599 7.51 0.24 2013 12 23 0 49 56.49 0.919389 0.675855 0.756019 1
19.0269 1.19001 7.89 0.24 2014 10 12 6 50 14.55 0.919389 0.675855 0.756019 1
15.0772 2.2686 6.99 0.24 2015 3 7 9 24 25.22 0.919389 0.675855 0.756019 1
19.4855 4.18427 8.42 0.24 2016 5 6 8 53 53.3 0.919389 0.675855 0.756019 1
16.9698 2.39981 6.86 0.22 2014 2 12 18 56 38.2 0.919389 0.675855 0.756019 1
18.0762 1.56863 7.65 0.21 2014 11 9 7 27 51.81 0.919389 0.675855 0.756019 1
17.9487 3.11646 7.56 0.21 2014 1 15 23 32 33.2 0.919389 0.675855 0.756019 1
17.4154 2.90608 7.51 0.21 2014 2 13 8 37 8.07 0.919389 0.675855 0.756019 1
17.6082 1.75554 7.53 0.2 2013 12 12 4 8 35.68 0.919389 0.675855 0.756019 1
18.603 1.08226 7.58 0.18 2013 12 26 10 48 3.51 0.919389 0.675855 0.756019 1
17.2408 2.75496 7.55 0.18 2014 2 11 6 48 46.46 0.919389 0.675855 0.756019 1
18.661 1.30943 7.86 0.17 2013 8 21 9 24 27.49 0.919389 0.675855 0.756019 1
17.5719 2.81379 7.53 0.17 2014 2 12 8 51 46.73 0.919389 0.675855 0.756019 1
17.756 1.81159 7.25 0.15 2013 12 23 3 5 16.45 0.919389 0.675855 0.756019 1
16.9894 2.50611 6.82 0.15 2014 2 17 3 19 33.89 0.919389 0.675855 0.756019 1
16.359 2.20933 6.88 0.14 2013 12 21 4 6 52.55 0.919389 0.675855 0.756019 1
17.5429 1.54472 7.34 0.13 2013 12 18 7 26 14.8 0.919389 0.675855 0.756019 1
17.7117 1.82382 7.41 0.13 2013 12 23 0 46 48.24 0.919389 0.675855 0.756019 1
17.8009 1.38994 7.67 0.12 2013 9 4 10 2 41.16 0.919389 0.675855 0.756019 1
17.7059 2.65867 7.46 0.12 2013 12 29 3 39 54.97 0.919389 0.675855 0.756019 1
17.3806 2.73373 7.49 0.1 2013 12 24 5 14 30.48 0.919389 0.675855 0.756019 1
18.5168 1.03067 7.54 0.09 2013 12 26 7 40 31.52 0.919389 0.675855 0.756019 1
18.6457 1.28319 7.47 0.06 2013 8 21 9 23 41.28 0.919389 0.675855 0.756019 1
17.4538 1.94102 7.3 0.04 2013 12 26 11 41 52.12 0.919389 0.675855 0.756019 1
14.7127 1.13252 6.32 0.01 2015 8 27 8 15 29.49 0.919389 0.675855 0.756019 1
17.7784 1.83561 7.59 -0.01 2013 12 10 11 55 56.39 0.919389 0.675855 0.756019 1
6.06913 4.81096 6.29 2.97 2014 11 21 4 34 13.9 0.799266 0.260908 0.607437 2
5.4351 5.28009 6.01 2.93 2014 10 9 10 19 55.15 0.799266 0.260908 0.607437 2
5.71619 5.01233 6.16 2.91 2014 7 27 20 39 10.56 0.799266 0.260908 0.607437 2
5.75902 4.97608 6.36 2.86 2014 8 2 19 3 13.6 0.799266 0.260908 0.607437 2
6.81545 4.35128 6.17 2.85 2015 7 27 17 6 58.76 0.799266 0.260908 0.607437 2
5.79882 5.01133 5.94 2.69 2014 7 16 7 15 15.36 0.799266 0.260908 0.607437 2
6.77921 4.36796 6.2 2.64 2016 10 14 8 21 34.64 0.799266 0.260908 0.607437 2
5.88438 4.92816 6.25 2.47 2014 12 4 1 29 30.89 0.799266 0.260908 0.607437 2
5.63722 5.17512 5.93 2.37 2014 7 12 2 27 17.64 0.799266 0.260908 0.607437 2
6.0329 4.86255 6.21 2.34 2015 2 3 9 16 24.53 0.799266 0.260908 0.607437 2
6.04955 4.85344 6.17 2.28 2014 11 16 15 3 35.67 0.799266 0.260908 0.607437 2
5.55103 5.18969 5.93 2.2 2014 7 6 9 12 12.56 0.799266 0.260908 0.607437 2
5.94377 5.02045 5.97 2.17 2014 7 19 21 16 50.62 0.799266 0.260908 0.607437 2
5.82633 5.01322 6.09 2.16 2014 7 15 23 47 34.92 0.799266 0.260908 0.607437 2
6.12051 4.78694 6.21 2.16 2014 11 21 2 6 3.76 0.799266 0.260908 0.607437 2
6.13502 4.77471 6.21 2.06 2014 11 16 18 36 49 0.799266 0.260908 0.607437 2
5.40901 5.30011 5.96 2.03 2014 6 28 10 6 17.06 0.799266 0.260908 0.607437 2
5.66918 5.0517 6.26 2 2014 12 4 5 3 17.48 0.799266 0.260908 0.607437 2
5.76187 4.98565 6.38 1.97 2014 7 27 21 57 52.66 0.799266 0.260908 0.607437 2
5.68797 5.02356 6.39 1.96 2014 8 9 3 25 30.24 0.799266 0.260908 0.607437 2
5.73364 5.01322 6.2 1.87 2014 7 16 7 14 59.94 0.799266 0.260908 0.607437 2
6.11472 4.79461 6.09 1.83 2014 9 25 3 31 55.44 0.799266 0.260908 0.607437 2
6.07706 4.83353 6.16 1.81 2014 9 24 15 8 45.1 0.799266 0.260908 0.607437 2
6.893 4.32459 6.28 1.81 2015 11 18 17 20 0.86 0.799266 0.260908 0.607437 2
5.93433 4.9385 6.11 1.77 2014 7 16 9 48 46.02 0.799266 0.260908 0.607437 2
5.90896 4.9385 6.16 1.76 2014 12 4 1 59 8.37 0.799266 0.260908 0.607437 2
5.40536 5.25485 6.13 1.74 2014 10 9 10 21 10.65 0.799266 0.260908 0.607437 2
5.89231 4.9186 6.34 1.7 2014 8 2 21 40 14.52 0.799266 0.260908 0.607437 2
6.04305 4.88068 5.99 1.7 2014 9 25 20 17 42.4 0.799266 0.260908 0.607437 2
5.5764 5.14354 6.38 1.69 2015 3 20 2 33 46.56 0.799266 0.260908 0.607437 2
5.71192 5.02312 6.25 1.66 2014 7 27 20 41 39.92 0.799266 0.260908 0.607437 2
6.84518 4.33949 6.25 1.63 2015 10 3 12 9 17.9 0.799266 0.260908 0.607437 2
5.33511 5.33991 6 1.59 2014 10 9 11 6 34.88 0.799266 0.260908 0.607437 2
5.62787 5.12086 6.09 1.58 2014 7 16 6 31 34.31 0.799266 0.260908 0.607437 2
5.77202 4.9752 6.33 1.55 2014 7 27 20 29 54.04 0.799266 0.260908 0.607437 2
5.77923 4.97341 6.35 1.54 2014 7 27 20 40 30.72 0.799266 0.260908 0.607437 2
6.89006 4.32949 6.3 1.54 2016 1 3 9 20 55.8 0.799266 0.260908 0.607437 2
5.67417 5.16478 5.9 1.52 2014 6 30 1 43 19.28 0.799266 0.260908 0.607437 2
5.53945 5.15433 6.11 1.52 2014 6 30 8 53 14.52 0.799266 0.260908 0.607437 2
5.65903 5.11686 6.06 1.52 2014 7 27 20 41 7.06 0.799266 0.260908 0.607437 2
5.92053 5.04803 5.92 1.52 2014 9 4 3 26 17.26 0.799266 0.260908 0.607437 2
6.0459 4.82675 6.3 1.52 2014 12 4 1 9 54.4 0.799266 0.260908 0.607437 2
6.20314 4.72367 6.17 1.51 2014 12 22 13 3 36.2 0.799266 0.260908 0.607437 2
6.02275 4.83898 6.31 1.49 2014 9 20 15 6 44.33 0.799266 0.260908 0.607437 2
6.82123 4.33816 6.2 1.49 2015 9 7 0 57 46.87 0.799266 0.260908 0.607437 2
5.65752 5.03179 6.28 1.48 2014 8 3 14 38 55.17 0.799266 0.260908 0.607437 2
5.95321 4.88646 6.33 1.45 2014 8 3 6 12 9.31 0.799266 0.260908 0.607437 2
5.86186 5.07338 5.96 1.41 2014 7 16 7 34 7.11 0.799266 0.260908 0.607437 2
5.47419 5.26519 5.93 1.4 2014 6 27 18 54 55.32 0.799266 0.260908 0.607437 2
5.46261 5.2494 6.08 1.4 2014 6 30 1 36 41.22 0.799266 0.260908 0.607437 2
5.67924 5.03757 6.23 1.4 2014 7 25 2 29 45.84 0.799266 0.260908 0.607437 2
5.79739 4.96341 6.44 1.39 2014 7 28 2 21 14.75 0.799266 0.260908 0.607437 2
5.9322 4.99599 5.92 1.39 2014 12 4 9 56 20.1 0.799266 0.260908 0.607437 2
5.49013 5.24529 6.01 1.37 2014 6 30 17 48 22.06 0.799266 0.260908 0.607437 2
5.93068 5.03268 5.92 1.36 2014 9 3 12 8 32.96 0.799266 0.260908 0.607437 2
5.89525 4.90592 6.35 1.34 2014 10 29 21 46 15.88 0.799266 0.260908 0.607437 2
6.09522 4.8014 6.26 1.34 2014 12 4 1 8 48.88 0.799266 0.260908 0.607437 2
5.88652 5.01912 6.02 1.33 2014 7 19 21 33 37.36 0.799266 0.260908 0.607437 2
5.4684 5.23394 5.91 1.32 2014 6 30 1 35 19.61 0.799266 0.260908 0.607437 2
5.69669 5.0209 6.4 1.31 2014 8 2 19 2 31.72 0.799266 0.260908 0.607437 2
5.9655 4.88335 6.28 1.3 2014 11 16 15 22 8.36 0.799266 0.260908 0.607437 2
5.57133 5.20959 5.93 1.29 2014 6 27 1 7 47.62 0.799266 0.260908 0.607437 2
5.96843 4.88246 6.29 1.27 2014 12 4 1 27 59.28 0.799266 0.260908 0.607437 2
5.24741 5.32902 6.27 1.26 2014 11 9 1 5 45.09 0.799266 0.260908 0.607437 2
5.50464 5.18469 6.13 1.25 2014 6 30 6 22 11.3 0.799266 0.260908 0.607437 2
6.10172 4.76203 6.37 1.25 2014 12 10 18 27 29.82 0.799266 0.260908 0.607437 2
6.08 4.81552 6.21 1.24 2014 11 22 17 47 39.2 0.799266 0.260908 0.607437 2
5.73872 5.1381 6.16 1.23 2014 7 28 12 58 15.18 0.799266 0.260908 0.607437 2
6.83717 4.33771 6.2 1.23 2015 8 8 3 19 3.47 0.799266 0.260908 0.607437 2
5.39592 5.31 6.03 1.22 2014 6 28 18 50 29.6 0.799266 0.260908 0.607437 2
6.08944 4.8114 6.2 1.22 2014 11 17 12 33 17.43 0.799266 0.260908 0.607437 2
6.17705 4.72 6.12 1.22 2014 12 21 11 2 58.54 0.799266 0.260908 0.607437 2
5.82998 4.95162 6.23 1.2 2014 7 23 4 7 52.44 0.799266 0.260908 0.607437 2
6.15604 4.75892 6.15 1.19 2014 10 7 12 36 12.81 0.799266 0.260908 0.607437 2
5.9054 4.90281 6.35 1.18 2014 7 27 15 58 10.64 0.799266 0.260908 0.607437 2
6.07563 4.8114 6.15 1.16 2014 9 8 18 8 34.34 0.799266 0.260908 0.607437 2
6.10386 4.78783 6.14 1.16 2014 10 15 9 2 5.01 0.799266 0.260908 0.607437 2
6.88792 4.32637 6.26 1.16 2016 3 19 2 10 21.9 0.799266 0.260908 0.607437 2
6.02052 4.86934 6.08 1.15 2014 8 13 1 43 11.55 0.799266 0.260908 0.607437 2
6.25825 4.69921 6.42 1.15 2014 11 16 18 38 53.96 0.799266 0.260908 0.607437 2
6.05605 4.81863 6.3 1.14 2014 11 18 14 59 34.58 0.799266 0.260908 0.607437 2
5.84156 4.94306 6.29 1.13 2014 7 27 22 48 57.3 0.799266 0.260908 0.607437 2
6.15826 4.76348 6.14 1.13 2014 10 9 17 22 48.52 0.799266 0.260908 0.607437 2
5.88287 5.01823 6.03 1.13 2014 12 4 11 9 53.86 0.799266 0.260908 0.607437 2
5.3742 5.31856 5.99 1.12 2014 6 29 8 39 30.11 0.799266 0.260908 0.607437 2
6.05168 4.91682 5.96 1.12 2014 11 13 21 29 59.2 0.799266 0.260908 0.607437 2
6.0264 4.84076 6.3 1.12 2014 11 18 14 56 23.46 0.799266 0.260908 0.607437 2
6.16111 4.75392 6.14 1.12 2014 12 22 13 7 38.75 0.799266 0.260908 0.607437 2
6.07635 4.80596 6.3 1.11 2014 10 6 6 48 42.27 0.799266 0.260908 0.607437 2
6.8321 4.33538 6.14 1.11 2015 8 26 16 2 29.49 0.799266 0.260908 0.607437 2
5.93727 4.90058 6.23 1.1 2014 8 2 19 8 58.56 0.799266 0.260908 0.607437 2
5.79668 4.97931 6.13 1.1 2014 12 4 1 30 53.62 0.799266 0.260908 0.607437 2
6.05249 4.81863 6.3 1.09 2014 9 20 18 49 41.42 0.799266 0.260908 0.607437 2
6.82123 4.34127 6.21 1.09 2016 2 9 3 20 20.02 0.799266 0.260908 0.607437 2
5.83648 5.04847 6.03 1.08 2014 7 11 21 11 44.58 0.799266 0.260908 0.607437 2
5.82348 4.96841 6.21 1.05 2014 7 16 1 41 59.61 0.799266 0.260908 0.607437 2
6.10315 4.79695 6.2 1.05 2014 10 4 10 58 59.6 0.799266 0.260908 0.607437 2
5.73142 5.07204 6.07 1.04 2014 6 30 14 7 8.53 0.799266 0.260908 0.607437 2
5.95027 4.99332 5.99 1.04 2014 7 19 1 52 33.64 0.799266 0.260908 0.607437 2
6.15675 4.76159 6.16 1.03 2014 10 11 21 30 31.4 0.799266 0.260908 0.607437 2
6.13502 4.77071 6.16 1.03 2014 11 16 22 33 21.56 0.799266 0.260908 0.607437 2
6.88641 4.3286 6.26 1.03 2015 5 20 2 39 11.72 0.799266 0.260908 0.607437 2
5.53366 5.163 6.12 1.01 2014 6 30 6 20 55.06 0.799266 0.260908 0.607437 2
5.65102 5.07071 6.38 1.01 2014 7 25 6 16 19.36 0.799266 0.260908 0.607437 2
5.89596 4.89914 6.44 1.01 2014 8 4 1 42 11.37 0.799266 0.260908 0.607437 2
6.11401 4.78561 6.25 1.01 2014 11 20 17 39 52.36 0.799266 0.260908 0.607437 2
5.66117 5.11819 6.07 1 2014 6 30 4 8 20.34 0.799266 0.260908 0.607437 2
5.68512 5.10596 6.06 0.99 2014 7 1 18 20 4.96 0.799266 0.260908 0.607437 2
6.08356 4.80773 6.2 0.99 2014 10 15 9 5 7.71 0.799266 0.260908 0.607437 2
6.89878 4.31736 6.19 0.99 2015 5 20 7 46 7.2 0.799266 0.260908 0.607437 2
5.87201 4.92138 6.45 0.98 2014 7 26 17 43 12.68 0.799266 0.260908 0.607437 2
5.48291 5.2295 5.89 0.97 2014 6 30 3 43 44.38 0.799266 0.260908 0.607437 2
5.68725 5.0557 6.17 0.96 2014 7 25 5 46 8.74 0.799266 0.260908 0.607437 2
6.06183 4.8372 6.05 0.96 2014 10 7 12 34 17.47 0.799266 0.260908 0.607437 2
5.86622 4.91726 6.4 0.96 2014 12 5 3 16 35.37 0.799266 0.260908 0.607437 2
6.83281 4.35083 6.15 0.96 2015 9 8 19 21 33.48 0.799266 0.260908 0.607437 2
6.8857 4.32682 6.26 0.95 2015 10 2 23 4 24.84 0.799266 0.260908 0.607437 2
5.78217 4.98287 6.26 0.94 2014 7 16 8 3 25.71 0.799266 0.260908 0.607437 2
5.77923 4.96619 6.42 0.94 2014 7 27 20 55 22.18 0.799266 0.260908 0.607437 2
5.68147 5.02501 6.44 0.94 2014 7 27 23 39 53.68 0.799266 0.260908 0.607437 2
5.85536 4.92638 6.34 0.94 2014 8 2 21 42 47.26 0.799266 0.260908 0.607437 2
6.10965 4.79562 6.2 0.94 2014 9 20 4 34 22.61 0.799266 0.260908 0.607437 2
6.14375 4.75392 6.13 0.94 2014 12 10 1 36 7.52 0.799266 0.260908 0.607437 2
5.73649 5.11096 6 0.93 2014 7 6 2 42 14.87 0.799266 0.260908 0.607437 2
6.08507 4.80195 6.2 0.93 2014 11 21 5 9 1.25 0.799266 0.260908 0.607437 2
6.14081 4.76748 6.2 0.92 2014 11 16 15 43 10.51 0.799266 0.260908 0.607437 2
5.78796 4.9743 6.35 0.91 2014 7 27 20 34 45.76 0.799266 0.260908 0.607437 2
5.83141 5.04669 6.02 0.91 2014 10 9 21 29 11.98 0.799266 0.260908 0.607437 2
6.06985 4.82953 6.19 0.91 2015 2 3 11 1 47.99 0.799266 0.260908 0.607437 2
5.89302 4.92049 6.45 0.9 2014 7 25 7 15 45.51 0.799266 0.260908 0.607437 2
5.91118 4.94717 6.06 0.9 2014 10 29 12 10 51.98 0.799266 0.260908 0.607437 2
5.77638 5.10863 5.92 0.89 2014 11 14 12 12 34.87 0.799266 0.260908 0.607437 2
5.68939 5.05614 6.18 0.88 2014 7 16 6 44 33.55 0.799266 0.260908 0.607437 2
6.06842 4.82764 6.18 0.87 2014 12 4 1 36 1.08 0.799266 0.260908 0.607437 2
5.85901 5.03446 6.02 0.86 2014 7 19 21 19 46.86 0.799266 0.260908 0.607437 2
6.91107 4.31503 6.31 0.85 2015 11 18 22 50 27 0.799266 0.260908 0.607437 2
5.59011 5.18335 6.01 0.84 2014 6 30 9 29 23.91 0.799266 0.260908 0.607437 2
5.92926 4.90281 6.28 0.84 2014 7 17 14 29 48.2 0.799266 0.260908 0.607437 2
5.89373 4.90637 6.37 0.84 2014 7 27 19 34 52.66 0.799266 0.260908 0.607437 2
5.96986 4.87245 6.38 0.84 2014 8 1 22 23 31.94 0.799266 0.260908 0.607437 2
6.1336 4.77338 6.07 0.83 2014 11 19 22 51 8.88 0.799266 0.260908 0.607437 2
6.06913 4.83542 6.05 0.83 2015 2 3 8 32 44.91 0.799266 0.260908 0.607437 2
6.05168 4.82408 6.31 0.83 2015 2 3 9 23 50.39 0.799266 0.260908 0.607437 2
6.89513 4.32682 6.26 0.83 2015 12 3 3 36 36.17 0.799266 0.260908 0.607437 2
5.84227 5.09017 5.94 0.82 2014 7 6 3 40 11.56 0.799266 0.260908 0.607437 2
5.89302 4.91771 6.36 0.82 2014 7 28 8 46 47.49 0.799266 0.260908 0.607437 2
5.24812 5.31367 6.28 0.82 2014 11 9 7 7 22.89 0.799266 0.260908 0.607437 2
5.6633 5.12453 6.05 0.81 2014 7 16 6 45 11.15 0.799266 0.260908 0.607437 2
5.9785 4.97341 5.96 0.81 2014 12 4 9 57 52.42 0.799266 0.260908 0.607437 2
5.94448 4.98509 5.93 0.8 2014 9 3 14 41 15.48 0.799266 0.260908 0.607437 2
5.66767 5.05703 6.09 0.8 2014 10 9 10 22 1.37 0.799266 0.260908 0.607437 2
5.91118 4.9087 6.21 0.79 2014 8 2 21 41 3.6 0.799266 0.260908 0.607437 2
6.09736 4.8024 6.2 0.79 2014 9 12 7 22 53.22 0.799266 0.260908 0.607437 2
5.97778 4.87479 6.28 0.78 2014 11 16 15 20 43.35 0.799266 0.260908 0.607437 2
6.24445 4.95796 6.47 0.78 2014 12 20 3 4 40.24 0.799266 0.260908 0.607437 2
5.89159 4.91003 6.49 0.76 2014 7 31 22 39 52.12 0.799266 0.260908 0.607437 2
5.76988 5.08961 5.9 0.76 2014 11 14 4 1 38.77 0.799266 0.260908 0.607437 2
6.08071 4.78205 6.38 0.76 2014 12 10 18 42 24.46 0.799266 0.260908 0.607437 2
5.9452 4.99243 5.92 0.75 2014 7 20 3 51 0.42 0.799266 0.260908 0.607437 2
5.95169 4.97931 6.04 0.75 2014 8 1 9 40 38.62 0.799266 0.260908 0.607437 2
5.82856 4.96519 6.13 0.75 2014 10 29 12 42 20.4 0.799266 0.260908 0.607437 2
5.87708 5.07749 5.92 0.74 2014 7 22 11 14 56.59 0.799266 0.260908 0.607437 2
5.84957 4.91771 6.45 0.73 2014 8 14 5 28 9.32 0.799266 0.260908 0.607437 2
5.22569 5.35615 6.37 0.73 2014 10 25 10 44 47.24 0.799266 0.260908 0.607437 2
6.08944 4.78694 6.24 0.73 2014 11 21 11 5 13.38 0.799266 0.260908 0.607437 2
5.88073 4.94261 6.08 0.72 2014 10 29 12 11 13.01 0.799266 0.260908 0.607437 2
6.82194 4.34805 6.19 0.71 2015 9 6 23 19 21.6 0.799266 0.260908 0.607437 2
5.87708 4.94039 6.15 0.7 2014 11 6 8 30 9.78 0.799266 0.260908 0.607437 2
5.92347 4.87245 6.54 0.69 2014 7 31 2 21 30.88 0.799266 0.260908 0.607437 2
5.74379 4.97475 6.48 0.69 2014 7 31 8 21 10.36 0.799266 0.260908 0.607437 2
6.07056 4.81641 6.15 0.69 2014 9 20 4 33 14.88 0.799266 0.260908 0.607437 2
5.3945 5.30956 6.03 0.68 2014 7 1 0 32 8.23 0.799266 0.260908 0.607437 2
5.99737 4.84354 6.29 0.68 2014 11 20 10 16 24.7 0.799266 0.260908 0.607437 2
6.08792 4.8014 6.12 0.68 2014 11 26 1 22 19.03 0.799266 0.260908 0.607437 2
5.95241 4.97742 6.04 0.67 2014 12 4 5 14 20.85 0.799266 0.260908 0.607437 2
5.77923 5.09918 5.99 0.66 2014 7 11 22 12 55.84 0.799266 0.260908 0.607437 2
6.04153 4.83943 6.16 0.66 2014 12 4 1 17 45.43 0.799266 0.260908 0.607437 2
6.84946 4.33227 6.17 0.66 2015 9 6 22 57 40.64 0.799266 0.260908 0.607437 2
5.92926 5.04124 5.91 0.65 2014 7 22 11 8 21.89 0.799266 0.260908 0.607437 2
5.90459 5.05659 5.92 0.64 2014 8 1 4 22 6.73 0.799266 0.260908 0.607437 2
5.61264 5.06026 6.22 0.62 2014 7 25 3 2 17.61 0.799266 0.260908 0.607437 2
6.08507 4.81452 6.07 0.62 2014 10 16 9 2 56.7 0.799266 0.260908 0.607437 2
5.78217 4.96574 6.39 0.61 2014 7 28 13 12 13.92 0.799266 0.260908 0.607437 2
5.98072 4.87067 6.17 0.61 2014 12 4 1 21 51.67 0.799266 0.260908 0.607437 2
6.81981 4.34894 6.22 0.61 2015 11 6 0 27 21.76 0.799266 0.260908 0.607437 2
6.06842 4.83398 6.06 0.59 2014 9 16 8 14 14.36 0.799266 0.260908 0.607437 2
6.01545 4.86756 6.07 0.59 2014 9 25 3 6 36.81 0.799266 0.260908 0.607437 2
6.0597 4.8114 6.48 0.59 2014 11 18 15 4 48.93 0.799266 0.260908 0.607437 2
5.19452 5.36838 6.42 0.59 2015 1 20 2 3 26.77 0.799266 0.260908 0.607437 2
6.11187 4.8064 6.13 0.59 2015 2 3 9 5 57.14 0.799266 0.260908 0.607437 2
6.90822 4.31959 6.25 0.59 2015 10 2 23 13 8 0.799266 0.260908 0.607437 2
6.8459 4.34405 6.2 0.58 2015 9 5 14 45 58.48 0.799266 0.260908 0.607437 2
5.84734 5.03813 5.94 0.57 2014 10 9 21 34 32.78 0.799266 0.260908 0.607437 2
5.89159 4.90147 6.42 0.57 2014 12 5 3 24 54.89 0.799266 0.260908 0.607437 2
6.14161 4.76114 6.08 0.56 2014 10 7 12 23 4.72 0.799266 0.260908 0.607437 2
5.39957 5.2335 6.4 0.56 2014 10 29 22 17 45.24 0.799266 0.260908 0.607437 2
5.73801 5.01589 6.21 0.55 2014 7 16 7 14 44.46 0.799266 0.260908 0.607437 2
5.84521 4.94573 6.33 0.54 2014 9 20 20 22 44.56 0.799266 0.260908 0.607437 2
6.06691 4.82041 6.12 0.54 2014 10 4 11 1 20.9 0.799266 0.260908 0.607437 2
6.09878 4.76748 6.36 0.53 2014 11 21 4 27 20.67 0.799266 0.260908 0.607437 2
5.84227 4.94528 6.32 0.52 2014 7 25 5 4 52.66 0.799266 0.260908 0.607437 2
6.0597 4.81052 6.29 0.52 2014 11 21 4 34 6.68 0.799266 0.260908 0.607437 2
5.73142 4.97975 6.52 0.5 2014 7 28 4 52 54.64 0.799266 0.260908 0.607437 2
5.19087 5.40596 6.14 0.49 2014 10 28 1 25 11.74 0.799266 0.260908 0.607437 2
5.73142 4.98698 6.47 0.48 2014 7 28 2 6 7.12 0.799266 0.260908 0.607437 2
6.04376 4.84854 6.08 0.48 2014 10 7 11 51 10.26 0.799266 0.260908 0.607437 2
6.14161 4.7408 6.18 0.48 2014 11 29 17 41 53.92 0.799266 0.260908 0.607437 2
6.13217 4.75258 6.2 0.48 2014 12 7 7 46 35.72 0.799266 0.260908 0.607437 2
6.09086 4.79017 6.24 0.48 2015 2 3 10 15 41.02 0.799266 0.260908 0.607437 2
6.07706 4.8014 6.22 0.47 2015 2 3 9 25 57.4 0.799266 0.260908 0.607437 2
6.92416 4.31459 6.25 0.47 2015 11 19 23 0 18.3 0.799266 0.260908 0.607437 2
6.07563 4.80006 6.23 0.45 2014 11 17 12 50 21.75 0.799266 0.260908 0.607437 2
6.08 4.85888 5.98 0.45 2015 2 3 2 39 53.46 0.799266 0.260908 0.607437 2
5.99951 4.85711 6.28 0.44 2014 11 16 15 24 59.82 0.799266 0.260908 0.607437 2
5.99158 4.85799 6.24 0.44 2014 12 4 1 10 45.46 0.799266 0.260908 0.607437 2
5.24741 5.31945 6.28 0.43 2014 11 9 7 7 29.01 0.799266 0.260908 0.607437 2
5.22426 5.36026 6.39 0.42 2015 1 19 11 20 39.75 0.799266 0.260908 0.607437 2
5.66045 5.04302 6.39 0.41 2014 8 9 2 49 39.72 0.799266 0.260908 0.607437 2
6.03575 4.82908 6.24 0.41 2014 10 6 6 49 49.94 0.799266 0.260908 0.607437 2
5.88794 4.9037 6.53 0.4 2014 8 14 5 29 43.67 0.799266 0.260908 0.607437 2
5.98001 4.89869 6.04 0.4 2014 11 18 16 33 25.12 0.799266 0.260908 0.607437 2
6.11695 4.77293 6.14 0.39 2014 11 17 7 33 59.35 0.799266 0.260908 0.607437 2
5.83728 5.03357 6.07 0.38 2014 7 19 12 18 18.61 0.799266 0.260908 0.607437 2
5.86337 4.93216 6.32 0.38 2014 10 29 14 27 59.68 0.799266 0.260908 0.607437 2
5.99666 4.85299 6.26 0.37 2014 10 6 10 19 10.31 0.799266 0.260908 0.607437 2
5.96763 4.90503 6.24 0.36 2014 7 20 11 28 21.81 0.799266 0.260908 0.607437 2
5.88358 4.90637 6.47 0.35 2014 7 28 2 40 40.21 0.799266 0.260908 0.607437 2
5.9655 4.88468 6.29 0.35 2014 8 3 6 47 24.5 0.799266 0.260908 0.607437 2
6.00316 4.91003 6.1 0.35 2014 11 16 15 17 32.36 0.799266 0.260908 0.607437 2
5.55103 5.17612 6.1 0.34 2014 6 30 1 44 58.84 0.799266 0.260908 0.607437 2
5.84734 4.92182 6.44 0.34 2014 8 14 9 45 14.99 0.799266 0.260908 0.607437 2
5.3409 5.26697 6.42 0.34 2014 9 25 5 36 59.77 0.799266 0.260908 0.607437 2
6.07563 4.79962 6.22 0.34 2014 10 16 3 50 35.25 0.799266 0.260908 0.607437 2
6.86397 4.33227 6.25 0.34 2015 8 20 4 13 56.91 0.799266 0.260908 0.607437 2
5.38364 5.32268 6.02 0.33 2014 6 29 0 36 34.75 0.799266 0.260908 0.607437 2
6.10101 4.80596 6.06 0.33 2014 9 4 4 6 19.53 0.799266 0.260908 0.607437 2
5.91546 5.03268 5.96 0.32 2014 7 16 18 18 44.92 0.799266 0.260908 0.607437 2
5.69669 5.01634 6.26 0.32 2014 7 28 17 18 6.04 0.799266 0.260908 0.607437 2
5.42495 5.24851 6.33 0.32 2014 10 30 3 28 58.47 0.799266 0.260908 0.607437 2
6.06985 4.85844 6.02 0.31 2014 12 4 5 6 5.74 0.799266 0.260908 0.607437 2
6.0727 4.8114 6.2 0.3 2014 10 15 9 59 46.48 0.799266 0.260908 0.607437 2
5.61478 5.10051 6.27 0.3 2014 12 4 7 53 12.82 0.799266 0.260908 0.607437 2
5.60899 5.09695 6.17 0.29 2014 12 4 5 16 6.17 0.799266 0.260908 0.607437 2
5.91982 4.99098 5.96 0.29 2014 12 4 9 39 23.19 0.799266 0.260908 0.607437 2
6.11552 4.77471 6.26 0.29 2014 12 10 18 32 4 0.799266 0.260908 0.607437 2
6.04305 4.87523 6 0.29 2015 2 3 5 54 7.66 0.799266 0.260908 0.607437 2
5.98001 4.867 6.33 0.28 2014 12 4 1 13 49.97 0.799266 0.260908 0.607437 2
5.56118 5.13898 6.41 0.28 2015 3 20 2 28 56.66 0.799266 0.260908 0.607437 2
6.01473 4.86889 6.05 0.27 2014 12 4 1 37 24.85 0.799266 0.260908 0.607437 2
6.82417 4.34583 6.14 0.27 2015 7 19 2 10 14.16 0.799266 0.260908 0.607437 2
6.08863 4.81507 6.08 0.26 2014 9 27 6 45 0.57 0.799266 0.260908 0.607437 2
6.01767 4.87023 6.07 0.24 2014 11 21 2 10 5.37 0.799266 0.260908 0.607437 2
5.85829 4.95118 6.13 0.23 2014 10 29 13 2 39.75 0.799266 0.260908 0.607437 2
5.76116 5.09829 5.92 0.22 2014 7 27 20 47 44.28 0.799266 0.260908 0.607437 2
6.05827 4.83131 6.23 0.22 2014 8 12 10 8 45.1 0.799266 0.260908 0.607437 2
6.07929 4.86166 6 0.22 2014 11 14 13 22 10.61 0.799266 0.260908 0.607437 2
6.56979 4.41777 6.1 0.22 2015 1 11 1 18 16.16 0.799266 0.260908 0.607437 2
6.01767 4.86889 6.08 0.17 2014 11 16 3 25 17.76 0.799266 0.260908 0.607437 2
5.87637 4.92493 6.46 0.14 2014 7 28 2 42 15.92 0.799266 0.260908 0.607437 2
6.03868 4.8372 6.16 0.12 2014 11 21 1 56 5.43 0.799266 0.260908 0.607437 2
5.86693 4.93316 6.29 0.07 2014 7 28 8 16 59.93 0.799266 0.260908 0.607437 2
6.83931 4.35628 6.14 0.04 2015 7 19 3 42 58.32 0.799266 0.260908 0.607437 2
3.60191 4.23542 5.67 3.37 2015 4 20 12 8 31.44 0.974273 0.421324 0.0426676 3
3.86778 4.41188 5.63 3.24 2014 11 14 7 6 51.16 0.974273 0.421324 0.0426676 3
3.67359 4.41055 5.57 3.22 2014 9 17 11 9 5.41 0.974273 0.421324 0.0426676 3
3.76708 4.41366 5.64 3.15 2015 8 13 17 15 4.04 0.974273 0.421324 0.0426676 3
3.77215 4.42545 5.74 3.12 2014 10 4 20 23 48.1 0.974273 0.421324 0.0426676 3
3.54101 4.26933 5.73 3.09 2014 10 4 20 23 9.08 0.974273 0.421324 0.0426676 3
3.60191 4.51051 5.5 3.03 2014 11 14 7 34 56.87 0.974273 0.421324 0.0426676 3
3.59532 4.35851 5.77 2.96 2014 11 14 7 7 25.38 0.974273 0.421324 0.0426676 3
3.18887 4.43356 4.97 2.82 2014 2 21 14 26 13.14 0.974273 0.421324 0.0426676 3
3.71926 4.18204 6.26 2.81 2015 6 6 7 19 14.67 0.974273 0.421324 0.0426676 3
3.54974 4.30469 5.56 2.79 2014 9 18 13 22 25.33 0.974273 0.421324 0.0426676 3
3.30408 4.18971 5.62 2.73 2015 7 8 1 13 20.64 0.974273 0.421324 0.0426676 3
3.42224 4.03593 4.86 2.72 2015 2 16 14 35 52.47 0.974273 0.421324 0.0426676 3
3.58019 4.38153 5.41 2.6 2014 11 14 7 43 23.85 0.974273 0.421324 0.0426676 3
3.78524 4.30825 5.85 2.55 2015 1 8 8 49 30.52 0.974273 0.421324 0.0426676 3
3.71419 4.1866 6.26 2.55 2015 8 31 9 1 5.79 0.974273 0.421324 0.0426676 3
3.65623 4.3992 5.62 2.54 2014 9 15 2 50 16.25 0.974273 0.421324 0.0426676 3
3.74464 4.26077 6.07 2.53 2014 12 9 8 37 34.96 0.974273 0.421324 0.0426676 3
3.5939 4.16759 6.18 2.51 2015 7 29 5 26 0.89 0.974273 0.421324 0.0426676 3
2.93235 3.8251 4.43 2.51 2015 11 22 22 18 3.26 0.974273 0.421324 0.0426676 3
3.45767 4.35673 5.56 2.5 2015 6 15 19 35 46.3 0.974273 0.421324 0.0426676 3
3.37513 4.14946 5.46 2.46 2015 6 30 2 22 15.38 0.974273 0.421324 0.0426676 3
3.58811 4.3743 5.58 2.44 2015 8 13 19 29 59.32 0.974273 0.421324 0.0426676 3
3.75986 4.27656 6.05 2.41 2015 6 6 8 29 30.82 0.974273 0.421324 0.0426676 3
3.75764 4.43401 5.7 2.28 2014 9 15 22 10 11.24 0.974273 0.421324 0.0426676 3
3.58304 4.16847 6.12 2.27 2016 7 16 6 40 42 0.974273 0.421324 0.0426676 3
3.79682 4.33182 5.97 2.23 2015 12 21 17 19 10.72 0.974273 0.421324 0.0426676 3
3.7084 4.30691 5.97 2.19 2014 12 13 7 13 5.71 0.974273 0.421324 0.0426676 3
3.4193 4.26166 5.4 2.18 2015 4 20 12 11 31.33 0.974273 0.421324 0.0426676 3
3.35118 4.08608 5.19 2.17 2015 6 28 9 39 5.25 0.974273 0.421324 0.0426676 3
3.81854 4.26488 6.16 2.14 2015 6 15 8 53 43.05 0.974273 0.421324 0.0426676 3
3.41858 4.51418 5.34 2.08 2014 3 29 3 16 57.96 0.974273 0.421324 0.0426676 3
3.29393 3.9174 4.92 2.08 2015 1 29 11 45 30.34 0.974273 0.421324 0.0426676 3
3.52222 4.14857 6.07 2.04 2015 3 3 0 55 13.65 0.974273 0.421324 0.0426676 3
3.21424 3.96888 4.93 2.02 2014 11 11 15 52 26.9 0.974273 0.421324 0.0426676 3
2.70192 3.75539 4.18 2.02 2014 11 27 3 28 16.67 0.974273 0.421324 0.0426676 3
3.29758 4.13634 5.46 2.01 2015 6 28 9 27 11.27 0.974273 0.421324 0.0426676 3
3.2179 3.93363 4.82 1.96 2014 11 29 10 33 23.88 0.974273 0.421324 0.0426676 3
3.44752 4.26622 5.43 1.96 2016 5 4 22 54 15.68 0.974273 0.421324 0.0426676 3
3.49249 4.56477 5.91 1.93 2015 10 17 0 57 28.48 0.974273 0.421324 0.0426676 3
3.59684 4.42956 5.5 1.9 2014 9 20 10 47 17.95 0.974273 0.421324 0.0426676 3
3.80331 4.32593 6 1.9 2014 12 13 6 40 10.6 0.974273 0.421324 0.0426676 3
3.60476 4.16525 6.19 1.89 2015 2 12 16 48 55.31 0.974273 0.421324 0.0426676 3
3.73306 4.27978 6.03 1.84 2015 12 21 17 13 26.36 0.974273 0.421324 0.0426676 3
3.73306 4.2531 6.09 1.83 2015 7 29 8 12 4.85 0.974273 0.421324 0.0426676 3
3.52801 4.28968 5.84 1.82 2014 9 18 22 21 59.72 0.974273 0.421324 0.0426676 3
3.6012 4.33493 5.82 1.8 2014 9 17 9 49 24.22 0.974273 0.421324 0.0426676 3
3.52507 4.12322 6.22 1.8 2015 6 28 17 9 1.18 0.974273 0.421324 0.0426676 3
3.56345 4.10787 4.99 1.8 2015 9 29 1 59 30.26 0.974273 0.421324 0.0426676 3
3.70119 4.22641 6.13 1.8 2015 12 21 16 35 24.15 0.974273 0.421324 0.0426676 3
3.85042 4.35806 5.97 1.8 2015 12 21 17 21 37.72 0.974273 0.421324 0.0426676 3
2.96788 4.13856 5.11 1.77 2015 4 28 15 33 8.35 0.974273 0.421324 0.0426676 3
3.47361 4.26255 5.82 1.76 2014 11 29 12 35 5.41 0.974273 0.421324 0.0426676 3
3.6946 4.41188 5.7 1.71 2014 9 15 5 9 8.13 0.974273 0.421324 0.0426676 3
3.27942 3.96988 5 1.71 2015 2 15 23 32 36.44 0.974273 0.421324 0.0426676 3
3.51056 4.3495 5.62 1.71 2015 5 23 23 6 21.88 0.974273 0.421324 0.0426676 3
3.70983 4.30602 5.96 1.7 2014 10 4 20 54 1.4 0.974273 0.421324 0.0426676 3
3.59684 4.14991 6.22 1.69 2015 6 28 17 3 6.28 0.974273 0.421324 0.0426676 3
3.47432 4.1191 6.17 1.69 2015 9 14 22 51 22.52 0.974273 0.421324 0.0426676 3
3.50335 4.10643 6.21 1.69 2016 7 19 1 24 44.37 0.974273 0.421324 0.0426676 3
3.73306 4.28289 6.02 1.68 2014 11 14 5 55 18.55 0.974273 0.421324 0.0426676 3
3.41057 4.24086 5.58 1.67 2014 10 25 2 41 8.6 0.974273 0.421324 0.0426676 3
3.84677 4.3594 5.96 1.67 2014 11 19 15 55 56.41 0.974273 0.421324 0.0426676 3
3.42366 4.24631 5.55 1.67 2015 2 6 16 51 33.49 0.974273 0.421324 0.0426676 3
3.14613 3.87481 4.97 1.67 2015 9 12 4 46 3.67 0.974273 0.421324 0.0426676 3
3.67795 4.28067 5.94 1.65 2015 4 20 12 52 51.08 0.974273 0.421324 0.0426676 3
3.68089 4.27389 5.98 1.65 2015 4 28 10 34 54.05 0.974273 0.421324 0.0426676 3
3.62435 4.35762 5.79 1.64 2014 9 15 23 19 25.6 0.974273 0.421324 0.0426676 3
3.36855 3.96577 5.03 1.64 2015 4 7 20 6 7.7 0.974273 0.421324 0.0426676 3
3.71998 4.40332 5.75 1.63 2014 9 15 22 34 38.08 0.974273 0.421324 0.0426676 3
3.49827 4.42723 5.42 1.63 2014 10 4 21 5 25.4 0.974273 0.421324 0.0426676 3
3.44539 4.20517 6.03 1.63 2015 1 6 8 20 41.92 0.974273 0.421324 0.0426676 3
3.56567 4.14813 6.22 1.63 2015 2 19 16 7 53.77 0.974273 0.421324 0.0426676 3
3.64465 4.28612 5.96 1.62 2014 9 19 17 38 13.4 0.974273 0.421324 0.0426676 3
3.58669 4.16936 6.16 1.62 2015 4 12 18 17 47.68 0.974273 0.421324 0.0426676 3
2.99833 3.82055 4.55 1.61 2014 8 28 15 42 42.25 0.974273 0.421324 0.0426676 3
3.40621 4.27478 5.28 1.61 2016 5 4 11 49 38.61 0.974273 0.421324 0.0426676 3
3.84828 4.36485 5.97 1.6 2015 5 9 17 2 11.96 0.974273 0.421324 0.0426676 3
3.27586 4.0545 4.23 1.59 2015 4 21 21 11 38.16 0.974273 0.421324 0.0426676 3
3.26348 4.23819 5.2 1.59 2015 4 23 20 45 41.98 0.974273 0.421324 0.0426676 3
2.71501 3.74994 4.14 1.59 2015 12 19 12 6 45.9 0.974273 0.421324 0.0426676 3
3.62141 4.47927 5.62 1.58 2015 4 20 12 15 41.04 0.974273 0.421324 0.0426676 3
3.56425 4.28834 5.55 1.57 2014 11 18 2 6 37.54 0.974273 0.421324 0.0426676 3
2.8483 3.79886 4.16 1.57 2014 11 26 13 0 9.44 0.974273 0.421324 0.0426676 3
3.26571 4.27433 5.04 1.57 2015 5 14 15 21 16.39 0.974273 0.421324 0.0426676 3
3.20196 4.17704 5.74 1.57 2015 9 27 18 59 56.38 0.974273 0.421324 0.0426676 3
3.4867 4.13 6.14 1.56 2015 4 21 23 9 18.16 0.974273 0.421324 0.0426676 3
2.82515 3.77985 4.5 1.56 2015 11 22 23 21 50.68 0.974273 0.421324 0.0426676 3
3.6012 4.22685 5.97 1.55 2014 11 14 7 9 8.14 0.974273 0.421324 0.0426676 3
3.23161 3.9373 4.84 1.55 2014 11 29 12 0 47.04 0.974273 0.421324 0.0426676 3
3.4193 4.26888 5.34 1.53 2014 12 17 10 36 25.23 0.974273 0.421324 0.0426676 3
3.82655 4.29513 6.09 1.53 2014 12 27 5 1 40.17 0.974273 0.421324 0.0426676 3
3.50406 4.22185 5.78 1.53 2015 5 6 21 38 41.52 0.974273 0.421324 0.0426676 3
2.78455 3.77262 4.18 1.53 2015 12 19 7 48 46.72 0.974273 0.421324 0.0426676 3
3.2447 3.93541 4.85 1.52 2015 11 12 14 14 12.71 0.974273 0.421324 0.0426676 3
3.56202 4.13767 6.2 1.52 2016 7 16 6 40 28.26 0.974273 0.421324 0.0426676 3
3.55481 4.39565 5.6 1.5 2014 10 5 15 12 35.11 0.974273 0.421324 0.0426676 3
3.37148 4.22052 5.61 1.5 2014 10 25 2 42 52.73 0.974273 0.421324 0.0426676 3
3.71641 4.45536 5.48 1.5 2014 11 25 9 45 5.55 0.974273 0.421324 0.0426676 3
3.77073 4.27756 6.04 1.5 2014 12 6 18 42 6.72 0.974273 0.421324 0.0426676 3
3.4461 4.4657 5.18 1.49 2014 5 6 16 29 35.83 0.974273 0.421324 0.0426676 3
3.62293 4.29157 5.77 1.49 2014 9 19 5 19 44.65 0.974273 0.421324 0.0426676 3
3.44681 4.25576 5.57 1.49 2014 9 22 12 1 29.58 0.974273 0.421324 0.0426676 3
3.47147 4.34761 5.57 1.49 2014 12 26 14 58 22.01 0.974273 0.421324 0.0426676 3
3.73956 4.22952 6.21 1.49 2015 6 6 16 4 27.94 0.974273 0.421324 0.0426676 3
3.76352 4.19383 6.29 1.49 2015 7 20 9 14 47.13 0.974273 0.421324 0.0426676 3
3.84899 4.31103 6.06 1.48 2015 7 29 9 48 19.55 0.974273 0.421324 0.0426676 3
2.79176 3.82099 3.7 1.47 2014 11 22 11 10 29.87 0.974273 0.421324 0.0426676 3
3.26277 4.10832 5.18 1.47 2015 6 28 8 13 43.31 0.974273 0.421324 0.0426676 3
3.64394 4.18471 6.18 1.47 2016 7 16 7 30 31.14 0.974273 0.421324 0.0426676 3
3.15842 3.92685 4.53 1.46 2014 11 11 15 52 58.08 0.974273 0.421324 0.0426676 3
3.72291 4.27211 6.04 1.46 2014 12 27 4 42 44.97 0.974273 0.421324 0.0426676 3
3.83083 4.29468 6.1 1.46 2015 1 12 10 34 43.14 0.974273 0.421324 0.0426676 3
3.35118 4.05939 4.92 1.44 2014 11 11 15 45 18.95 0.974273 0.421324 0.0426676 3
2.75704 3.80287 3.82 1.44 2014 11 22 17 36 37.96 0.974273 0.421324 0.0426676 3
3.24247 4.12911 5.03 1.44 2015 5 5 4 59 53.7 0.974273 0.421324 0.0426676 3
3.71926 4.22952 6.13 1.44 2015 6 12 7 4 41.85 0.974273 0.421324 0.0426676 3
3.76423 4.30958 5.99 1.44 2015 8 13 20 14 42.54 0.974273 0.421324 0.0426676 3
3.59897 4.45036 5.39 1.43 2014 11 14 7 27 46.34 0.974273 0.421324 0.0426676 3
3.53309 4.24398 4.75 1.43 2014 11 14 8 44 36.07 0.974273 0.421324 0.0426676 3
3.38235 4.26121 5.24 1.42 2014 10 6 8 2 3.54 0.974273 0.421324 0.0426676 3
3.20196 3.97889 3.9 1.42 2014 11 15 21 54 28.08 0.974273 0.421324 0.0426676 3
2.949 3.86347 4.35 1.42 2014 11 26 16 50 39.1 0.974273 0.421324 0.0426676 3
3.21059 3.95354 4.61 1.41 2014 8 12 19 47 8.4 0.974273 0.421324 0.0426676 3
3.6678 4.20739 5.92 1.41 2015 6 6 7 20 24.05 0.974273 0.421324 0.0426676 3
2.90484 3.83956 4.27 1.39 2014 11 26 23 46 25.92 0.974273 0.421324 0.0426676 3
3.34611 4.21418 5.54 1.39 2015 1 28 9 36 7.39 0.974273 0.421324 0.0426676 3
2.81865 3.82455 3.76 1.38 2014 11 22 11 17 49 0.974273 0.421324 0.0426676 3
3.72363 4.26755 6.05 1.38 2014 12 1 7 19 44.03 0.974273 0.421324 0.0426676 3
3.48812 4.32048 5.57 1.38 2014 12 24 1 16 30.43 0.974273 0.421324 0.0426676 3
3.7758 4.24898 6 1.38 2015 4 29 20 23 42.56 0.974273 0.421324 0.0426676 3
3.54101 4.19783 6.07 1.38 2015 8 13 9 53 11.69 0.974273 0.421324 0.0426676 3
3.8359 4.27656 6.17 1.38 2015 10 20 11 41 56.15 0.974273 0.421324 0.0426676 3
3.28307 3.94542 4.98 1.37 2015 1 15 17 22 24.56 0.974273 0.421324 0.0426676 3
3.71054 4.23041 6.14 1.37 2015 1 26 15 29 52.4 0.974273 0.421324 0.0426676 3
3.50192 4.30102 5.28 1.36 2015 4 20 12 20 25.41 0.974273 0.421324 0.0426676 3
3.65044 4.39654 5.64 1.35 2014 9 14 14 16 36.6 0.974273 0.421324 0.0426676 3
3.45767 4.41511 5.01 1.35 2014 9 18 12 54 43.77 0.974273 0.421324 0.0426676 3
3.17293 4.02414 4.41 1.35 2014 12 3 23 59 55.1 0.974273 0.421324 0.0426676 3
3.52436 4.2273 6.05 1.35 2014 12 24 12 4 55.05 0.974273 0.421324 0.0426676 3
3.49462 4.13267 6.14 1.35 2015 3 2 18 30 49.84 0.974273 0.421324 0.0426676 3
3.4932 4.29468 5.3 1.35 2015 4 14 20 30 55.28 0.974273 0.421324 0.0426676 3
2.98239 3.84312 4.39 1.35 2015 11 22 23 14 43.8 0.974273 0.421324 0.0426676 3
3.40265 4.00646 4.29 1.34 2014 10 27 13 7 14.25 0.974273 0.421324 0.0426676 3
3.33961 4.16258 5.38 1.34 2015 6 30 3 7 50.03 0.974273 0.421324 0.0426676 3
2.7679 3.75172 4.33 1.34 2015 11 25 6 42 41.74 0.974273 0.421324 0.0426676 3
3.70769 4.34038 5.9 1.33 2014 10 5 21 41 41.68 0.974273 0.421324 0.0426676 3
3.79103 4.25076 6.01 1.33 2015 4 30 22 18 27 0.974273 0.421324 0.0426676 3
3.39027 4.17437 5.35 1.33 2015 6 30 3 6 40.48 0.974273 0.421324 0.0426676 3
3.08309 3.87803 4.43 1.32 2014 8 28 11 34 22.5 0.974273 0.421324 0.0426676 3
3.51279 4.41055 5.22 1.32 2015 4 10 9 42 44.98 0.974273 0.421324 0.0426676 3
2.80191 3.77351 4.21 1.32 2015 12 19 7 48 59.46 0.974273 0.421324 0.0426676 3
3.72728 4.22863 6.18 1.32 2015 12 21 17 38 7.32 0.974273 0.421324 0.0426676 3
3.40478 4.28112 5.39 1.31 2014 11 14 7 56 56.61 0.974273 0.421324 0.0426676 3
3.4128 4.24175 5.57 1.31 2015 5 27 23 59 29.12 0.974273 0.421324 0.0426676 3
3.58597 4.23497 5.95 1.31 2015 7 29 5 30 55.09 0.974273 0.421324 0.0426676 3
3.53665 4.12455 6.19 1.31 2016 7 19 1 21 55.76 0.974273 0.421324 0.0426676 3
3.98451 4.42723 5.99 1.29 2014 10 31 7 3 31.77 0.974273 0.421324 0.0426676 3
3.43666 4.26933 5.47 1.29 2014 12 17 12 40 26.31 0.974273 0.421324 0.0426676 3
3.84392 4.31192 6.07 1.29 2015 1 8 8 22 20.61 0.974273 0.421324 0.0426676 3
3.38885 4.25443 5.39 1.29 2015 2 1 3 35 53.08 0.974273 0.421324 0.0426676 3
3.44539 4.57934 5.91 1.29 2015 10 16 23 46 53.56 0.974273 0.421324 0.0426676 3
3.14319 3.94809 4.6 1.29 2015 11 22 2 11 12.89 0.974273 0.421324 0.0426676 3
3.77723 4.18793 6.34 1.29 2016 1 21 17 3 54.48 0.974273 0.421324 0.0426676 3
3.56781 4.12099 6.27 1.29 2016 3 4 4 43 8.11 0.974273 0.421324 0.0426676 3
3.46426 4.51463 5.83 1.28 2014 9 15 5 46 13.08 0.974273 0.421324 0.0426676 3
3.69175 4.42411 5.57 1.28 2014 9 16 12 59 45.44 0.974273 0.421324 0.0426676 3
3.49391 4.27934 5.67 1.28 2014 10 4 21 5 48.04 0.974273 0.421324 0.0426676 3
3.53594 4.15802 6.13 1.28 2014 10 17 19 29 9.84 0.974273 0.421324 0.0426676 3
3.39392 4.00836 5.02 1.28 2015 1 29 13 15 41.82 0.974273 0.421324 0.0426676 3
3.68739 4.41277 5.62 1.27 2014 9 14 13 44 24.83 0.974273 0.421324 0.0426676 3
2.83308 3.78708 4.05 1.27 2014 11 27 4 33 13.79 0.974273 0.421324 0.0426676 3
3.82433 4.28879 6.11 1.27 2015 6 20 9 42 55.45 0.974273 0.421324 0.0426676 3
3.7823 4.21095 6.32 1.27 2015 6 30 13 19 31.88 0.974273 0.421324 0.0426676 3
3.25119 3.93052 4.96 1.27 2015 7 21 0 48 44.42 0.974273 0.421324 0.0426676 3
3.48741 4.53264 5.84 1.27 2015 10 17 1 7 25.98 0.974273 0.421324 0.0426676 3
2.92585 3.82733 4.08 1.27 2015 12 19 2 4 59.4 0.974273 0.421324 0.0426676 3
3.71641 4.40287 5.59 1.26 2014 9 17 8 34 32.41 0.974273 0.421324 0.0426676 3
3.51492 4.25176 5.92 1.26 2014 9 18 17 58 45.24 0.974273 0.421324 0.0426676 3
3.61135 4.44446 5.24 1.26 2014 9 28 16 57 53.91 0.974273 0.421324 0.0426676 3
2.76648 3.81098 3.73 1.26 2014 11 22 16 49 34.68 0.974273 0.421324 0.0426676 3
3.66638 4.17893 6.32 1.26 2015 4 13 0 0 13.24 0.974273 0.421324 0.0426676 3
3.69033 4.22641 6.13 1.26 2015 4 15 11 43 20.51 0.974273 0.421324 0.0426676 3
3.66059 4.40009 5.64 1.25 2014 9 14 14 53 21.53 0.974273 0.421324 0.0426676 3
3.70048 4.37663 5.82 1.25 2014 9 17 10 14 32.26 0.974273 0.421324 0.0426676 3
3.45919 4.25621 5.72 1.25 2014 10 4 19 28 0.68 0.974273 0.421324 0.0426676 3
3.90553 4.45536 5.79 1.25 2014 10 4 22 2 30.72 0.974273 0.421324 0.0426676 3
2.89033 3.82822 4.33 1.25 2014 11 26 15 57 9.3 0.974273 0.421324 0.0426676 3
3.51421 4.14134 6.18 1.25 2015 7 11 20 24 49.32 0.974273 0.421324 0.0426676 3
2.80628 3.76628 4.16 1.25 2015 12 19 7 48 24.13 0.974273 0.421324 0.0426676 3
3.59461 4.27211 5.95 1.24 2014 9 29 8 44 5.48 0.974273 0.421324 0.0426676 3
3.81053 4.33049 5.98 1.24 2015 5 9 11 14 57.18 0.974273 0.421324 0.0426676 3
3.85255 4.32637 6.02 1.24 2015 6 6 9 26 50.32 0.974273 0.421324 0.0426676 3
3.48162 4.30057 5.08 1.24 2015 7 25 8 38 28.84 0.974273 0.421324 0.0426676 3
3.06208 3.86302 4.7 1.24 2015 12 26 2 18 10.76 0.974273 0.421324 0.0426676 3
3.64465 4.33049 5.85 1.23 2014 9 18 5 2 11.02 0.974273 0.421324 0.0426676 3
3.03305 3.90694 4.38 1.23 2015 1 20 16 36 55.45 0.974273 0.421324 0.0426676 3
3.75986 4.24453 6.21 1.23 2015 7 16 16 47 44.63 0.974273 0.421324 0.0426676 3
3.42072 4.26977 5.38 1.22 2014 10 6 8 42 35.46 0.974273 0.421324 0.0426676 3
3.65186 4.21006 6.1 1.22 2015 5 12 1 42 33.74 0.974273 0.421324 0.0426676 3
3.62293 4.14813 6.28 1.22 2015 8 11 8 41 2.03 0.974273 0.421324 0.0426676 3
3.399 4.00291 4.87 1.22 2015 9 27 1 49 59.22 0.974273 0.421324 0.0426676 3
3.81133 4.44446 5.68 1.21 2014 9 16 15 34 5.57 0.974273 0.421324 0.0426676 3
3.52801 4.42723 5.16 1.21 2014 9 28 10 55 23.97 0.974273 0.421324 0.0426676 3
3.60912 4.14401 6.28 1.21 2015 4 12 10 44 11.15 0.974273 0.421324 0.0426676 3
3.22724 3.90194 5.07 1.2 2015 7 22 23 56 52.44 0.974273 0.421324 0.0426676 3
3.42802 4.25132 5.72 1.19 2014 10 25 4 30 53.59 0.974273 0.421324 0.0426676 3
3.641 4.1866 6.19 1.19 2015 2 12 19 15 17.14 0.974273 0.421324 0.0426676 3
3.33382 4.21329 5.19 1.19 2015 5 2 22 24 20.56 0.974273 0.421324 0.0426676 3
2.90849 4.22685 4.61 1.18 2014 12 6 14 7 49.89 0.974273 0.421324 0.0426676 3
3.24541 4.00469 4.5 1.18 2015 2 16 17 1 38.64 0.974273 0.421324 0.0426676 3
3.59684 4.15446 6.24 1.18 2015 2 19 16 31 3.66 0.974273 0.421324 0.0426676 3
2.94473 4.15991 4.93 1.18 2015 4 28 15 53 26.4 0.974273 0.421324 0.0426676 3
3.51929 4.33994 5.4 1.18 2015 8 13 19 33 58.98 0.974273 0.421324 0.0426676 3
3.33231 4.03771 4.6 1.17 2014 8 14 12 11 50.47 0.974273 0.421324 0.0426676 3
3.51857 4.20562 6 1.17 2014 12 24 9 44 0.85 0.974273 0.421324 0.0426676 3
3.16501 3.98434 4.27 1.17 2015 5 14 8 44 38.96 0.974273 0.421324 0.0426676 3
2.73309 3.77484 3.81 1.16 2014 11 22 17 37 49.1 0.974273 0.421324 0.0426676 3
3.07944 3.86391 4.73 1.16 2015 2 22 0 26 39.39 0.974273 0.421324 0.0426676 3
3.47005 4.28656 5.33 1.16 2016 5 4 21 40 33.94 0.974273 0.421324 0.0426676 3
3.60841 4.39787 5.29 1.15 2014 9 14 14 15 17.69 0.974273 0.421324 0.0426676 3
3.7287 4.31281 5.97 1.15 2014 10 5 5 58 20.44 0.974273 0.421324 0.0426676 3
3.52222 4.28156 5.83 1.15 2014 10 15 16 43 54.61 0.974273 0.421324 0.0426676 3
3.16928 3.97077 3.87 1.15 2014 12 8 7 14 14.98 0.974273 0.421324 0.0426676 3
3.77286 4.24264 6.22 1.15 2015 4 26 8 45 14.17 0.974273 0.421324 0.0426676 3
3.27078 4.18882 5.44 1.14 2014 12 7 11 27 51.91 0.974273 0.421324 0.0426676 3
3.68303 4.22407 6.12 1.14 2015 7 29 10 19 8.19 0.974273 0.421324 0.0426676 3
3.36855 3.98567 4.89 1.14 2015 9 27 1 50 26.99 0.974273 0.421324 0.0426676 3
3.53451 4.11955 6.18 1.14 2015 9 30 0 52 24.37 0.974273 0.421324 0.0426676 3
3.84605 4.29246 5.92 1.14 2015 10 20 11 36 22.66 0.974273 0.421324 0.0426676 3
3.31352 4.0336 4.58 1.13 2014 8 12 14 55 22.4 0.974273 0.421324 0.0426676 3
3.4526 4.25621 5.58 1.13 2014 9 18 23 32 27.94 0.974273 0.421324 0.0426676 3
3.48599 4.21773 5.69 1.13 2014 10 18 5 29 5.29 0.974273 0.421324 0.0426676 3
3.03385 3.87525 4.47 1.13 2015 1 20 16 18 55.85 0.974273 0.421324 0.0426676 3
3.7149 4.16214 6.37 1.13 2015 6 21 11 7 9.27 0.974273 0.421324 0.0426676 3
3.399 4.22552 5.76 1.13 2015 9 9 11 2 45.1 0.974273 0.421324 0.0426676 3
3.86778 4.37118 5.97 1.12 2014 11 19 21 35 49.42 0.974273 0.421324 0.0426676 3
2.85845 3.80743 4.23 1.12 2014 11 26 9 34 34.08 0.974273 0.421324 0.0426676 3
3.60699 4.20739 5.84 1.12 2015 7 29 5 26 39.36 0.974273 0.421324 0.0426676 3
3.4932 4.11466 6.2 1.12 2015 7 29 5 31 54.93 0.974273 0.421324 0.0426676 3
3.32438 4.20873 5.41 1.11 2015 1 27 21 15 29.98 0.974273 0.421324 0.0426676 3
3.53451 4.16759 6.02 1.11 2015 4 20 12 21 54.76 0.974273 0.421324 0.0426676 3
3.48162 4.31637 5.23 1.11 2015 5 24 4 44 54.34 0.974273 0.421324 0.0426676 3
3.77073 4.16847 6.43 1.11 2015 11 29 3 35 0.32 0.974273 0.421324 0.0426676 3
3.45046 4.26933 5.49 1.1 2014 11 14 9 42 6.19 0.974273 0.421324 0.0426676 3
3.44539 4.19561 6.03 1.1 2014 11 28 16 31 59.07 0.974273 0.421324 0.0426676 3
3.50264 4.50195 5.21 1.1 2014 12 4 9 19 17.74 0.974273 0.421324 0.0426676 3
3.44539 4.25576 5.62 1.1 2015 7 26 10 10 34.07 0.974273 0.421324 0.0426676 3
3.66709 4.32637 5.87 1.09 2014 12 13 7 39 47.71 0.974273 0.421324 0.0426676 3
3.68374 4.28656 5.96 1.09 2015 4 20 14 18 40.02 0.974273 0.421324 0.0426676 3
3.74829 4.41511 5.51 1.08 2014 10 7 11 4 1.47 0.974273 0.421324 0.0426676 3
2.82871 3.8002 4.31 1.08 2014 11 26 23 18 27.56 0.974273 0.421324 0.0426676 3
2.80343 3.7694 4.06 1.08 2014 11 27 4 45 16.3 0.974273 0.421324 0.0426676 3
3.31281 3.983 4.87 1.08 2015 3 7 12 58 33.25 0.974273 0.421324 0.0426676 3
3.6751 4.32726 5.89 1.08 2015 4 20 19 53 51.04 0.974273 0.421324 0.0426676 3
3.99537 4.57022 6.18 1.07 2015 8 25 4 48 49.79 0.974273 0.421324 0.0426676 3
3.52142 4.29468 5.04 1.06 2014 3 22 17 58 57.78 0.974273 0.421324 0.0426676 3
3.63379 4.34894 5.59 1.06 2014 10 5 21 23 56.04 0.974273 0.421324 0.0426676 3
3.46275 4.18704 6.07 1.06 2014 12 27 3 49 44.27 0.974273 0.421324 0.0426676 3
3.03599 3.89249 4.43 1.06 2015 11 23 1 46 29.87 0.974273 0.421324 0.0426676 3
3.47512 4.18971 5.99 1.05 2014 10 29 5 8 0.43 0.974273 0.421324 0.0426676 3
3.37362 4.24765 5.34 1.05 2015 1 28 14 9 38.83 0.974273 0.421324 0.0426676 3
3.7961 4.37029 5.91 1.05 2015 4 20 19 32 6.84 0.974273 0.421324 0.0426676 3
3.47726 4.19928 5.77 1.05 2015 7 29 5 45 33.48 0.974273 0.421324 0.0426676 3
3.6946 4.22819 5.91 1.05 2015 8 13 18 32 6.56 0.974273 0.421324 0.0426676 3
3.74829 4.30102 6 1.04 2014 12 22 17 40 48.24 0.974273 0.421324 0.0426676 3
3.66424 4.27433 5.71 1.03 2014 10 30 2 51 41.5 0.974273 0.421324 0.0426676 3
3.6077 4.23719 6.02 1.03 2015 4 22 18 35 13.8 0.974273 0.421324 0.0426676 3
3.43016 4.24086 5.59 1.03 2015 8 22 5 57 35.53 0.974273 0.421324 0.0426676 3
4.12866 4.43267 6.28 1.03 2015 9 1 3 49 21.38 0.974273 0.421324 0.0426676 3
3.51127 4.13323 5.96 1.03 2015 9 17 11 49 58.48 0.974273 0.421324 0.0426676 3
3.09689 3.8201 4.99 1.03 2015 9 24 19 49 54.88 0.974273 0.421324 0.0426676 3
3.47076 4.25943 5.7 1.02 2014 9 24 10 39 47.84 0.974273 0.421324 0.0426676 3
3.35626 4.25354 5.25 1.02 2014 10 6 15 23 46.5 0.974273 0.421324 0.0426676 3
3.17507 3.95265 4.18 1.02 2014 11 10 17 31 36.24 0.974273 0.421324 0.0426676 3
3.83377 4.28023 6.18 1.02 2015 1 21 9 31 11.06 0.974273 0.421324 0.0426676 3
3.42295 4.26933 5.37 1.01 2014 11 4 1 9 4.9 0.974273 0.421324 0.0426676 3
3.39828 4.19105 5.71 1.01 2014 11 5 15 34 33.96 0.974273 0.421324 0.0426676 3
3.35332 4.22096 5.46 1.01 2015 1 28 9 36 25.64 0.974273 0.421324 0.0426676 3
3.48955 4.18615 6.04 1.01 2015 1 31 19 4 53.56 0.974273 0.421324 0.0426676 3
3.64323 4.15758 6.27 1.01 2015 4 12 11 47 56.74 0.974273 0.421324 0.0426676 3
3.83955 4.30235 6.1 1.01 2015 7 29 9 48 3.25 0.974273 0.421324 0.0426676 3
3.49391 4.27344 5.66 1 2014 9 17 22 44 44.72 0.974273 0.421324 0.0426676 3
3.79388 4.3237 5.98 1 2014 11 20 4 49 49.87 0.974273 0.421324 0.0426676 3
3.01569 3.86302 4.05 1 2014 12 5 5 42 21.39 0.974273 0.421324 0.0426676 3
3.64679 4.21418 5.86 1 2015 5 12 1 35 35.1 0.974273 0.421324 0.0426676 3
3.37798 4.22185 5.47 1 2015 5 25 10 40 36.12 0.974273 0.421324 0.0426676 3
3.7019 4.31236 5.65 0.99 2015 4 28 19 3 27.96 0.974273 0.421324 0.0426676 3
3.43158 4.01914 4.86 0.99 2015 9 27 2 1 25.25 0.974273 0.421324 0.0426676 3
3.72363 4.1816 6.1 0.99 2015 9 29 10 57 50.51 0.974273 0.421324 0.0426676 3
3.54466 4.14045 4.74 0.99 2015 10 1 10 53 32.07 0.974273 0.421324 0.0426676 3
2.97438 3.88293 4.31 0.99 2015 11 22 23 14 6.88 0.974273 0.421324 0.0426676 3
2.93743 3.82911 4.04 0.98 2014 11 26 12 44 34.19 0.974273 0.421324 0.0426676 3
3.5135 4.10465 6.11 0.98 2015 7 29 7 58 48.85 0.974273 0.421324 0.0426676 3
3.44325 4.02236 4.95 0.98 2015 9 4 8 43 31.06 0.974273 0.421324 0.0426676 3
3.51127 4.1002 6.2 0.98 2015 10 13 13 23 34.5 0.974273 0.421324 0.0426676 3
3.03385 3.87848 4.47 0.97 2014 8 28 13 1 18.02 0.974273 0.421324 0.0426676 3
3.53959 4.29012 5.55 0.97 2014 9 18 1 55 2.13 0.974273 0.421324 0.0426676 3
3.47076 4.31103 5.15 0.97 2014 11 17 7 17 34.78 0.974273 0.421324 0.0426676 3
3.44539 4.14312 6.13 0.97 2014 11 30 13 21 15.21 0.974273 0.421324 0.0426676 3
3.44245 4.29791 5.22 0.97 2014 12 4 19 54 40 0.974273 0.421324 0.0426676 3
3.77945 4.29602 5.83 0.97 2014 12 4 20 52 12 0.974273 0.421324 0.0426676 3
3.68018 4.15357 6.18 0.97 2015 7 2 8 13 27.77 0.974273 0.421324 0.0426676 3
3.72069 4.42233 5.61 0.96 2014 9 14 18 24 11.42 0.974273 0.421324 0.0426676 3
3.55766 4.29924 5.54 0.96 2014 9 18 11 12 2.09 0.974273 0.421324 0.0426676 3
3.77215 4.38108 5.62 0.96 2014 11 14 6 34 13.87 0.974273 0.421324 0.0426676 3
3.4055 4.23675 5.57 0.96 2015 1 29 3 40 13.97 0.974273 0.421324 0.0426676 3
2.74466 3.76984 4.16 0.95 2014 11 27 5 59 7.31 0.974273 0.421324 0.0426676 3
3.44681 4.12689 5.89 0.95 2015 1 7 2 17 20.95 0.974273 0.421324 0.0426676 3
3.29108 3.9472 4.97 0.95 2015 1 21 3 58 57.89 0.974273 0.421324 0.0426676 3
3.7961 4.19739 6.36 0.95 2015 6 13 3 20 32.28 0.974273 0.421324 0.0426676 3
3.57867 4.31692 5.59 0.94 2014 9 17 11 38 3.14 0.974273 0.421324 0.0426676 3
3.42001 4.273 5.22 0.94 2014 10 22 5 0 4.12 0.974273 0.421324 0.0426676 3
3.7084 4.22997 6.13 0.94 2014 12 19 2 21 55.1 0.974273 0.421324 0.0426676 3
3.30773 3.97755 4.79 0.94 2015 1 16 14 44 19.82 0.974273 0.421324 0.0426676 3
3.3519 4.21829 5.69 0.93 2014 11 13 23 23 1.56 0.974273 0.421324 0.0426676 3
2.85774 4.23408 4.5 0.93 2014 11 17 19 0 21.98 0.974273 0.421324 0.0426676 3
2.7744 3.76306 4.31 0.93 2014 11 26 23 20 9.74 0.974273 0.421324 0.0426676 3
3.80981 4.27344 5.98 0.93 2015 12 21 21 11 30.36 0.974273 0.421324 0.0426676 3
3.49685 4.25899 5.77 0.92 2014 9 18 22 23 11.16 0.974273 0.421324 0.0426676 3
3.36926 4.26388 5.19 0.92 2014 11 7 12 39 55.41 0.974273 0.421324 0.0426676 3
3.50264 4.2671 5.74 0.92 2014 11 29 12 46 41.87 0.974273 0.421324 0.0426676 3
3.08238 3.89705 4.51 0.92 2015 1 18 18 53 58.96 0.974273 0.421324 0.0426676 3
2.97153 3.86803 4.19 0.92 2015 3 13 7 54 39.77 0.974273 0.421324 0.0426676 3
3.01284 3.87803 4.45 0.91 2014 8 28 15 43 50.23 0.974273 0.421324 0.0426676 3
2.89255 3.74493 4.19 0.91 2014 11 22 10 27 54.55 0.974273 0.421324 0.0426676 3
3.50549 4.10598 4.71 0.91 2015 2 17 2 47 13.06 0.974273 0.421324 0.0426676 3
3.61349 4.13545 6.33 0.91 2015 8 12 6 18 49.03 0.974273 0.421324 0.0426676 3
3.34753 4.07251 4.52 0.9 2014 8 12 14 21 0.55 0.974273 0.421324 0.0426676 3
3.55624 4.41233 5.43 0.9 2014 10 4 20 52 9.66 0.974273 0.421324 0.0426676 3
4.10399 4.46025 6.29 0.9 2015 9 1 12 12 41.45 0.974273 0.421324 0.0426676 3
3.72728 4.22863 5.99 0.9 2015 12 21 18 28 28.64 0.974273 0.421324 0.0426676 3
3.42508 4.26299 5.45 0.89 2014 10 8 22 43 29.04 0.974273 0.421324 0.0426676 3
3.75185 4.22641 6.04 0.89 2015 9 25 11 47 8.38 0.974273 0.421324 0.0426676 3
3.64465 4.33994 5.84 0.88 2014 9 17 16 55 0.7 0.974273 0.421324 0.0426676 3
3.53451 4.2929 5.54 0.88 2014 9 18 1 56 9.24 0.974273 0.421324 0.0426676 3
2.94179 3.83278 4.53 0.88 2014 11 27 1 51 25.95 0.974273 0.421324 0.0426676 3
3.40194 4.27478 5.17 0.88 2014 12 20 20 46 47.2 0.974273 0.421324 0.0426676 3
3.37006 3.99067 4.87 0.88 2015 4 7 19 58 6.36 0.974273 0.421324 0.0426676 3
3.42001 4.25665 5.27 0.88 2015 6 15 20 9 40.16 0.974273 0.421324 0.0426676 3
3.89173 4.30324 6.13 0.88 2015 7 10 20 26 30.48 0.974273 0.421324 0.0426676 3
3.56496 4.11277 6.31 0.88 2015 7 29 7 54 32.48 0.974273 0.421324 0.0426676 3
3.05843 3.83723 4.86 0.88 2015 9 13 18 16 38.24 0.974273 0.421324 0.0426676 3
3.4331 4.04316 4.78 0.88 2015 9 29 2 5 47.44 0.974273 0.421324 0.0426676 3
3.34317 4.20917 5.6 0.87 2014 12 6 5 46 0.41 0.974273 0.421324 0.0426676 3
2.89905 3.83912 4.64 0.87 2015 11 22 22 22 53.64 0.974273 0.421324 0.0426676 3
3.31281 4.46214 5.01 0.86 2014 2 27 2 6 27.6 0.974273 0.421324 0.0426676 3
3.5541 4.43812 5.11 0.86 2014 9 28 11 20 58.35 0.974273 0.421324 0.0426676 3
3.55116 4.38975 5.26 0.86 2014 11 7 23 52 30.28 0.974273 0.421324 0.0426676 3
3.75764 4.23864 6.03 0.86 2015 4 29 21 17 23.64 0.974273 0.421324 0.0426676 3
3.41209 4.22952 5.6 0.86 2015 9 9 12 17 22.95 0.974273 0.421324 0.0426676 3
3.44975 4.27122 5.34 0.86 2016 5 4 22 51 10.56 0.974273 0.421324 0.0426676 3
3.69825 4.33638 5.89 0.85 2014 9 22 11 32 0.73 0.974273 0.421324 0.0426676 3
3.83234 4.36029 5.94 0.85 2014 12 13 6 43 38.23 0.974273 0.421324 0.0426676 3
3.71348 4.28568 5.77 0.85 2014 12 13 7 16 24.8 0.974273 0.421324 0.0426676 3
3.641 4.1409 6.36 0.85 2015 9 14 11 47 28.48 0.974273 0.421324 0.0426676 3
3.79824 4.3078 5.81 0.84 2014 12 9 9 3 50.84 0.974273 0.421324 0.0426676 3
3.46204 4.08752 4.67 0.84 2015 2 16 19 53 5.32 0.974273 0.421324 0.0426676 3
3.64029 4.16714 6.34 0.84 2015 4 12 10 45 59.98 0.974273 0.421324 0.0426676 3
3.5265 4.08708 6.22 0.84 2015 10 3 18 40 40.64 0.974273 0.421324 0.0426676 3
3.19466 4.18115 5.39 0.84 2015 10 4 11 12 4.87 0.974273 0.421324 0.0426676 3
3.43889 4.54087 5.75 0.84 2015 10 17 1 3 42.84 0.974273 0.421324 0.0426676 3
2.95408 3.8658 4.35 0.83 2014 8 28 8 5 23.53 0.974273 0.421324 0.0426676 3
3.58526 4.23542 5.94 0.83 2014 10 18 5 38 14.22 0.974273 0.421324 0.0426676 3
3.42651 4.25487 5.51 0.83 2014 11 14 7 9 52.65 0.974273 0.421324 0.0426676 3
3.8091 4.37207 5.71 0.83 2014 11 14 11 1 40.46 0.974273 0.421324 0.0426676 3
3.18816 3.89204 4.84 0.83 2015 1 31 11 26 44.64 0.974273 0.421324 0.0426676 3
3.92654 4.24542 6.12 0.82 2014 11 14 19 5 8.56 0.974273 0.421324 0.0426676 3
3.3925 4.22229 5.77 0.82 2015 1 2 11 45 15.54 0.974273 0.421324 0.0426676 3
3.44823 4.23719 5.9 0.82 2015 1 2 12 10 10.88 0.974273 0.421324 0.0426676 3
3.45625 4.11332 6.03 0.82 2015 3 15 13 12 48.64 0.974273 0.421324 0.0426676 3
3.61634 4.44991 5.19 0.81 2014 11 14 7 24 31.54 0.974273 0.421324 0.0426676 3
3.40478 4.31147 5.25 0.81 2014 12 17 7 18 28.67 0.974273 0.421324 0.0426676 3
3.64901 4.26533 5.73 0.81 2015 8 13 19 17 41.48 0.974273 0.421324 0.0426676 3
3.73814 4.30469 5.74 0.81 2015 12 21 17 25 25.38 0.974273 0.421324 0.0426676 3
3.42001 4.40554 5.19 0.8 2014 11 15 18 56 2.18 0.974273 0.421324 0.0426676 3
3.46497 4.13956 5.75 0.8 2015 3 23 14 21 18 0.974273 0.421324 0.0426676 3
3.83377 4.30102 5.88 0.8 2015 12 24 2 36 51.48 0.974273 0.421324 0.0426676 3
3.22217 3.93185 4.73 0.8 2016 6 23 9 49 30.09 0.974273 0.421324 0.0426676 3
3.24977 4.25621 5.55 0.79 2014 12 7 11 33 21.05 0.974273 0.421324 0.0426676 3
3.32296 4.20873 5.45 0.79 2015 1 28 10 3 46.06 0.974273 0.421324 0.0426676 3
3.27363 3.95042 4.82 0.79 2015 2 16 14 41 10.31 0.974273 0.421324 0.0426676 3
3.72149 4.16525 6.32 0.79 2015 6 22 3 0 15.2 0.974273 0.421324 0.0426676 3
3.8091 4.2522 6.02 0.79 2015 11 15 12 32 16.87 0.974273 0.421324 0.0426676 3
3.6954 4.23453 5.92 0.79 2015 12 21 16 47 54.73 0.974273 0.421324 0.0426676 3
3.32723 4.22229 5.64 0.78 2014 11 9 22 18 20.28 0.974273 0.421324 0.0426676 3
3.3657 4.25854 5.18 0.78 2014 11 10 10 43 8.68 0.974273 0.421324 0.0426676 3
3.48305 4.30691 5.55 0.78 2014 12 25 2 8 52.49 0.974273 0.421324 0.0426676 3
3.95405 4.41055 5.88 0.78 2015 7 21 1 43 25.33 0.974273 0.421324 0.0426676 3
3.06137 3.90472 4.15 0.77 2014 11 28 5 9 41.75 0.974273 0.421324 0.0426676 3
2.93093 3.81198 4.67 0.77 2014 12 4 3 33 19 0.974273 0.421324 0.0426676 3
3.38813 4.24498 5.47 0.76 2014 10 29 1 17 4.41 0.974273 0.421324 0.0426676 3
3.33961 4.24898 5.18 0.76 2014 11 10 10 35 7.69 0.974273 0.421324 0.0426676 3
3.81783 4.28112 6.11 0.76 2015 6 6 7 28 0.44 0.974273 0.421324 0.0426676 3
3.48234 4.3237 5.25 0.75 2015 1 11 9 32 30.68 0.974273 0.421324 0.0426676 3
3.44325 4.58112 5.91 0.75 2015 8 21 17 33 22.48 0.974273 0.421324 0.0426676 3
3.34317 4.52452 5.71 0.75 2015 10 17 10 32 43.32 0.974273 0.421324 0.0426676 3
3.80047 4.4141 5.81 0.74 2014 10 6 9 41 20.74 0.974273 0.421324 0.0426676 3
3.2715 4.26622 5.12 0.74 2015 2 5 17 28 19.84 0.974273 0.421324 0.0426676 3
3.4802 4.13456 5.88 0.74 2015 7 29 5 28 18.64 0.974273 0.421324 0.0426676 3
3.58161 4.17793 5.9 0.74 2015 8 27 17 59 6.82 0.974273 0.421324 0.0426676 3
3.80118 4.43356 5.66 0.73 2014 9 17 11 34 5.96 0.974273 0.421324 0.0426676 3
3.66273 4.29246 5.72 0.73 2014 10 4 19 37 45.68 0.974273 0.421324 0.0426676 3
3.73084 4.26533 5.83 0.73 2014 12 1 7 22 12.64 0.974273 0.421324 0.0426676 3
3.51492 4.12956 5.95 0.72 2015 6 28 17 8 1.06 0.974273 0.421324 0.0426676 3
3.4932 4.18382 5.97 0.72 2015 8 29 11 44 29.56 0.974273 0.421324 0.0426676 3
3.49534 4.44668 5.01 0.71 2014 9 18 10 9 56.28 0.974273 0.421324 0.0426676 3
3.34905 4.25076 5.24 0.71 2014 10 6 8 56 42.85 0.974273 0.421324 0.0426676 3
3.23018 3.98567 4.04 0.71 2014 12 8 17 50 30 0.974273 0.421324 0.0426676 3
3.71276 4.32415 5.64 0.71 2014 12 22 18 27 34.96 0.974273 0.421324 0.0426676 3
3.44823 4.02236 4.87 0.71 2015 9 3 16 52 33.46 0.974273 0.421324 0.0426676 3
2.94829 3.85991 4.37 0.7 2014 8 28 8 5 51.49 0.974273 0.421324 0.0426676 3
2.85338 3.80331 4.18 0.7 2014 11 26 9 49 15.57 0.974273 0.421324 0.0426676 3
2.88383 3.80109 4.04 0.7 2014 11 27 4 39 22.26 0.974273 0.421324 0.0426676 3
3.40915 4.22363 5.66 0.7 2015 3 28 20 33 34.26 0.974273 0.421324 0.0426676 3
3.36276 4.22552 5.43 0.7 2015 9 14 19 6 12.94 0.974273 0.421324 0.0426676 3
3.62871 4.18927 5.96 0.7 2015 12 21 7 20 42.73 0.974273 0.421324 0.0426676 3
3.47432 4.26666 5.65 0.69 2014 10 1 3 21 27.21 0.974273 0.421324 0.0426676 3
3.67439 4.25899 5.82 0.69 2014 12 1 7 15 7.33 0.974273 0.421324 0.0426676 3
3.4664 4.25443 5.56 0.68 2014 9 22 11 16 12.88 0.974273 0.421324 0.0426676 3
3.81275 4.4101 5.62 0.68 2014 10 4 19 35 30.7 0.974273 0.421324 0.0426676 3
3.30408 3.9572 4.83 0.68 2015 1 16 9 19 12.13 0.974273 0.421324 0.0426676 3
3.29536 4.05394 4.22 0.68 2015 4 21 21 16 18.36 0.974273 0.421324 0.0426676 3
2.96574 3.87981 4.31 0.67 2014 8 28 0 49 25.32 0.974273 0.421324 0.0426676 3
3.60334 4.24676 5.79 0.67 2014 10 28 6 9 18.18 0.974273 0.421324 0.0426676 3
2.7744 3.84312 3.83 0.67 2014 11 22 12 15 27.7 0.974273 0.421324 0.0426676 3
3.70698 4.31236 5.73 0.67 2014 12 9 19 11 56.48 0.974273 0.421324 0.0426676 3
3.4664 4.02092 4.93 0.67 2015 9 8 22 25 53.88 0.974273 0.421324 0.0426676 3
3.66709 4.2164 5.85 0.66 2015 7 29 8 34 37.11 0.974273 0.421324 0.0426676 3
3.06929 3.95265 4.41 0.65 2014 11 26 10 17 15.6 0.974273 0.421324 0.0426676 3
3.07944 3.89382 4.54 0.65 2014 11 29 23 3 19.64 0.974273 0.421324 0.0426676 3
3.65694 4.21829 5.95 0.65 2015 2 24 18 47 10 0.974273 0.421324 0.0426676 3
3.39321 4.2363 5.67 0.65 2015 3 18 10 40 15.59 0.974273 0.421324 0.0426676 3
3.38671 4.23864 5.48 0.65 2015 9 15 11 34 16.89 0.974273 0.421324 0.0426676 3
3.37585 4.09286 4.51 0.64 2014 8 14 22 16 33.86 0.974273 0.421324 0.0426676 3
3.36418 4.24086 5.37 0.64 2014 10 25 4 55 52.5 0.974273 0.421324 0.0426676 3
3.63156 4.41733 5.24 0.64 2014 11 16 18 24 1.96 0.974273 0.421324 0.0426676 3
2.73237 3.74771 4.03 0.64 2014 11 27 3 53 51.81 0.974273 0.421324 0.0426676 3
3.44102 4.18382 5.85 0.64 2015 1 9 14 33 52.67 0.974273 0.421324 0.0426676 3
2.97082 4.17159 4.99 0.64 2015 4 28 15 18 15.19 0.974273 0.421324 0.0426676 3
3.37006 4.43456 4.91 0.63 2014 2 22 7 12 44.05 0.974273 0.421324 0.0426676 3
3.49462 4.32226 5.29 0.63 2014 9 18 8 57 8.21 0.974273 0.421324 0.0426676 3
2.89611 3.82055 4.41 0.63 2014 11 26 16 29 35.93 0.974273 0.421324 0.0426676 3
3.41716 4.3237 5.29 0.63 2014 12 25 9 7 52.75 0.974273 0.421324 0.0426676 3
3.08959 3.82321 4.68 0.63 2015 4 10 11 30 23.11 0.974273 0.421324 0.0426676 3
3.42802 4.0187 4.84 0.63 2015 9 5 19 3 14.04 0.974273 0.421324 0.0426676 3
2.90119 4.21507 4.64 0.62 2014 8 18 13 28 58.62 0.974273 0.421324 0.0426676 3
3.20774 3.9214 4.88 0.62 2015 4 8 14 44 8.98 0.974273 0.421324 0.0426676 3
3.69033 4.22229 6.12 0.62 2015 6 19 7 25 37.88 0.974273 0.421324 0.0426676 3
3.78017 4.20784 6.34 0.62 2015 7 2 16 49 23.53 0.974273 0.421324 0.0426676 3
3.75915 4.38786 5.57 0.61 2014 10 6 11 55 25.6 0.974273 0.421324 0.0426676 3
3.82068 4.27211 6.05 0.6 2015 4 30 22 19 21.92 0.974273 0.421324 0.0426676 3
3.6475 4.20517 5.91 0.6 2015 8 27 11 42 13 0.974273 0.421324 0.0426676 3
2.8824 3.82911 4.23 0.6 2015 11 23 1 43 38.02 0.974273 0.421324 0.0426676 3
3.24318 4.02003 4.43 0.59 2014 11 11 10 5 36.29 0.974273 0.421324 0.0426676 3
3.46711 4.25665 5.65 0.59 2015 7 26 10 9 35.4 0.974273 0.421324 0.0426676 3
3.08888 4.25988 4.77 0.59 2015 9 27 1 54 17.52 0.974273 0.421324 0.0426676 3
3.04828 3.91595 4.39 0.58 2014 8 28 17 33 13.12 0.974273 0.421324 0.0426676 3
3.41209 4.24453 5.57 0.58 2014 10 5 1 15 37.7 0.974273 0.421324 0.0426676 3
3.33311 4.25132 5.24 0.58 2014 11 7 13 1 1.39 0.974273 0.421324 0.0426676 3
2.7947 3.76851 4.04 0.58 2014 11 27 5 7 54.18 0.974273 0.421324 0.0426676 3
3.44752 4.24086 5.7 0.58 2015 2 7 5 6 43.02 0.974273 0.421324 0.0426676 3
3.4932 4.14946 5.85 0.58 2015 7 29 9 14 5.44 0.974273 0.421324 0.0426676 3
3.83154 4.3386 5.83 0.58 2015 8 13 19 55 4.4 0.974273 0.421324 0.0426676 3
3.57725 4.14312 6.15 0.58 2015 12 17 16 29 1.81 0.974273 0.421324 0.0426676 3
3.38448 4.27389 5.15 0.56 2014 11 7 12 43 37.28 0.974273 0.421324 0.0426676 3
3.67003 4.21329 5.92 0.56 2015 6 12 7 3 44.77 0.974273 0.421324 0.0426676 3
3.97436 4.43768 5.96 0.56 2015 7 21 1 30 44.95 0.974273 0.421324 0.0426676 3
3.57289 4.16625 5.93 0.56 2015 7 30 19 38 37 0.974273 0.421324 0.0426676 3
3.74393 4.24809 5.91 0.56 2015 12 21 19 36 42.96 0.974273 0.421324 0.0426676 3
3.33667 4.22774 5.26 0.55 2015 5 18 17 55 38.36 0.974273 0.421324 0.0426676 3
3.56496 4.16347 5.89 0.55 2015 8 27 17 57 16.14 0.974273 0.421324 0.0426676 3
3.2179 4.01191 4.29 0.55 2015 8 29 13 22 21.77 0.974273 0.421324 0.0426676 3
3.59613 4.14357 6.21 0.55 2015 9 6 21 33 30.68 0.974273 0.421324 0.0426676 3
2.89611 3.81198 4.03 0.54 2014 11 26 13 43 34.55 0.974273 0.421324 0.0426676 3
3.3251 4.22096 5.45 0.54 2014 12 6 17 12 45.76 0.974273 0.421324 0.0426676 3
3.39971 4.50284 5.65 0.54 2015 10 17 10 3 54.79 0.974273 0.421324 0.0426676 3
3.79174 4.16936 6.29 0.54 2015 11 29 3 54 11.84 0.974273 0.421324 0.0426676 3
3.40336 4.27756 5.23 0.54 2016 5 2 10 32 38.05 0.974273 0.421324 0.0426676 3
3.4461 4.12644 5.78 0.53 2015 3 6 20 22 41.6 0.974273 0.421324 0.0426676 3
3.38306 4.24398 5.52 0.53 2015 3 18 17 45 17.1 0.974273 0.421324 0.0426676 3
2.93235 3.82688 4.45 0.52 2014 8 28 10 1 54.81 0.974273 0.421324 0.0426676 3
3.30845 4.24676 5.24 0.52 2015 2 1 1 22 0.25 0.974273 0.421324 0.0426676 3
3.66344 4.19383 6.06 0.52 2015 4 18 18 46 28.3 0.974273 0.421324 0.0426676 3
3.17364 4.29246 4.99 0.52 2015 5 10 5 6 4.59 0.974273 0.421324 0.0426676 3
3.50549 4.43812 5.04 0.51 2014 9 28 20 18 36.8 0.974273 0.421324 0.0426676 3
3.84463 4.28568 5.91 0.51 2015 1 8 8 31 58.21 0.974273 0.421324 0.0426676 3
3.40915 4.10743 5.79 0.51 2015 3 15 13 6 39.8 0.974273 0.421324 0.0426676 3
3.67359 4.18971 6.06 0.51 2015 12 21 7 25 29.26 0.974273 0.421324 0.0426676 3
3.68668 4.20739 6.19 0.51 2016 7 16 7 37 39.62 0.974273 0.421324 0.0426676 3
3.61491 4.31547 5.53 0.5 2014 10 23 0 16 18.81 0.974273 0.421324 0.0426676 3
2.78749 3.7843 4.25 0.5 2014 11 27 0 19 16.23 0.974273 0.421324 0.0426676 3
3.71998 4.28479 5.76 0.5 2014 12 27 4 43 48.4 0.974273 0.421324 0.0426676 3
3.37727 4.18749 4.98 0.5 2015 4 22 22 11 0.76 0.974273 0.421324 0.0426676 3
3.70769 4.20962 6.21 0.5 2015 6 15 9 0 22.92 0.974273 0.421324 0.0426676 3
3.51279 4.14535 6.08 0.49 2014 10 16 4 49 15.33 0.974273 0.421324 0.0426676 3
2.88961 3.79653 4.08 0.49 2014 11 26 12 13 19.8 0.974273 0.421324 0.0426676 3
2.84038 3.79208 4.42 0.49 2014 11 26 22 56 51.18 0.974273 0.421324 0.0426676 3
3.47432 4.10787 6.04 0.49 2015 8 29 11 14 3.88 0.974273 0.421324 0.0426676 3
3.4794 4.38019 5.13 0.49 2015 9 27 2 30 58.09 0.974273 0.421324 0.0426676 3
3.75986 4.1866 6.17 0.48 2015 10 3 14 15 32.02 0.974273 0.421324 0.0426676 3
3.65765 4.39654 5.43 0.47 2014 9 14 14 5 0.45 0.974273 0.421324 0.0426676 3
3.52507 4.50695 5.85 0.47 2014 9 20 4 31 1.02 0.974273 0.421324 0.0426676 3
2.94544 4.31959 4.47 0.47 2014 11 22 23 44 38.04 0.974273 0.421324 0.0426676 3
3.43889 4.40332 5.16 0.47 2014 12 10 6 43 51.65 0.974273 0.421324 0.0426676 3
3.51279 4.34172 5.28 0.47 2015 1 12 1 8 18.79 0.974273 0.421324 0.0426676 3
3.72941 4.34583 5.59 0.47 2015 4 20 14 40 52.45 0.974273 0.421324 0.0426676 3
3.77001 4.23908 6.03 0.47 2015 6 14 9 26 17 0.974273 0.421324 0.0426676 3
3.43595 4.38786 5.11 0.47 2015 6 16 14 32 9.4 0.974273 0.421324 0.0426676 3
3.61999 4.34717 5.61 0.46 2014 9 18 5 12 43.33 0.974273 0.421324 0.0426676 3
3.65257 4.35395 5.62 0.46 2014 11 17 11 28 19.09 0.974273 0.421324 0.0426676 3
3.42001 4.25576 5.41 0.45 2014 11 1 7 5 16.75 0.974273 0.421324 0.0426676 3
3.82727 4.3078 5.86 0.45 2014 12 30 15 0 37.27 0.974273 0.421324 0.0426676 3
3.58019 4.12689 6.24 0.45 2015 9 3 4 20 28.45 0.974273 0.421324 0.0426676 3
3.37585 4.17615 5.71 0.44 2014 11 9 14 3 10.52 0.974273 0.421324 0.0426676 3
3.28093 3.87937 4.27 0.44 2014 12 5 5 49 37.23 0.974273 0.421324 0.0426676 3
3.18602 3.89749 4.87 0.44 2015 1 31 11 35 36.77 0.974273 0.421324 0.0426676 3
3.79539 4.36618 5.61 0.44 2015 5 9 17 7 35.52 0.974273 0.421324 0.0426676 3
3.16786 4.00969 4.29 0.43 2014 12 4 12 19 59.76 0.974273 0.421324 0.0426676 3
3.82655 4.35172 5.78 0.43 2014 12 5 13 35 24.21 0.974273 0.421324 0.0426676 3
2.84251 4.1965 4.6 0.43 2014 12 6 12 45 2.68 0.974273 0.421324 0.0426676 3
3.48234 4.55165 5.81 0.43 2014 12 15 6 23 24.53 0.974273 0.421324 0.0426676 3
3.30845 4.21507 5.43 0.43 2014 12 19 20 46 42.08 0.974273 0.421324 0.0426676 3
3.45625 4.2879 4.82 0.42 2014 3 23 1 48 28.5 0.974273 0.421324 0.0426676 3
3.71641 4.35984 5.68 0.42 2014 10 4 20 47 24.5 0.974273 0.421324 0.0426676 3
3.5273 4.37118 5.28 0.42 2014 10 5 13 36 22.59 0.974273 0.421324 0.0426676 3
3.49756 4.40554 5.25 0.42 2014 11 6 17 17 11.86 0.974273 0.421324 0.0426676 3
3.20267 3.93641 4.7 0.42 2014 11 29 11 31 31.91 0.974273 0.421324 0.0426676 3
3.40265 4.3386 5.3 0.42 2014 12 22 23 2 31.8 0.974273 0.421324 0.0426676 3
3.61562 4.20417 5.81 0.42 2015 1 1 7 15 43.39 0.974273 0.421324 0.0426676 3
2.98524 3.88248 4.36 0.41 2014 11 26 16 34 35.09 0.974273 0.421324 0.0426676 3
3.28307 4.23675 5.16 0.41 2014 12 6 3 26 18.45 0.974273 0.421324 0.0426676 3
3.42437 4.32226 5.24 0.41 2014 12 17 19 24 41.1 0.974273 0.421324 0.0426676 3
3.45767 4.13 5.88 0.41 2015 1 7 2 17 6.27 0.974273 0.421324 0.0426676 3
3.641 4.19828 5.98 0.41 2015 2 24 16 26 48 0.974273 0.421324 0.0426676 3
3.36641 4.03593 4.68 0.41 2015 3 7 12 55 13.65 0.974273 0.421324 0.0426676 3
3.40621 4.23141 5.71 0.41 2015 6 2 15 18 31.67 0.974273 0.421324 0.0426676 3
3.13892 4.16436 5.48 0.41 2015 6 19 21 40 2.92 0.974273 0.421324 0.0426676 3
3.57796 4.1191 6.24 0.41 2015 6 29 3 36 20.17 0.974273 0.421324 0.0426676 3
3.46853 4.26344 5.55 0.41 2015 8 7 12 29 5.52 0.974273 0.421324 0.0426676 3
3.06066 3.91328 4.41 0.41 2015 11 23 1 30 43.47 0.974273 0.421324 0.0426676 3
3.39686 4.27211 5.16 0.4 2014 12 17 10 28 40.16 0.974273 0.421324 0.0426676 3
3.47512 4.13901 5.79 0.4 2015 8 15 12 20 58.54 0.974273 0.421324 0.0426676 3
3.49756 4.42678 5.39 0.39 2014 4 19 2 45 31.54 0.974273 0.421324 0.0426676 3
3.3454 4.22052 5.44 0.39 2014 10 25 1 13 55.86 0.974273 0.421324 0.0426676 3
3.20703 3.9373 4.66 0.39 2014 11 12 2 50 42.26 0.974273 0.421324 0.0426676 3
3.22297 3.94998 4.72 0.39 2014 11 29 10 36 49.59 0.974273 0.421324 0.0426676 3
3.27657 3.91195 4.17 0.39 2014 12 1 22 29 0.84 0.974273 0.421324 0.0426676 3
3.74321 4.2531 5.89 0.39 2015 7 29 7 42 50.88 0.974273 0.421324 0.0426676 3
3.24398 3.99657 4.5 0.38 2014 8 12 14 38 28.81 0.974273 0.421324 0.0426676 3
3.35626 4.52408 5.56 0.38 2014 10 2 9 18 5.84 0.974273 0.421324 0.0426676 3
3.4193 4.32771 5.22 0.38 2014 12 17 19 24 20.54 0.974273 0.421324 0.0426676 3
3.72576 4.22552 6 0.38 2015 4 20 20 19 46.1 0.974273 0.421324 0.0426676 3
3.34905 4.22641 5.48 0.37 2014 11 25 16 24 12.71 0.974273 0.421324 0.0426676 3
3.37148 4.03815 4.65 0.37 2015 2 20 16 54 33.64 0.974273 0.421324 0.0426676 3
3.42072 4.34494 5.36 0.37 2015 6 24 10 17 47.93 0.974273 0.421324 0.0426676 3
3.4128 4.25031 5.57 0.36 2014 10 11 12 16 18.74 0.974273 0.421324 0.0426676 3
3.39178 4.17303 5.75 0.36 2014 11 7 12 36 14.42 0.974273 0.421324 0.0426676 3
3.24612 4.03682 4.28 0.36 2015 4 21 21 21 32.16 0.974273 0.421324 0.0426676 3
3.14106 3.91328 4.49 0.36 2015 7 19 8 37 36.4 0.974273 0.421324 0.0426676 3
3.35768 4.25398 5.26 0.35 2014 10 13 9 35 31.89 0.974273 0.421324 0.0426676 3
3.93162 4.41911 5.96 0.34 2014 10 18 14 57 23.76 0.974273 0.421324 0.0426676 3
3.18237 4.03271 4.26 0.34 2014 11 29 0 50 54.67 0.974273 0.421324 0.0426676 3
2.88961 3.80376 4.08 0.34 2015 12 19 2 5 47.4 0.974273 0.421324 0.0426676 3
3.42072 4.27433 5.21 0.33 2014 11 28 21 18 10.52 0.974273 0.421324 0.0426676 3
2.85631 3.80198 4.16 0.33 2015 12 19 3 24 9 0.974273 0.421324 0.0426676 3
3.33017 4.45213 4.92 0.32 2014 4 14 8 14 16.21 0.974273 0.421324 0.0426676 3
3.6142 4.425 5.24 0.32 2014 9 28 16 52 30.33 0.974273 0.421324 0.0426676 3
3.69968 4.30958 5.75 0.32 2014 10 5 2 2 50.2 0.974273 0.421324 0.0426676 3
3.77945 4.32726 5.75 0.32 2014 11 21 3 1 56.7 0.974273 0.421324 0.0426676 3
2.74253 3.81832 3.85 0.31 2014 11 22 11 28 58.7 0.974273 0.421324 0.0426676 3
3.22582 3.94853 4.69 0.31 2014 11 29 9 28 41.51 0.974273 0.421324 0.0426676 3
3.49614 4.12099 5.87 0.31 2015 7 31 6 45 9.35 0.974273 0.421324 0.0426676 3
2.9222 3.82733 4.42 0.3 2014 8 28 8 28 9.24 0.974273 0.421324 0.0426676 3
3.62435 4.13956 6.41 0.3 2015 6 14 5 36 7.32 0.974273 0.421324 0.0426676 3
3.47219 4.28834 4.71 0.29 2014 7 17 3 16 30.02 0.974273 0.421324 0.0426676 3
3.29028 4.03504 4.51 0.29 2014 8 12 14 30 50.05 0.974273 0.421324 0.0426676 3
3.50121 4.08475 4.78 0.29 2015 2 20 6 34 13.1 0.974273 0.421324 0.0426676 3
3.87357 4.29746 6.12 0.29 2015 6 25 10 30 37.28 0.974273 0.421324 0.0426676 3
3.39828 4.49961 5.64 0.29 2015 10 17 10 4 22.55 0.974273 0.421324 0.0426676 3
3.4932 4.28968 5.57 0.28 2014 11 22 20 42 45.36 0.974273 0.421324 0.0426676 3
2.89398 3.81287 4.04 0.28 2014 11 27 5 34 59.66 0.974273 0.421324 0.0426676 3
3.40986 4.01458 4.85 0.28 2015 9 27 2 6 48.45 0.974273 0.421324 0.0426676 3
2.9019 3.82555 4.34 0.28 2015 11 22 23 3 42.6 0.974273 0.421324 0.0426676 3
3.44539 4.24453 5.59 0.27 2014 9 29 5 42 26.38 0.974273 0.421324 0.0426676 3
3.63379 4.35128 5.62 0.27 2014 10 5 0 1 39.8 0.974273 0.421324 0.0426676 3
3.42366 4.17303 5.74 0.27 2014 11 8 4 56 8.52 0.974273 0.421324 0.0426676 3
3.3925 4.19694 5.76 0.27 2014 11 28 17 24 32.52 0.974273 0.421324 0.0426676 3
3.57939 4.16936 5.92 0.27 2014 12 31 20 40 38.96 0.974273 0.421324 0.0426676 3
3.37941 3.987 4.87 0.27 2015 4 7 23 15 15.32 0.974273 0.421324 0.0426676 3
3.46275 4.52953 5.73 0.27 2015 10 17 1 21 10.29 0.974273 0.421324 0.0426676 3
3.3048 4.06851 4.26 0.26 2014 8 29 10 5 6.19 0.974273 0.421324 0.0426676 3
3.6548 4.25354 5.78 0.26 2014 11 14 5 57 6.44 0.974273 0.421324 0.0426676 3
2.90048 3.81098 4.52 0.26 2014 11 26 23 40 42.84 0.974273 0.421324 0.0426676 3
3.75256 4.30825 5.74 0.25 2014 11 5 6 35 10.46 0.974273 0.421324 0.0426676 3
2.89033 3.82188 4.23 0.25 2014 11 26 5 25 32.48 0.974273 0.421324 0.0426676 3
3.37941 4.23953 5.46 0.25 2014 11 27 11 33 28.6 0.974273 0.421324 0.0426676 3
3.43595 4.30102 5.29 0.25 2014 12 19 23 53 39.52 0.974273 0.421324 0.0426676 3
3.57867 4.12455 6.21 0.25 2015 6 29 5 34 22.64 0.974273 0.421324 0.0426676 3
3.18094 4.16169 5.47 0.25 2015 7 8 1 17 43.03 0.974273 0.421324 0.0426676 3
3.61278 4.42233 5.22 0.24 2014 9 17 14 4 35.25 0.974273 0.421324 0.0426676 3
3.93304 4.40966 5.84 0.24 2014 11 23 7 7 29.15 0.974273 0.421324 0.0426676 3
3.33961 4.23041 5.37 0.24 2014 12 3 0 9 37.88 0.974273 0.421324 0.0426676 3
3.36062 4.25765 5.66 0.24 2015 5 25 13 6 31.8 0.974273 0.421324 0.0426676 3
3.38956 4.00735 4.84 0.24 2015 9 27 1 57 15.02 0.974273 0.421324 0.0426676 3
3.77723 4.43312 5.72 0.23 2014 9 16 2 45 34.49 0.974273 0.421324 0.0426676 3
2.87439 3.80743 4.5 0.23 2014 11 26 23 22 34.92 0.974273 0.421324 0.0426676 3
3.78666 4.31826 5.74 0.23 2014 12 9 8 59 28.75 0.974273 0.421324 0.0426676 3
3.34032 4.52586 5.58 0.22 2014 10 2 8 53 54.65 0.974273 0.421324 0.0426676 3
3.16786 3.96354 3.87 0.22 2014 12 8 7 30 21.58 0.974273 0.421324 0.0426676 3
3.29465 3.95042 4.82 0.22 2015 1 16 8 57 5.41 0.974273 0.421324 0.0426676 3
3.16857 4.16303 5.46 0.22 2015 7 8 1 17 21.78 0.974273 0.421324 0.0426676 3
3.55766 4.36796 5.34 0.22 2015 8 13 19 19 49.96 0.974273 0.421324 0.0426676 3
3.65623 4.32815 5.65 0.21 2014 9 19 2 57 14.54 0.974273 0.421324 0.0426676 3
3.28165 3.9413 4.84 0.21 2015 1 16 6 5 53.44 0.974273 0.421324 0.0426676 3
3.37433 4.27478 5.12 0.21 2015 3 22 10 51 2.3 0.974273 0.421324 0.0426676 3
3.26571 4.24453 4.51 0.21 2015 4 20 14 7 45.58 0.974273 0.421324 0.0426676 3
3.4599 4.02637 4.87 0.21 2015 9 3 19 55 49.66 0.974273 0.421324 0.0426676 3
3.33382 4.51729 5.66 0.21 2015 10 17 10 39 46.6 0.974273 0.421324 0.0426676 3
3.08746 3.89115 4.61 0.21 2015 11 22 12 4 55.54 0.974273 0.421324 0.0426676 3
3.00554 3.86302 4.46 0.21 2015 11 23 4 28 21.39 0.974273 0.421324 0.0426676 3
3.52365 4.11777 4.7 0.2 2015 2 17 5 43 4.25 0.974273 0.421324 0.0426676 3
3.49614 4.09286 4.74 0.19 2015 2 17 3 53 12.27 0.974273 0.421324 0.0426676 3
3.44102 4.24631 5.54 0.19 2015 4 23 0 14 35.76 0.974273 0.421324 0.0426676 3
3.16207 4.27567 4.7 0.19 2015 6 27 5 57 35.17 0.974273 0.421324 0.0426676 3
2.88677 3.82233 4.23 0.18 2015 11 23 1 41 35.89 0.974273 0.421324 0.0426676 3
3.24977 4.46481 4.97 0.17 2014 3 12 22 16 36.46 0.974273 0.421324 0.0426676 3
3.63886 4.20695 5.87 0.17 2015 6 6 8 35 21.23 0.974273 0.421324 0.0426676 3
3.42295 4.51374 5.66 0.17 2015 10 17 10 10 25.93 0.974273 0.421324 0.0426676 3
2.89398 3.82455 4.36 0.16 2015 11 22 23 41 37.08 0.974273 0.421324 0.0426676 3
3.3251 4.06762 4.5 0.15 2014 8 12 14 12 43.24 0.974273 0.421324 0.0426676 3
3.43817 4.30424 5.3 0.15 2014 12 20 1 42 30.9 0.974273 0.421324 0.0426676 3
3.11639 3.89382 4.67 0.15 2014 12 22 13 29 56.68 0.974273 0.421324 0.0426676 3
3.83012 4.24854 6.29 0.15 2015 9 11 8 49 0.84 0.974273 0.421324 0.0426676 3
2.86789 3.80743 4.47 0.14 2014 8 28 21 7 26.2 0.974273 0.421324 0.0426676 3
3.14399 3.9174 4.56 0.14 2015 7 23 21 53 40.28 0.974273 0.421324 0.0426676 3
2.94615 4.1449 4.97 0.13 2014 11 16 0 41 7.35 0.974273 0.421324 0.0426676 3
3.81854 4.36029 5.74 0.12 2014 11 19 17 39 45.68 0.974273 0.421324 0.0426676 3
3.81489 4.27889 6.13 0.12 2015 3 1 18 23 5.96 0.974273 0.421324 0.0426676 3
3.33231 4.24854 5.26 0.1 2014 11 7 13 5 2.62 0.974273 0.421324 0.0426676 3
3.44031 4.12144 5.74 0.1 2015 3 21 9 8 0.3 0.974273 0.421324 0.0426676 3
3.35697 4.23864 5.34 0.09 2014 11 10 3 1 18.64 0.974273 0.421324 0.0426676 3
3.21567 3.91551 4.87 0.09 2015 7 20 19 32 36.4 0.974273 0.421324 0.0426676 3
3.89823 4.29424 6.07 0.08 2015 5 31 17 37 0.88 0.974273 0.421324 0.0426676 3
3.44681 4.31147 4.85 0.07 2014 3 22 17 0 40.1 0.974273 0.421324 0.0426676 3
2.92149 3.82055 4.23 0.07 2015 3 13 8 4 16.53 0.974273 0.421324 0.0426676 3
3.19608 3.93586 4.63 0.07 2015 9 1 16 54 23.99 0.974273 0.421324 0.0426676 3
3.39321 4.15713 5.04 0.05 2015 5 16 13 12 6.4 0.974273 0.421324 0.0426676 3
2.7882 3.77985 4.12 0.04 2014 11 27 6 9 10.82 0.974273 0.421324 0.0426676 3
3.34611 4.23275 5.37 0.04 2014 12 3 0 13 40.91 0.974273 0.421324 0.0426676 3
3.66638 4.20239 6 0.04 2015 6 28 7 21 30.11 0.974273 0.421324 0.0426676 3
2.86931 3.8042 4.09 0.02 2014 11 26 9 43 47.37 0.974273 0.421324 0.0426676 3
3.32875 4.45213 4.93 0.01 2014 3 7 7 49 29.59 0.974273 0.421324 0.0426676 3
3.40915 4.33682 5.27 0.01 2014 12 25 8 48 4.36 0.974273 0.421324 0.0426676 3
3.41351 4.17203 5.84 0.01 2015 2 2 9 56 34.26 0.974273 0.421324 0.0426676 3
2.84901 3.79252 4.55 0 2014 11 28 2 21 24.46 0.974273 0.421324 0.0426676 3
3.6816 4.33905 5.66 0 2015 4 21 9 50 28.54 0.974273 0.421324 0.0426676 3
3.53157 4.27889 5.67 -0.01 2014 9 29 8 46 25.86 0.974273 0.421324 0.0426676 3
3.40122 4.34761 5.27 -0.01 2014 12 25 8 46 31.08 0.974273 0.421324 0.0426676 3
3.37941 4.07841 5.89 -0.01 2015 3 15 3 43 3.05 0.974273 0.421324 0.0426676 3
3.40986 4.18793 5.69 -0.01 2015 8 6 6 47 1.06 0.974273 0.421324 0.0426676 3
2.815 3.84723 3.8 -0.02 2014 11 22 11 6 43.42 0.974273 0.421324 0.0426676 3
3.08452 3.91695 4.11 -0.03 2014 12 3 11 44 4.92 0.974273 0.421324 0.0426676 3
3.41858 4.16981 5.87 -0.03 2015 8 9 4 7 56.75 0.974273 0.421324 0.0426676 3
3.57075 4.22997 5.49 -0.04 2014 9 15 2 58 58.81 0.974273 0.421324 0.0426676 3
2.82079 3.8052 4.46 -0.04 2015 11 30 9 40 33.68 0.974273 0.421324 0.0426676 3
2.81358 3.78841 4.09 -0.05 2014 11 26 11 15 10 0.974273 0.421324 0.0426676 3
2.89255 3.82866 4.25 -0.05 2015 11 23 1 13 52.86 0.974273 0.421324 0.0426676 3
3.65409 4.23141 5.86 -0.06 2015 8 1 20 5 48.3 0.974273 0.421324 0.0426676 3
2.93672 4.14134 4.97 -0.07 2014 11 16 2 16 10.8 0.974273 0.421324 0.0426676 3
3.79245 4.28745 6.06 -0.07 2014 12 29 7 24 41.37 0.974273 0.421324 0.0426676 3
3.3519 4.03271 4.65 -0.07 2015 3 7 12 55 43.96 0.974273 0.421324 0.0426676 3
2.73309 3.74538 4.19 -0.12 2014 12 24 12 2 55 0.974273 0.421324 0.0426676 3
2.82871 3.82822 3.69 -0.13 2014 11 22 10 30 38.2 0.974273 0.421324 0.0426676 3
3.68668 4.26388 5.83 -0.16 2014 11 14 6 1 11.54 0.974273 0.421324 0.0426676 3
3.71205 4.23408 6.02 -0.16 2015 8 1 9 4 0.2 0.974273 0.421324 0.0426676 3
3.23018 4.28656 4.87 -0.2 2014 2 22 13 31 48.06 0.974273 0.421324 0.0426676 3
3.65257 4.3038 5.73 -0.28 2014 11 14 8 43 9.83 0.974273 0.421324 0.0426676 3
8.63706 3.50019 4.88 3.8 2015 8 22 8 46 49.5 0.50943 0.37436 0.899075 4
4.44171 5.76924 4.32 3.67 2014 9 8 21 2 15.08 0.50943 0.37436 0.899075 4
9.72679 3.17528 4.79 3.54 2015 8 9 7 5 33.52 0.50943 0.37436 0.899075 4
10.2717 2.66 5.31 3.48 2015 8 5 12 1 12.74 0.50943 0.37436 0.899075 4
4.77934 5.8602 4.51 3.47 2014 8 17 6 18 43.49 0.50943 0.37436 0.899075 4
11.8289 2.05055 5.57 3.37 2015 10 24 21 13 7.68 0.50943 0.37436 0.899075 4
4.49166 5.76112 4.46 3.36 2014 8 16 10 54 24.98 0.50943 0.37436 0.899075 4
11.4564 2.1365 5.57 3.34 2015 12 27 13 18 58.85 0.50943 0.37436 0.899075 4
9.96665 2.88306 5.2 3.33 2015 8 4 18 16 29.66 0.50943 0.37436 0.899075 4
4.05912 5.91446 4.36 3.29 2014 8 17 15 59 5.83 0.50943 0.37436 0.899075 4
5.01627 5.5444 4.69 3.26 2014 8 17 6 31 10.26 0.50943 0.37436 0.899075 4
11.6702 2.17631 5.22 3.25 2015 10 27 9 13 35.17 0.50943 0.37436 0.899075 4
10.2753 2.75863 5.09 3.16 2015 7 27 9 25 4.93 0.50943 0.37436 0.899075 4
10.7492 2.55593 5.29 3.12 2015 8 5 12 3 1.02 0.50943 0.37436 0.899075 4
4.74889 5.70319 4.34 3.06 2014 9 8 21 3 10.82 0.50943 0.37436 0.899075 4
4.65113 5.71675 4.52 3.02 2014 8 17 16 35 7.86 0.50943 0.37436 0.899075 4
4.25767 5.8086 4.25 3.02 2014 8 20 12 27 40.34 0.50943 0.37436 0.899075 4
11.589 2.04877 5.66 2.89 2015 10 25 1 29 10.67 0.50943 0.37436 0.899075 4
4.98653 5.58421 4.51 2.84 2014 9 8 21 4 42.48 0.50943 0.37436 0.899075 4
10.2761 2.50077 5.24 2.84 2015 7 28 2 13 47.19 0.50943 0.37436 0.899075 4
10.084 2.61608 4.97 2.72 2015 7 28 15 25 47.11 0.50943 0.37436 0.899075 4
4.79092 5.65927 4.56 2.71 2014 9 8 21 9 3.6 0.50943 0.37436 0.899075 4
9.23334 3.24767 4.92 2.7 2015 8 14 21 29 54.92 0.50943 0.37436 0.899075 4
9.73551 2.98714 5 2.67 2015 8 9 7 6 2.86 0.50943 0.37436 0.899075 4
3.82869 5.98051 4.56 2.66 2014 9 12 21 25 45.8 0.50943 0.37436 0.899075 4
11.418 2.17086 5.32 2.53 2015 10 27 10 21 41.06 0.50943 0.37436 0.899075 4
8.41963 3.44137 5 2.52 2015 8 16 0 0 58.39 0.50943 0.37436 0.899075 4
11.8296 2.09258 5.49 2.49 2015 10 14 20 40 8.28 0.50943 0.37436 0.899075 4
5.34232 5.41997 4.67 2.46 2014 5 19 5 27 52.88 0.50943 0.37436 0.899075 4
5.79526 5.18691 4.86 2.46 2014 7 16 8 58 58.4 0.50943 0.37436 0.899075 4
5.42424 5.33035 4.68 2.45 2014 6 2 5 54 3.73 0.50943 0.37436 0.899075 4
10.4159 2.49977 5.37 2.45 2015 7 28 2 27 16.95 0.50943 0.37436 0.899075 4
4.49816 5.69418 4.51 2.36 2014 8 16 9 50 16.12 0.50943 0.37436 0.899075 4
13.0672 1.70484 5.61 2.36 2016 1 25 7 55 10.43 0.50943 0.37436 0.899075 4
4.87426 5.60411 4.51 2.34 2014 9 8 21 5 27.6 0.50943 0.37436 0.899075 4
11.455 2.13472 5.51 2.34 2015 10 24 22 10 27.28 0.50943 0.37436 0.899075 4
4.38589 5.72765 4.42 2.29 2014 8 20 11 6 17.52 0.50943 0.37436 0.899075 4
4.31412 5.82895 4.42 2.24 2014 8 17 6 58 8.78 0.50943 0.37436 0.899075 4
10.321 2.72428 5.2 2.24 2015 8 9 7 7 7.89 0.50943 0.37436 0.899075 4
9.64131 3.04407 5.25 2.24 2015 8 9 7 7 38.12 0.50943 0.37436 0.899075 4
13.0411 1.6637 5.54 2.23 2016 1 27 21 28 17.84 0.50943 0.37436 0.899075 4
4.18448 5.84707 4.24 2.2 2014 8 20 12 37 38.19 0.50943 0.37436 0.899075 4
9.72607 2.99437 5.29 2.2 2015 8 11 8 16 29.88 0.50943 0.37436 0.899075 4
5.65467 5.22038 4.67 2.19 2014 7 24 2 21 37.34 0.50943 0.37436 0.899075 4
10.4659 2.69347 5.1 2.19 2015 8 4 22 4 55.58 0.50943 0.37436 0.899075 4
11.039 2.56638 5.19 2.19 2017 6 14 21 21 58.34 0.50943 0.37436 0.899075 4
4.20398 5.80949 4.67 2.15 2014 8 13 0 57 10.93 0.50943 0.37436 0.899075 4
4.44607 5.77647 4.44 2.14 2014 8 17 16 36 27.92 0.50943 0.37436 0.899075 4
10.5464 2.67135 5.14 2.13 2015 8 12 1 28 33 0.50943 0.37436 0.899075 4
4.51561 5.75022 4.41 2.12 2014 8 16 12 3 2.15 0.50943 0.37436 0.899075 4
8.61239 3.69156 5.26 2.12 2015 8 22 8 49 24.49 0.50943 0.37436 0.899075 4
13.0599 1.69939 5.47 2.12 2016 1 27 21 34 53.12 0.50943 0.37436 0.899075 4
10.242 2.79077 5.11 2.1 2015 8 4 22 22 41.64 0.50943 0.37436 0.899075 4
11.8151 2.13605 5.38 2.1 2015 10 15 13 36 42.17 0.50943 0.37436 0.899075 4
4.46344 5.73621 4.46 2.09 2014 8 17 17 13 3.58 0.50943 0.37436 0.899075 4
10.1724 2.70248 5.41 2.08 2015 8 24 13 44 46.72 0.50943 0.37436 0.899075 4
7.56683 4.08797 4.9 2.07 2015 9 7 22 34 28.88 0.50943 0.37436 0.899075 4
13.0882 1.71485 5.62 2.07 2016 1 25 3 58 48.24 0.50943 0.37436 0.899075 4
4.58008 5.7122 4.33 2.06 2014 8 16 10 57 52.95 0.50943 0.37436 0.899075 4
9.90798 2.91242 5.43 2.06 2015 8 22 15 58 13.88 0.50943 0.37436 0.899075 4
4.67063 5.67283 4.35 2.03 2014 8 17 9 14 35.05 0.50943 0.37436 0.899075 4
10.5652 2.6858 5.07 2.03 2015 8 6 0 22 46.02 0.50943 0.37436 0.899075 4
4.65326 5.66605 4.32 2.02 2014 8 13 4 24 29.6 0.50943 0.37436 0.899075 4
4.13444 5.85252 4.14 2 2014 8 17 5 33 11.64 0.50943 0.37436 0.899075 4
4.59388 5.72576 4.43 1.99 2014 8 16 10 56 0.57 0.50943 0.37436 0.899075 4
5.68512 5.2345 4.87 1.98 2014 7 16 9 0 16.5 0.50943 0.37436 0.899075 4
4.67214 5.70007 4.53 1.98 2014 8 15 23 34 15.44 0.50943 0.37436 0.899075 4
13.0758 1.69583 5.56 1.98 2016 1 25 4 26 47.95 0.50943 0.37436 0.899075 4
4.29168 5.80004 4.37 1.96 2014 8 17 6 34 32.63 0.50943 0.37436 0.899075 4
4.37796 5.78147 4.38 1.95 2014 8 16 13 2 32.78 0.50943 0.37436 0.899075 4
11.5934 2.21889 5.1 1.95 2015 10 25 2 55 55.6 0.50943 0.37436 0.899075 4
8.68558 3.36176 4.74 1.94 2015 8 14 22 15 46 0.50943 0.37436 0.899075 4
8.40592 3.48885 4.72 1.92 2015 8 22 8 50 16.4 0.50943 0.37436 0.899075 4
5.07281 5.59511 4.68 1.91 2014 11 23 22 31 44.58 0.50943 0.37436 0.899075 4
7.79218 4.24398 4.82 1.89 2015 1 6 8 1 57.89 0.50943 0.37436 0.899075 4
9.5797 3.15449 5.37 1.89 2015 8 14 22 46 7.72 0.50943 0.37436 0.899075 4
11.4716 2.11159 5.57 1.89 2015 10 24 22 10 7.6 0.50943 0.37436 0.899075 4
10.192 2.80934 5 1.88 2015 8 5 15 23 6.92 0.50943 0.37436 0.899075 4
4.12794 5.81761 4.17 1.86 2014 8 21 22 33 5.72 0.50943 0.37436 0.899075 4
9.92534 3.04997 5.4 1.86 2015 9 18 2 35 21.32 0.50943 0.37436 0.899075 4
11.6398 2.18442 5.19 1.86 2015 10 25 0 43 24.86 0.50943 0.37436 0.899075 4
12.0129 2.03198 5.63 1.84 2015 12 7 17 1 24.12 0.50943 0.37436 0.899075 4
7.4842 4.18071 4.53 1.84 2016 1 28 7 2 7.5 0.50943 0.37436 0.899075 4
4.26702 5.82539 4.56 1.83 2014 9 8 19 56 50.08 0.50943 0.37436 0.899075 4
4.36051 5.752 4.39 1.82 2014 8 17 17 13 52.48 0.50943 0.37436 0.899075 4
11.1825 2.05777 5.46 1.82 2015 11 24 16 57 20.69 0.50943 0.37436 0.899075 4
4.3663 5.79959 4.57 1.81 2014 8 17 6 34 9.85 0.50943 0.37436 0.899075 4
11.5788 2.3103 5.03 1.81 2016 3 10 12 36 36.45 0.50943 0.37436 0.899075 4
10.1232 2.83102 4.95 1.8 2015 8 29 9 2 0.47 0.50943 0.37436 0.899075 4
4.73224 5.62947 4.53 1.78 2014 8 17 8 44 7.94 0.50943 0.37436 0.899075 4
3.6881 5.99274 4.16 1.78 2014 9 5 18 35 14.2 0.50943 0.37436 0.899075 4
3.49106 5.94114 4.48 1.78 2015 10 15 15 51 55.66 0.50943 0.37436 0.899075 4
11.5398 2.13605 5.43 1.76 2015 10 25 2 43 23.36 0.50943 0.37436 0.899075 4
9.7551 2.98303 5.13 1.75 2015 8 8 1 14 27.39 0.50943 0.37436 0.899075 4
4.6091 5.72765 4.61 1.74 2014 4 30 17 44 31.56 0.50943 0.37436 0.899075 4
4.99891 5.56742 4.64 1.74 2014 6 2 1 4 20.35 0.50943 0.37436 0.899075 4
12.031 2.04921 5.4 1.74 2016 9 6 17 22 32.28 0.50943 0.37436 0.899075 4
5.05393 5.57743 4.63 1.72 2014 8 17 21 32 3.4 0.50943 0.37436 0.899075 4
10.9231 2.62831 5.13 1.72 2015 8 26 12 46 33.5 0.50943 0.37436 0.899075 4
11.171 2.05911 5.46 1.72 2015 11 25 18 15 56 0.50943 0.37436 0.899075 4
5.19817 5.50415 4.6 1.71 2014 6 4 6 3 24.52 0.50943 0.37436 0.899075 4
10.1689 2.76631 4.93 1.71 2015 7 30 10 18 7.33 0.50943 0.37436 0.899075 4
9.8688 2.87039 5.28 1.71 2015 8 9 7 18 23.32 0.50943 0.37436 0.899075 4
10.1819 2.76998 4.95 1.71 2015 8 9 10 6 13.63 0.50943 0.37436 0.899075 4
10.697 2.64144 5.07 1.71 2015 8 16 0 58 4.85 0.50943 0.37436 0.899075 4
10.6753 2.71794 4.89 1.7 2015 7 27 16 39 22.05 0.50943 0.37436 0.899075 4
7.24656 4.49783 4.63 1.69 2014 6 11 14 24 48.38 0.50943 0.37436 0.899075 4
10.6108 2.66134 4.95 1.69 2015 7 27 14 1 44.78 0.50943 0.37436 0.899075 4
4.69387 5.70052 4.78 1.68 2014 8 17 12 29 8.99 0.50943 0.37436 0.899075 4
10.3529 2.6093 5.35 1.68 2015 8 5 2 5 45.93 0.50943 0.37436 0.899075 4
5.06337 5.52316 4.57 1.67 2014 6 2 7 35 12.53 0.50943 0.37436 0.899075 4
9.83692 2.92876 5.21 1.67 2015 8 9 7 12 6.39 0.50943 0.37436 0.899075 4
4.31635 5.78914 4.61 1.64 2014 8 14 4 9 33.3 0.50943 0.37436 0.899075 4
9.72679 3.02606 5.21 1.64 2015 8 14 21 33 12.8 0.50943 0.37436 0.899075 4
4.00116 5.8692 4.25 1.62 2014 8 21 23 19 40.5 0.50943 0.37436 0.899075 4
5.09667 5.72265 4.47 1.62 2014 12 12 7 56 37.21 0.50943 0.37436 0.899075 4
11.9115 2.05055 5.68 1.62 2015 12 8 21 11 8.16 0.50943 0.37436 0.899075 4
10.1782 2.8944 4.88 1.61 2015 9 17 9 10 45.03 0.50943 0.37436 0.899075 4
4.94744 5.54796 4.25 1.6 2014 8 6 11 53 8.19 0.50943 0.37436 0.899075 4
4.82573 5.57153 4.62 1.6 2014 8 17 6 24 26.26 0.50943 0.37436 0.899075 4
4.06927 5.83395 4.14 1.6 2014 8 20 19 32 5.12 0.50943 0.37436 0.899075 4
13.1157 1.73019 5.53 1.6 2016 1 25 10 29 3.82 0.50943 0.37436 0.899075 4
5.3003 5.40318 4.65 1.59 2014 5 18 21 17 1.84 0.50943 0.37436 0.899075 4
9.44641 3.13147 5.27 1.59 2015 8 18 18 23 21.72 0.50943 0.37436 0.899075 4
8.43129 3.51198 4.85 1.58 2015 8 15 17 45 50 0.50943 0.37436 0.899075 4
4.36487 5.80504 4.57 1.57 2014 9 8 18 59 32.92 0.50943 0.37436 0.899075 4
10.1116 2.87261 4.96 1.57 2015 8 13 23 23 38.24 0.50943 0.37436 0.899075 4
11.6122 2.22701 5.08 1.57 2015 10 25 4 28 17.37 0.50943 0.37436 0.899075 4
4.14896 5.80682 4.14 1.56 2014 8 20 15 32 46.34 0.50943 0.37436 0.899075 4
9.65796 3.00427 4.98 1.56 2015 8 9 18 18 3.4 0.50943 0.37436 0.899075 4
10.1811 2.87039 4.92 1.56 2015 8 11 6 53 38.42 0.50943 0.37436 0.899075 4
5.02277 5.55341 4.62 1.55 2014 6 2 1 4 6.22 0.50943 0.37436 0.899075 4
4.46922 5.77969 4.75 1.55 2014 8 17 6 26 14.91 0.50943 0.37436 0.899075 4
4.74025 5.63124 4.28 1.53 2014 8 14 0 24 33.69 0.50943 0.37436 0.899075 4
10.5492 2.71338 5.02 1.53 2015 8 4 23 39 10.94 0.50943 0.37436 0.899075 4
4.31056 5.73666 4.12 1.52 2014 8 20 0 45 45.82 0.50943 0.37436 0.899075 4
10.4347 2.62287 4.88 1.52 2015 7 27 18 54 7.96 0.50943 0.37436 0.899075 4
10.1572 2.85637 4.95 1.52 2015 8 11 1 34 38.07 0.50943 0.37436 0.899075 4
8.63991 3.41835 4.79 1.52 2015 8 27 2 39 25.76 0.50943 0.37436 0.899075 4
3.54537 5.99997 4.5 1.52 2015 9 28 5 35 39.07 0.50943 0.37436 0.899075 4
11.8781 2.03698 5.69 1.52 2015 12 13 3 57 45.27 0.50943 0.37436 0.899075 4
13.0121 1.64646 5.58 1.52 2016 1 25 4 41 40.26 0.50943 0.37436 0.899075 4
10.0645 3.04363 5.41 1.51 2015 9 19 1 33 42.88 0.50943 0.37436 0.899075 4
4.07577 5.87287 4.71 1.5 2014 8 17 7 22 45.93 0.50943 0.37436 0.899075 4
10.6732 2.68124 4.89 1.5 2015 7 27 15 39 10.69 0.50943 0.37436 0.899075 4
11.8658 2.12338 5.42 1.5 2015 10 24 23 47 26.08 0.50943 0.37436 0.899075 4
11.5564 2.24369 5.05 1.5 2015 10 25 19 49 11.16 0.50943 0.37436 0.899075 4
4.07577 5.89778 4.18 1.49 2014 8 20 11 21 50.72 0.50943 0.37436 0.899075 4
4.13516 5.83306 4.6 1.48 2014 8 17 6 41 15.73 0.50943 0.37436 0.899075 4
11.9629 2.27538 5.28 1.48 2014 9 23 7 19 3.39 0.50943 0.37436 0.899075 4
8.58123 3.48485 4.66 1.48 2015 7 13 13 1 22.92 0.50943 0.37436 0.899075 4
10.4333 2.72061 5.08 1.48 2015 8 4 18 32 35.12 0.50943 0.37436 0.899075 4
10.6123 2.65089 5.12 1.48 2015 8 7 14 4 26.5 0.50943 0.37436 0.899075 4
11.8477 2.13105 5.21 1.48 2015 10 21 22 41 11.92 0.50943 0.37436 0.899075 4
13.0665 1.6836 5.59 1.47 2016 1 24 5 41 18.58 0.50943 0.37436 0.899075 4
4.89019 5.61134 4.7 1.46 2014 8 19 20 22 41.76 0.50943 0.37436 0.899075 4
3.89823 5.891 4.21 1.46 2014 8 23 8 15 22.24 0.50943 0.37436 0.899075 4
10.4739 2.56404 5.01 1.46 2015 7 30 21 44 40.46 0.50943 0.37436 0.899075 4
11.8868 2.11293 5.44 1.46 2015 10 25 21 28 33.78 0.50943 0.37436 0.899075 4
4.28447 5.78914 4.53 1.45 2014 8 16 13 7 57.32 0.50943 0.37436 0.899075 4
10.008 2.86672 5.09 1.45 2015 8 5 0 54 21.01 0.50943 0.37436 0.899075 4
11.4361 2.1514 5.45 1.45 2015 10 27 10 19 48.35 0.50943 0.37436 0.899075 4
4.40182 5.77013 4.72 1.44 2014 9 17 8 25 16.66 0.50943 0.37436 0.899075 4
10.576 2.5984 4.88 1.44 2015 7 28 2 20 0.99 0.50943 0.37436 0.899075 4
10.1848 2.76631 4.91 1.44 2015 8 5 0 0 59.75 0.50943 0.37436 0.899075 4
10.2521 2.82335 4.97 1.44 2015 8 11 18 15 33.66 0.50943 0.37436 0.899075 4
10.2478 2.67624 5.09 1.44 2015 8 27 14 15 39.13 0.50943 0.37436 0.899075 4
4.25981 5.79915 4.39 1.43 2014 8 16 13 19 49.64 0.50943 0.37436 0.899075 4
10.4217 2.57172 4.88 1.43 2015 7 28 8 4 29.2 0.50943 0.37436 0.899075 4
10.1964 2.81701 5.01 1.43 2015 8 4 18 19 15.98 0.50943 0.37436 0.899075 4
12.9578 1.6121 5.63 1.43 2016 1 28 2 3 24.53 0.50943 0.37436 0.899075 4
12.9961 1.70306 5.4 1.43 2016 2 7 21 46 5.24 0.50943 0.37436 0.899075 4
10.563 2.66 4.94 1.42 2015 7 27 12 15 12.07 0.50943 0.37436 0.899075 4
9.6 3.08621 5.24 1.42 2015 8 14 22 17 5.64 0.50943 0.37436 0.899075 4
5.36191 5.41675 4.51 1.41 2014 5 21 19 51 11.64 0.50943 0.37436 0.899075 4
4.14246 5.8344 4.68 1.41 2014 8 13 1 10 31.76 0.50943 0.37436 0.899075 4
4.05111 5.90178 4.16 1.41 2014 8 20 12 5 55.23 0.50943 0.37436 0.899075 4
12.9766 1.62522 5.54 1.41 2016 1 27 21 24 26.9 0.50943 0.37436 0.899075 4
4.77213 5.66605 4.62 1.4 2014 8 16 5 48 47.02 0.50943 0.37436 0.899075 4
6.00538 5.22182 4.62 1.4 2014 8 18 23 10 8.08 0.50943 0.37436 0.899075 4
4.59673 5.72532 4.75 1.4 2014 8 26 10 48 4.84 0.50943 0.37436 0.899075 4
5.07788 5.52583 4.54 1.39 2014 6 2 22 9 38 0.50943 0.37436 0.899075 4
11.789 2.11248 5.23 1.39 2014 10 14 19 14 0.56 0.50943 0.37436 0.899075 4
9.79784 2.93099 4.91 1.39 2015 8 9 7 10 4.87 0.50943 0.37436 0.899075 4
8.70223 3.38577 4.75 1.39 2015 10 14 8 40 59.87 0.50943 0.37436 0.899075 4
5.75537 5.20326 4.9 1.38 2014 6 23 14 37 26.8 0.50943 0.37436 0.899075 4
4.42791 5.7828 4.45 1.38 2014 8 21 13 25 23.3 0.50943 0.37436 0.899075 4
3.75621 5.98006 4.55 1.38 2014 10 19 6 54 16.53 0.50943 0.37436 0.899075 4
10.5144 2.807 5.37 1.38 2015 6 21 20 55 45.88 0.50943 0.37436 0.899075 4
10.7057 2.68625 4.94 1.38 2015 7 27 15 44 57.61 0.50943 0.37436 0.899075 4
10.5637 2.48443 5.22 1.37 2015 7 28 12 44 15.56 0.50943 0.37436 0.899075 4
9.71085 2.99159 5.03 1.37 2015 8 14 17 23 46.06 0.50943 0.37436 0.899075 4
10.0717 3.04908 5.42 1.37 2015 9 19 0 8 12.69 0.50943 0.37436 0.899075 4
9.57035 3.16083 5.24 1.36 2015 8 14 21 54 37.76 0.50943 0.37436 0.899075 4
9.57391 3.15226 5.31 1.36 2015 8 15 0 55 15.61 0.50943 0.37436 0.899075 4
7.96394 3.86035 4.52 1.36 2015 11 3 3 48 20.41 0.50943 0.37436 0.899075 4
4.27797 5.80949 4.6 1.35 2014 8 16 18 19 42.32 0.50943 0.37436 0.899075 4
10.4174 2.7821 4.94 1.35 2015 8 6 5 48 0.39 0.50943 0.37436 0.899075 4
10.6739 2.63376 5.12 1.35 2015 8 8 23 59 59.8 0.50943 0.37436 0.899075 4
11.389 2.58395 5.32 1.35 2015 10 14 0 14 46.29 0.50943 0.37436 0.899075 4
4.79528 5.56342 4.33 1.34 2014 5 29 10 18 22.11 0.50943 0.37436 0.899075 4
10.7644 2.39581 5.52 1.34 2015 8 5 19 31 26.48 0.50943 0.37436 0.899075 4
9.11091 3.2649 4.81 1.34 2015 8 14 22 37 16.54 0.50943 0.37436 0.899075 4
4.67722 5.67016 4.44 1.33 2014 8 19 13 7 25.17 0.50943 0.37436 0.899075 4
2.54833 6.32577 4.14 1.33 2014 12 30 14 4 15.09 0.50943 0.37436 0.899075 4
10.5464 2.67535 5.11 1.33 2015 8 5 21 17 19.84 0.50943 0.37436 0.899075 4
9.05509 3.21242 4.92 1.33 2015 8 14 23 58 48.24 0.50943 0.37436 0.899075 4
9.7283 2.95456 4.91 1.33 2015 8 30 19 47 33.82 0.50943 0.37436 0.899075 4
11.5499 2.12972 5.47 1.33 2015 10 25 1 25 20.07 0.50943 0.37436 0.899075 4
4.74239 5.67695 4.67 1.32 2014 8 17 6 49 22.88 0.50943 0.37436 0.899075 4
9.59643 3.13692 5.31 1.32 2015 8 15 0 39 32 0.50943 0.37436 0.899075 4
5.21188 5.48958 4.67 1.31 2014 5 19 9 5 13.82 0.50943 0.37436 0.899075 4
4.23737 5.77469 4.12 1.31 2014 8 20 15 41 18.88 0.50943 0.37436 0.899075 4
4.4337 5.76423 4.47 1.31 2014 9 8 3 46 36.97 0.50943 0.37436 0.899075 4
10.4123 2.61341 5.29 1.31 2015 8 5 0 56 7.8 0.50943 0.37436 0.899075 4
9.7957 2.97713 4.89 1.31 2015 8 8 3 24 6.94 0.50943 0.37436 0.899075 4
9.56883 3.11023 5.24 1.31 2015 8 14 22 10 56.8 0.50943 0.37436 0.899075 4
10.6376 2.7523 4.93 1.31 2015 10 27 21 37 30.04 0.50943 0.37436 0.899075 4
10.1804 2.86271 4.93 1.3 2015 8 11 4 51 34.4 0.50943 0.37436 0.899075 4
9.63481 2.96635 4.85 1.3 2015 8 18 13 41 16.57 0.50943 0.37436 0.899075 4
11.8578 2.13238 5.39 1.3 2015 11 6 16 23 27.63 0.50943 0.37436 0.899075 4
13.0781 1.69895 5.48 1.3 2016 1 24 9 20 21.03 0.50943 0.37436 0.899075 4
4.71559 5.67239 4.5 1.29 2014 8 17 6 53 17.24 0.50943 0.37436 0.899075 4
5.88144 5.17512 4.46 1.29 2014 12 17 7 39 54.91 0.50943 0.37436 0.899075 4
10.2297 2.75185 4.87 1.29 2015 7 29 5 14 20.12 0.50943 0.37436 0.899075 4
10.5441 2.47309 5.53 1.29 2015 8 15 10 7 35.51 0.50943 0.37436 0.899075 4
8.05591 3.59704 5.04 1.29 2015 8 22 8 52 27.63 0.50943 0.37436 0.899075 4
10.8999 2.61653 5.17 1.29 2015 8 26 12 50 59.27 0.50943 0.37436 0.899075 4
12.236 2.04777 5.24 1.29 2015 11 10 8 32 24.94 0.50943 0.37436 0.899075 4
5.24376 5.42398 4.62 1.28 2014 5 19 4 37 13.44 0.50943 0.37436 0.899075 4
10.0782 2.81612 4.96 1.28 2015 8 15 5 49 5.97 0.50943 0.37436 0.899075 4
9.07031 3.27714 4.83 1.28 2015 8 15 11 37 55.52 0.50943 0.37436 0.899075 4
11.7144 2.01296 5.69 1.28 2015 10 24 22 41 45 0.50943 0.37436 0.899075 4
4.51339 5.76512 4.72 1.27 2014 4 30 17 26 38.74 0.50943 0.37436 0.899075 4
4.54241 5.74933 4.62 1.27 2014 8 13 6 29 2.8 0.50943 0.37436 0.899075 4
3.87357 5.90267 4.23 1.27 2014 9 12 7 34 21.08 0.50943 0.37436 0.899075 4
11.5694 2.13194 5.43 1.27 2015 10 24 22 18 59.88 0.50943 0.37436 0.899075 4
11.7122 2.02063 5.67 1.27 2015 10 25 20 49 26.9 0.50943 0.37436 0.899075 4
7.49578 4.04271 4.85 1.27 2016 1 29 0 11 34.52 0.50943 0.37436 0.899075 4
4.03953 5.85163 4.54 1.26 2014 8 17 7 25 16.61 0.50943 0.37436 0.899075 4
3.9569 5.86197 4.13 1.26 2014 8 21 12 31 50.26 0.50943 0.37436 0.899075 4
3.98299 5.891 4.7 1.26 2014 9 4 23 49 15.92 0.50943 0.37436 0.899075 4
9.14786 3.23455 4.83 1.26 2015 8 15 0 3 30.2 0.50943 0.37436 0.899075 4
9.05366 3.28937 4.98 1.26 2015 8 15 6 10 50.35 0.50943 0.37436 0.899075 4
8.67908 3.39256 4.69 1.26 2015 8 15 16 31 28.51 0.50943 0.37436 0.899075 4
9.06096 3.29882 5.01 1.26 2015 8 22 10 5 26.56 0.50943 0.37436 0.899075 4
11.6608 2.18809 5.17 1.26 2015 10 25 1 5 29.61 0.50943 0.37436 0.899075 4
12.9628 1.67593 5.4 1.26 2016 2 7 21 44 49.6 0.50943 0.37436 0.899075 4
5.51336 5.3815 4.31 1.25 2014 8 22 10 34 46.12 0.50943 0.37436 0.899075 4
3.85478 5.91046 4.17 1.25 2014 9 12 7 32 42.73 0.50943 0.37436 0.899075 4
5.74379 5.17612 4.61 1.25 2014 10 16 12 7 49.22 0.50943 0.37436 0.899075 4
10.0355 2.80567 4.87 1.25 2015 8 1 18 53 14.84 0.50943 0.37436 0.899075 4
9.78982 2.96446 5 1.25 2015 8 9 6 52 39.25 0.50943 0.37436 0.899075 4
8.33709 3.47262 4.94 1.25 2015 8 16 0 13 40.25 0.50943 0.37436 0.899075 4
11.0297 2.62965 5.13 1.25 2015 8 22 20 23 50.96 0.50943 0.37436 0.899075 4
12.0042 2.04054 5.56 1.25 2015 10 26 9 3 52.88 0.50943 0.37436 0.899075 4
4.41491 5.76746 4.41 1.24 2014 9 8 19 30 12.82 0.50943 0.37436 0.899075 4
9.15588 3.24144 4.86 1.24 2015 8 15 0 0 29.76 0.50943 0.37436 0.899075 4
13.0614 1.68182 5.55 1.24 2016 1 24 8 56 10.72 0.50943 0.37436 0.899075 4
12.9751 1.61933 5.56 1.24 2016 1 25 5 46 36.54 0.50943 0.37436 0.899075 4
9.70364 3.05275 5.33 1.24 2016 11 8 3 28 50.39 0.50943 0.37436 0.899075 4
3.99029 5.90089 4.66 1.23 2014 8 17 21 41 31.6 0.50943 0.37436 0.899075 4
4.48953 5.75156 4.48 1.23 2014 8 21 20 49 36.44 0.50943 0.37436 0.899075 4
5.61113 5.2494 4.5 1.23 2014 8 24 2 23 6.83 0.50943 0.37436 0.899075 4
2.92585 6.15431 4.07 1.23 2014 12 3 2 8 38.24 0.50943 0.37436 0.899075 4
10.8275 2.51156 5.26 1.23 2015 8 14 23 32 42.88 0.50943 0.37436 0.899075 4
11.4789 2.0958 5.61 1.23 2015 10 25 9 45 21.54 0.50943 0.37436 0.899075 4
11.96 2.08401 5.47 1.23 2015 10 30 17 31 24.52 0.50943 0.37436 0.899075 4
12.9165 1.75643 5.34 1.23 2016 2 9 22 23 22 0.50943 0.37436 0.899075 4
4.76412 5.61223 4.41 1.22 2014 8 17 6 38 3.61 0.50943 0.37436 0.899075 4
4.84959 5.64848 4.66 1.22 2014 8 21 17 35 25.38 0.50943 0.37436 0.899075 4
9.56527 3.14459 5.28 1.22 2015 8 14 21 36 37.16 0.50943 0.37436 0.899075 4
9.7949 2.93277 5.3 1.22 2015 8 30 9 46 4.35 0.50943 0.37436 0.899075 4
3.01934 6.13707 4.16 1.22 2015 9 8 14 33 31.84 0.50943 0.37436 0.899075 4
12.0564 2.10169 5.28 1.22 2015 10 28 11 6 26.64 0.50943 0.37436 0.899075 4
3.71205 5.98051 4.14 1.21 2014 9 6 7 41 7.74 0.50943 0.37436 0.899075 4
10.6912 2.67713 4.99 1.21 2015 7 27 14 59 45.19 0.50943 0.37436 0.899075 4
9.80799 2.90753 5.31 1.21 2015 8 9 8 12 46.55 0.50943 0.37436 0.899075 4
11.431 2.24458 5.17 1.21 2015 10 25 3 10 26.54 0.50943 0.37436 0.899075 4
10.3638 2.87583 4.99 1.21 2016 1 4 15 54 23.67 0.50943 0.37436 0.899075 4
12.823 1.56596 5.47 1.21 2016 2 6 20 54 36.72 0.50943 0.37436 0.899075 4
5.45976 5.3249 4.73 1.2 2014 5 19 19 53 17.2 0.50943 0.37436 0.899075 4
9.57756 3.14226 5.28 1.2 2015 8 18 17 0 16.58 0.50943 0.37436 0.899075 4
9.05589 3.32373 5.05 1.2 2015 8 20 5 30 46.15 0.50943 0.37436 0.899075 4
11.3629 2.16997 5.49 1.2 2015 10 4 0 15 38.91 0.50943 0.37436 0.899075 4
10.1941 2.80656 4.97 1.19 2015 8 4 12 26 22.95 0.50943 0.37436 0.899075 4
5.31187 5.41141 4.82 1.18 2014 8 17 7 42 16.8 0.50943 0.37436 0.899075 4
11.9702 2.27716 5.3 1.18 2014 9 23 7 19 48.8 0.50943 0.37436 0.899075 4
4.70687 5.66516 4.44 1.17 2014 8 13 5 49 9.91 0.50943 0.37436 0.899075 4
3.84534 5.96472 4.2 1.17 2014 8 18 9 3 33.33 0.50943 0.37436 0.899075 4
11.7665 2.17275 5.27 1.17 2015 9 4 1 21 46.41 0.50943 0.37436 0.899075 4
7.49364 4.0694 4.9 1.17 2015 9 7 22 36 28.06 0.50943 0.37436 0.899075 4
11.3825 2.16141 5.47 1.17 2015 12 2 4 32 57.73 0.50943 0.37436 0.899075 4
12.3759 1.93879 5.21 1.17 2015 12 28 23 23 20.92 0.50943 0.37436 0.899075 4
4.17282 5.82128 4.61 1.16 2014 8 16 13 10 25.93 0.50943 0.37436 0.899075 4
5.33146 5.38017 4.81 1.16 2014 9 8 3 36 31.07 0.50943 0.37436 0.899075 4
11.8216 2.13061 5.2 1.16 2014 10 14 22 56 3.64 0.50943 0.37436 0.899075 4
10.4572 2.6749 4.89 1.16 2015 7 27 17 54 51.24 0.50943 0.37436 0.899075 4
10.271 2.7265 4.92 1.16 2015 8 5 2 17 28.65 0.50943 0.37436 0.899075 4
9.84565 2.95856 4.92 1.16 2015 8 8 5 45 32.15 0.50943 0.37436 0.899075 4
9.92178 2.83692 5.3 1.16 2015 8 9 7 19 5.33 0.50943 0.37436 0.899075 4
9.88625 2.90386 4.9 1.16 2015 8 10 0 1 5.34 0.50943 0.37436 0.899075 4
11.168 2.55726 5.36 1.16 2015 8 27 5 13 58.18 0.50943 0.37436 0.899075 4
7.42188 4.02003 4.84 1.16 2015 9 18 13 56 21.96 0.50943 0.37436 0.899075 4
11.6317 2.19265 5.17 1.16 2015 10 24 21 20 16.16 0.50943 0.37436 0.899075 4
11.9035 2.09402 5.51 1.16 2015 10 31 9 38 59.34 0.50943 0.37436 0.899075 4
4.26195 5.84029 4.51 1.15 2014 8 16 21 57 49.08 0.50943 0.37436 0.899075 4
4.00044 5.87198 4.5 1.15 2014 8 17 22 5 59.28 0.50943 0.37436 0.899075 4
4.26417 5.7778 4.5 1.15 2014 8 20 21 18 16.28 0.50943 0.37436 0.899075 4
9.80362 2.89663 4.75 1.15 2015 8 8 18 51 16.84 0.50943 0.37436 0.899075 4
5.1866 5.48102 4.82 1.14 2014 6 2 11 1 43.67 0.50943 0.37436 0.899075 4
3.80474 5.97284 4.17 1.14 2014 8 18 9 9 57.06 0.50943 0.37436 0.899075 4
8.68345 3.47395 4.71 1.14 2015 6 4 0 56 27.43 0.50943 0.37436 0.899075 4
9.92098 2.89752 5.12 1.14 2015 8 4 22 37 20.36 0.50943 0.37436 0.899075 4
10.229 2.89207 4.89 1.14 2015 9 17 7 18 41.07 0.50943 0.37436 0.899075 4
5.28507 5.40819 4.68 1.13 2014 5 18 7 15 15.62 0.50943 0.37436 0.899075 4
10.5376 2.5527 5.22 1.13 2015 2 26 23 14 11.32 0.50943 0.37436 0.899075 4
10.5471 2.6401 5.18 1.13 2015 8 4 18 18 58.54 0.50943 0.37436 0.899075 4
10.3883 2.69759 4.91 1.13 2015 8 27 14 10 53.46 0.50943 0.37436 0.899075 4
11.8448 2.17542 5.27 1.13 2015 10 24 23 32 44.04 0.50943 0.37436 0.899075 4
11.5317 2.24736 5.06 1.13 2015 10 25 3 56 15.42 0.50943 0.37436 0.899075 4
5.21919 5.457 4.81 1.12 2014 5 24 22 57 31.38 0.50943 0.37436 0.899075 4
8.62548 3.47084 4.81 1.12 2015 8 23 11 0 46.43 0.50943 0.37436 0.899075 4
11.4057 2.14695 5.53 1.12 2015 10 3 15 10 5.21 0.50943 0.37436 0.899075 4
3.83813 5.96105 4.22 1.11 2014 8 17 16 15 42.17 0.50943 0.37436 0.899075 4
3.98807 5.88054 4.68 1.11 2014 8 23 10 19 25.64 0.50943 0.37436 0.899075 4
5.17787 5.48324 4.78 1.11 2014 9 8 21 11 41.2 0.50943 0.37436 0.899075 4
9.8826 2.85226 5.4 1.11 2015 8 13 4 25 34.52 0.50943 0.37436 0.899075 4
8.46094 3.39022 4.83 1.11 2015 8 15 1 15 46.51 0.50943 0.37436 0.899075 4
8.79207 3.36042 4.72 1.11 2015 8 15 9 5 55.85 0.50943 0.37436 0.899075 4
5.30181 5.45022 4.58 1.1 2014 5 21 17 37 14.32 0.50943 0.37436 0.899075 4
5.11555 5.51638 4.55 1.1 2014 6 2 13 25 44.85 0.50943 0.37436 0.899075 4
7.24149 4.5015 4.59 1.1 2014 6 11 11 25 26.57 0.50943 0.37436 0.899075 4
5.51621 5.37016 4.39 1.1 2014 8 23 19 38 34.56 0.50943 0.37436 0.899075 4
10.1631 2.82469 4.98 1.1 2015 8 5 12 17 22.94 0.50943 0.37436 0.899075 4
9.72536 2.95367 4.94 1.1 2015 8 9 12 45 13 0.50943 0.37436 0.899075 4
8.41678 3.41013 4.83 1.1 2015 8 15 10 4 19.58 0.50943 0.37436 0.899075 4
5.5561 5.25707 4.69 1.09 2014 6 2 8 29 0.29 0.50943 0.37436 0.899075 4
5.73435 5.18824 4.67 1.09 2014 9 20 14 0 47.34 0.50943 0.37436 0.899075 4
10.4615 2.57716 5.33 1.09 2015 8 5 2 27 54.09 0.50943 0.37436 0.899075 4
8.68923 3.39934 4.82 1.09 2015 8 27 22 2 2.74 0.50943 0.37436 0.899075 4
11.3376 2.20388 5.3 1.09 2015 10 27 11 20 40.51 0.50943 0.37436 0.899075 4
3.88229 5.88143 4.17 1.08 2014 8 18 1 16 4.28 0.50943 0.37436 0.899075 4
4.40405 5.78603 4.22 1.08 2014 8 19 11 4 45.73 0.50943 0.37436 0.899075 4
11.0094 2.67313 5.03 1.08 2015 8 2 8 57 29.14 0.50943 0.37436 0.899075 4
10.3102 2.7772 5.04 1.08 2015 8 4 18 37 57.22 0.50943 0.37436 0.899075 4
9.13994 3.32462 5.29 1.08 2015 8 22 9 36 13.64 0.50943 0.37436 0.899075 4
5.7843 5.15433 4.62 1.07 2014 8 17 23 50 32.08 0.50943 0.37436 0.899075 4
10.1681 2.82379 4.99 1.07 2015 8 4 11 54 20.19 0.50943 0.37436 0.899075 4
10.4296 2.60252 5.33 1.07 2015 8 5 2 46 15.64 0.50943 0.37436 0.899075 4
10.2181 2.75908 4.9 1.07 2015 8 9 7 27 8.28 0.50943 0.37436 0.899075 4
11.3347 2.45507 5.53 1.07 2015 9 2 18 46 24.8 0.50943 0.37436 0.899075 4
5.17351 5.46067 4.69 1.06 2014 5 23 12 36 43.03 0.50943 0.37436 0.899075 4
4.73153 5.52316 4.48 1.06 2014 8 17 3 50 15.67 0.50943 0.37436 0.899075 4
4.24681 5.85386 4.23 1.06 2014 8 17 7 18 35.78 0.50943 0.37436 0.899075 4
5.5423 5.37427 4.27 1.06 2014 8 19 4 3 59.34 0.50943 0.37436 0.899075 4
10.5869 2.47498 5.46 1.06 2015 8 5 12 10 45.53 0.50943 0.37436 0.899075 4
8.22624 3.68077 4.57 1.06 2015 8 15 1 59 46.51 0.50943 0.37436 0.899075 4
11.4456 2.2587 5.12 1.06 2015 10 25 20 42 58.1 0.50943 0.37436 0.899075 4
4.696 5.6566 4.37 1.05 2014 8 16 22 33 48.08 0.50943 0.37436 0.899075 4
3.9772 5.87198 4.2 1.05 2014 9 1 23 10 33.92 0.50943 0.37436 0.899075 4
11.9767 2.27994 5.3 1.05 2014 9 22 21 42 8.16 0.50943 0.37436 0.899075 4
12.5331 1.28408 5.46 1.05 2015 7 29 7 5 48.69 0.50943 0.37436 0.899075 4
9.99924 2.82291 5.26 1.05 2015 8 4 19 57 45.44 0.50943 0.37436 0.899075 4
10.1232 2.73595 5.39 1.05 2015 8 5 12 48 24.43 0.50943 0.37436 0.899075 4
9.78332 2.95634 4.96 1.05 2015 8 9 3 57 57.61 0.50943 0.37436 0.899075 4
7.49578 3.99968 4.67 1.05 2015 8 22 18 7 54 0.50943 0.37436 0.899075 4
7.62622 4.04905 4.73 1.05 2015 8 23 0 1 41.71 0.50943 0.37436 0.899075 4
9.00728 3.29971 4.9 1.04 2014 10 19 7 4 18.45 0.50943 0.37436 0.899075 4
9.87975 2.92065 5.03 1.04 2015 8 5 6 14 30.37 0.50943 0.37436 0.899075 4
9.71236 3.02517 5.29 1.04 2015 8 9 7 11 1.27 0.50943 0.37436 0.899075 4
11.6593 2.13917 5.38 1.04 2015 10 14 22 31 53.1 0.50943 0.37436 0.899075 4
13.0331 1.66826 5.52 1.04 2016 1 27 21 27 51.12 0.50943 0.37436 0.899075 4
12.9839 1.61978 5.48 1.04 2016 2 6 21 11 55.52 0.50943 0.37436 0.899075 4
2.08819 6.65068 4.14 1.03 2014 4 1 5 42 39.32 0.50943 0.37436 0.899075 4
5.75902 5.21137 4.52 1.03 2014 8 29 23 52 10.38 0.50943 0.37436 0.899075 4
3.82068 5.96694 4.46 1.03 2014 9 13 1 1 54.4 0.50943 0.37436 0.899075 4
11.6846 2.10803 5.51 1.03 2015 10 17 14 31 0.67 0.50943 0.37436 0.899075 4
11.5963 2.06867 5.62 1.03 2015 10 25 1 37 14.99 0.50943 0.37436 0.899075 4
11.8788 2.14061 5.37 1.03 2015 10 31 10 27 15.21 0.50943 0.37436 0.899075 4
13.0527 1.69761 5.66 1.03 2016 1 24 3 18 18.62 0.50943 0.37436 0.899075 4
5.26914 5.46156 4.68 1.02 2014 5 19 8 41 5.36 0.50943 0.37436 0.899075 4
4.23808 5.79915 4.58 1.02 2014 8 16 13 9 53.37 0.50943 0.37436 0.899075 4
7.71463 4.11733 4.77 1.02 2014 12 24 22 23 27.36 0.50943 0.37436 0.899075 4
10.0848 2.72061 5.11 1.02 2015 8 8 16 37 32.24 0.50943 0.37436 0.899075 4
9.09569 3.25545 4.82 1.02 2015 8 20 2 49 7.82 0.50943 0.37436 0.899075 4
7.65231 4.07118 4.76 1.02 2015 8 24 7 10 55.87 0.50943 0.37436 0.899075 4
3.88015 5.94704 4.4 1.01 2014 8 18 4 23 42.52 0.50943 0.37436 0.899075 4
5.42495 5.40819 4.39 1.01 2014 8 23 4 45 13.37 0.50943 0.37436 0.899075 4
11.3449 2.19988 5.63 1.01 2015 1 28 0 39 38.46 0.50943 0.37436 0.899075 4
9.85215 2.92465 4.93 1.01 2015 8 10 0 37 26.14 0.50943 0.37436 0.899075 4
9.8688 2.92643 4.98 1.01 2015 8 10 22 8 59.12 0.50943 0.37436 0.899075 4
9.6073 3.0722 5.11 1.01 2015 8 16 16 16 51.05 0.50943 0.37436 0.899075 4
6.70388 4.62137 4.42 1.01 2015 8 23 8 16 21.98 0.50943 0.37436 0.899075 4
11.9506 2.03698 5.62 1.01 2015 10 30 13 31 46.37 0.50943 0.37436 0.899075 4
11.2144 2.05555 5.46 1.01 2015 11 24 4 7 9.02 0.50943 0.37436 0.899075 4
12.8186 1.55328 5.5 1.01 2016 2 9 8 23 52.77 0.50943 0.37436 0.899075 4
10.9724 2.62831 5.25 1.01 2016 5 9 6 29 42.02 0.50943 0.37436 0.899075 4
4.97282 5.57331 4.4 1 2014 9 8 21 22 25 0.50943 0.37436 0.899075 4
12.5274 1.26151 5.41 1 2015 7 31 18 19 44.2 0.50943 0.37436 0.899075 4
10.2391 2.74863 4.94 1 2015 8 5 2 37 51.5 0.50943 0.37436 0.899075 4
9.25364 3.24956 5.12 1 2015 8 15 1 5 1.92 0.50943 0.37436 0.899075 4
10.434 2.88851 4.92 1 2015 11 25 12 30 2.4 0.50943 0.37436 0.899075 4
7.25458 4.35439 4.61 1 2015 12 12 5 2 49.97 0.50943 0.37436 0.899075 4
12.986 1.62978 5.56 1 2016 1 25 4 50 55.48 0.50943 0.37436 0.899075 4
5.57275 5.2534 4.8 0.99 2014 7 24 3 32 22.61 0.50943 0.37436 0.899075 4
4.96703 5.60723 4.49 0.99 2014 8 6 6 40 54.97 0.50943 0.37436 0.899075 4
5.30181 5.41864 4.8 0.99 2014 8 20 23 31 32.28 0.50943 0.37436 0.899075 4
8.59503 3.42147 4.86 0.99 2014 12 12 2 12 8.27 0.50943 0.37436 0.899075 4
9.70657 2.92598 4.74 0.99 2015 8 9 20 50 51.52 0.50943 0.37436 0.899075 4
10.1696 2.88395 4.89 0.99 2015 8 11 5 11 16.93 0.50943 0.37436 0.899075 4
9.03265 3.47851 5.21 0.99 2015 8 14 22 14 35.36 0.50943 0.37436 0.899075 4
8.87835 3.4228 5.1 0.99 2015 8 16 1 12 11.04 0.50943 0.37436 0.899075 4
11.9476 2.05055 5.7 0.99 2015 12 27 18 34 23.6 0.50943 0.37436 0.899075 4
3.56639 6.08236 4.63 0.98 2014 8 29 17 37 31.56 0.50943 0.37436 0.899075 4
9.01743 3.29204 4.92 0.98 2014 10 19 6 44 14.79 0.50943 0.37436 0.899075 4
3.74321 5.9864 4.58 0.98 2014 10 20 3 31 56.14 0.50943 0.37436 0.899075 4
9.88554 2.91965 5.31 0.98 2015 8 13 9 59 22.43 0.50943 0.37436 0.899075 4
9.0501 3.28525 4.91 0.98 2015 8 16 3 13 47.05 0.50943 0.37436 0.899075 4
9.82535 2.90163 5.36 0.98 2015 8 17 0 20 47.7 0.50943 0.37436 0.899075 4
4.48659 5.75067 4.49 0.97 2014 5 1 19 5 6.96 0.50943 0.37436 0.899075 4
4.62139 5.68062 4.36 0.97 2014 8 13 4 24 10.01 0.50943 0.37436 0.899075 4
4.63733 5.68417 4.16 0.97 2014 8 17 5 32 14.14 0.50943 0.37436 0.899075 4
11.8347 2.14417 5.2 0.97 2014 10 15 3 20 26.63 0.50943 0.37436 0.899075 4
7.45527 4.03404 4.85 0.97 2014 12 23 5 53 31.01 0.50943 0.37436 0.899075 4
10.6825 2.5745 5.25 0.97 2015 8 5 2 41 25.91 0.50943 0.37436 0.899075 4
11.6578 2.02475 5.67 0.97 2015 10 25 0 27 16.95 0.50943 0.37436 0.899075 4
5.16478 5.47602 4.74 0.96 2014 5 25 7 12 33.93 0.50943 0.37436 0.899075 4
5.06195 5.52539 4.55 0.96 2014 8 17 9 5 54.62 0.50943 0.37436 0.899075 4
10.1072 2.798 4.94 0.96 2015 8 16 11 25 6.82 0.50943 0.37436 0.899075 4
9.63552 3.04318 5.35 0.96 2015 8 18 22 35 37.76 0.50943 0.37436 0.899075 4
11.3796 2.31563 5.04 0.96 2015 10 27 23 35 2.54 0.50943 0.37436 0.899075 4
3.79824 5.96828 4.25 0.95 2014 8 18 9 5 48.17 0.50943 0.37436 0.899075 4
4.92064 5.6109 4.69 0.95 2014 8 19 2 56 31.2 0.50943 0.37436 0.899075 4
3.65551 6.04122 4.51 0.95 2014 9 21 17 28 35.86 0.50943 0.37436 0.899075 4
11.81 2.15095 5.39 0.95 2014 11 8 23 55 42.12 0.50943 0.37436 0.899075 4
3.06422 6.26739 4.23 0.95 2015 4 24 2 58 28.97 0.50943 0.37436 0.899075 4
10.5079 2.44506 5.12 0.95 2015 7 27 17 27 17.42 0.50943 0.37436 0.899075 4
9.91305 2.84503 5.33 0.95 2015 8 5 14 0 22.1 0.50943 0.37436 0.899075 4
11.0355 2.54147 5.35 0.95 2015 9 6 14 49 5.3 0.50943 0.37436 0.899075 4
5.3344 5.38328 4.78 0.94 2014 6 30 9 44 1.94 0.50943 0.37436 0.899075 4
4.29097 5.79281 4.24 0.94 2014 8 17 22 16 13.4 0.50943 0.37436 0.899075 4
5.00754 5.56197 4.55 0.94 2014 9 8 21 24 48.96 0.50943 0.37436 0.899075 4
2.55991 6.31765 4.11 0.94 2014 12 29 21 42 43.12 0.50943 0.37436 0.899075 4
9.5602 3.14226 5.26 0.94 2015 8 15 5 23 31.92 0.50943 0.37436 0.899075 4
8.40013 3.45816 4.88 0.94 2015 8 15 19 21 18.12 0.50943 0.37436 0.899075 4
10.6434 2.64233 5.11 0.94 2015 8 16 2 42 49.72 0.50943 0.37436 0.899075 4
4.02288 5.86698 4.47 0.93 2014 8 17 18 47 42.44 0.50943 0.37436 0.899075 4
4.39817 5.8652 4.7 0.93 2014 10 7 2 53 51.57 0.50943 0.37436 0.899075 4
5.85607 5.19458 4.41 0.93 2014 12 17 3 33 13.12 0.50943 0.37436 0.899075 4
10.1985 2.81568 5.03 0.93 2015 8 5 12 22 9.44 0.50943 0.37436 0.899075 4
11.326 2.35188 5 0.93 2015 11 2 11 23 4.35 0.50943 0.37436 0.899075 4
13.0961 1.72652 5.47 0.93 2016 1 20 18 49 5.68 0.50943 0.37436 0.899075 4
8.78557 3.37621 4.9 0.92 2014 12 12 2 12 41.55 0.50943 0.37436 0.899075 4
10.2493 2.77265 4.98 0.92 2015 8 5 2 56 24.05 0.50943 0.37436 0.899075 4
9.6341 3.06309 5.24 0.92 2015 8 14 22 29 28.56 0.50943 0.37436 0.899075 4
9.02544 3.43637 5.09 0.92 2015 8 15 15 31 35.18 0.50943 0.37436 0.899075 4
10.0116 3.05775 5.35 0.92 2015 9 18 2 59 24.53 0.50943 0.37436 0.899075 4
7.42045 4.10509 5.04 0.91 2014 8 4 5 13 12.22 0.50943 0.37436 0.899075 4
4.44607 5.70953 4.21 0.91 2014 8 16 17 29 18.18 0.50943 0.37436 0.899075 4
10.5376 2.48532 5.49 0.91 2015 8 12 10 34 33.64 0.50943 0.37436 0.899075 4
10.25 2.8894 4.89 0.91 2015 9 17 11 17 20.54 0.50943 0.37436 0.899075 4
5.5894 5.24217 4.65 0.9 2014 7 17 9 1 20.1 0.50943 0.37436 0.899075 4
10.5876 2.72739 4.84 0.9 2015 7 27 14 26 50.77 0.50943 0.37436 0.899075 4
10.1326 2.74462 5.36 0.9 2015 8 4 19 4 10.12 0.50943 0.37436 0.899075 4
7.61028 4.0734 4.69 0.9 2015 8 24 6 16 52.76 0.50943 0.37436 0.899075 4
11.213 2.38402 4.96 0.9 2015 10 27 20 42 42.08 0.50943 0.37436 0.899075 4
7.97409 3.85313 4.51 0.9 2015 11 9 9 39 24.96 0.50943 0.37436 0.899075 4
7.9139 3.87303 4.57 0.9 2016 1 18 7 22 45 0.50943 0.37436 0.899075 4
13.0744 1.70718 5.57 0.9 2016 1 24 4 12 31.56 0.50943 0.37436 0.899075 4
7.23063 4.19294 5.02 0.9 2016 3 15 3 52 57.05 0.50943 0.37436 0.899075 4
5.24812 5.4381 4.84 0.89 2014 5 21 23 58 20.28 0.50943 0.37436 0.899075 4
4.26052 5.80549 4.37 0.89 2014 8 16 12 16 36.8 0.50943 0.37436 0.899075 4
2.68599 6.27195 4.15 0.89 2015 2 13 12 35 33.13 0.50943 0.37436 0.899075 4
8.57402 3.46717 4.79 0.89 2015 8 15 0 55 36.35 0.50943 0.37436 0.899075 4
9.1037 3.22921 4.87 0.89 2015 8 20 2 51 23.07 0.50943 0.37436 0.899075 4
7.54511 3.81966 4.89 0.89 2015 9 6 11 16 28.9 0.50943 0.37436 0.899075 4
4.21413 5.81082 4.6 0.88 2014 8 16 13 9 5.69 0.50943 0.37436 0.899075 4
10.8115 2.5328 5.31 0.88 2015 8 6 9 40 0.06 0.50943 0.37436 0.899075 4
9.76881 2.97624 5.04 0.88 2015 8 10 9 19 5.18 0.50943 0.37436 0.899075 4
13.0179 1.65914 5.51 0.88 2016 1 24 12 9 3.5 0.50943 0.37436 0.899075 4
7.41903 4.12589 4.51 0.86 2015 10 8 11 40 58.14 0.50943 0.37436 0.899075 4
11.3854 2.15729 5.48 0.86 2015 10 24 22 27 49.04 0.50943 0.37436 0.899075 4
11.7202 2.22612 5.32 0.86 2015 10 27 6 41 33.27 0.50943 0.37436 0.899075 4
4.35695 5.81538 4.25 0.85 2014 8 18 0 16 22.15 0.50943 0.37436 0.899075 4
4.43441 5.76879 4.28 0.85 2014 8 18 6 41 26.07 0.50943 0.37436 0.899075 4
5.96915 5.10185 4.46 0.85 2015 1 8 8 57 30.49 0.50943 0.37436 0.899075 4
10.6007 2.47353 5.43 0.85 2015 8 4 22 8 41.88 0.50943 0.37436 0.899075 4
8.78486 3.66087 5.22 0.85 2015 8 22 12 17 20.66 0.50943 0.37436 0.899075 4
8.51748 3.5251 4.78 0.85 2015 9 4 12 15 41.75 0.50943 0.37436 0.899075 4
10.2601 2.88984 4.9 0.85 2015 9 17 7 19 39.99 0.50943 0.37436 0.899075 4
11.6622 2.09491 5.51 0.85 2015 10 17 5 32 20.55 0.50943 0.37436 0.899075 4
2.02809 6.57551 4.21 0.84 2014 4 9 17 5 28.84 0.50943 0.37436 0.899075 4
5.24741 5.43621 4.74 0.84 2014 5 24 22 51 31.8 0.50943 0.37436 0.899075 4
7.29224 4.51507 4.59 0.84 2014 6 11 12 0 47.26 0.50943 0.37436 0.899075 4
4.47937 5.77736 4.67 0.84 2014 8 13 6 7 20.82 0.50943 0.37436 0.899075 4
4.67428 5.66794 4.32 0.84 2014 8 16 18 52 16.2 0.50943 0.37436 0.899075 4
9.60071 3.00927 4.8 0.84 2015 8 9 7 10 28 0.50943 0.37436 0.899075 4
9.41889 3.18529 5.15 0.84 2015 8 16 8 6 12.57 0.50943 0.37436 0.899075 4
2.97002 6.14752 4.14 0.84 2015 8 24 19 5 48.8 0.50943 0.37436 0.899075 4
7.46034 4.55399 4.66 0.84 2015 9 3 22 43 35.4 0.50943 0.37436 0.899075 4
11.213 2.38079 5.33 0.84 2015 10 25 2 1 26.96 0.50943 0.37436 0.899075 4
3.8968 5.90679 4.27 0.83 2014 8 17 21 24 58.16 0.50943 0.37436 0.899075 4
5.76481 5.162 4.62 0.83 2014 10 16 12 9 11.47 0.50943 0.37436 0.899075 4
8.03205 4.24131 4.83 0.83 2015 5 25 13 35 32.36 0.50943 0.37436 0.899075 4
10.7529 2.66768 4.97 0.83 2015 7 27 15 52 24.99 0.50943 0.37436 0.899075 4
8.57767 3.47395 4.88 0.83 2015 9 5 6 3 44.75 0.50943 0.37436 0.899075 4
3.94756 5.86787 4.18 0.82 2014 8 21 13 21 11.37 0.50943 0.37436 0.899075 4
6.05168 5.05614 4.47 0.82 2014 11 27 0 16 52.83 0.50943 0.37436 0.899075 4
4.50911 5.56786 4.08 0.82 2015 6 8 9 6 28.71 0.50943 0.37436 0.899075 4
10.4862 2.60118 5.26 0.82 2015 8 5 1 16 54.37 0.50943 0.37436 0.899075 4
10.0536 2.8844 5.03 0.82 2015 8 5 7 2 34.42 0.50943 0.37436 0.899075 4
9.37829 3.2966 5.32 0.82 2015 8 22 9 52 32.37 0.50943 0.37436 0.899075 4
5.18223 5.47201 4.8 0.81 2014 5 25 5 38 0.97 0.50943 0.37436 0.899075 4
4.82208 5.56564 4.3 0.81 2014 6 4 6 22 18 0.50943 0.37436 0.899075 4
11.4825 1.87275 5.23 0.81 2014 10 16 7 59 31.85 0.50943 0.37436 0.899075 4
9.05509 3.27124 4.82 0.81 2015 8 16 7 48 9.26 0.50943 0.37436 0.899075 4
11.4318 2.31474 5.01 0.81 2015 10 27 9 40 54.14 0.50943 0.37436 0.899075 4
4.70544 5.66694 4.36 0.8 2014 8 18 8 58 39.34 0.50943 0.37436 0.899075 4
11.1115 2.04554 5.1 0.8 2015 8 24 19 8 22.4 0.50943 0.37436 0.899075 4
10.6333 2.50478 5.52 0.8 2015 9 4 23 2 56.12 0.50943 0.37436 0.899075 4
10.1246 2.90753 5.48 0.8 2015 9 18 15 5 37.32 0.50943 0.37436 0.899075 4
10.2239 2.87305 4.9 0.8 2015 12 24 19 8 49.48 0.50943 0.37436 0.899075 4
2.03245 6.63166 4.12 0.79 2014 3 27 22 30 5.08 0.50943 0.37436 0.899075 4
4.46121 5.78102 4.74 0.78 2014 5 1 4 58 49.18 0.50943 0.37436 0.899075 4
4.77498 5.67606 4.68 0.78 2014 8 16 5 59 44.07 0.50943 0.37436 0.899075 4
4.82715 5.6417 4.21 0.78 2014 8 17 1 56 2.21 0.50943 0.37436 0.899075 4
8.40084 3.53411 4.91 0.78 2015 8 15 8 45 12.71 0.50943 0.37436 0.899075 4
8.59788 3.37844 4.96 0.78 2015 8 15 9 28 27.13 0.50943 0.37436 0.899075 4
4.95038 5.60767 4.78 0.77 2014 7 15 15 27 59.36 0.50943 0.37436 0.899075 4
4.47216 5.76701 4.43 0.77 2014 8 16 15 1 15.74 0.50943 0.37436 0.899075 4
12.9636 1.62978 5.47 0.77 2016 1 27 21 40 4.32 0.50943 0.37436 0.899075 4
7.55739 4.09742 4.55 0.77 2016 1 29 12 9 37.43 0.50943 0.37436 0.899075 4
5.07138 5.70541 4.49 0.76 2014 12 12 7 5 53.06 0.50943 0.37436 0.899075 4
10.1826 2.71293 5.36 0.76 2015 8 5 8 6 56.05 0.50943 0.37436 0.899075 4
10.6485 2.503 5.48 0.76 2015 8 9 6 2 32.27 0.50943 0.37436 0.899075 4
8.31172 3.45905 4.72 0.76 2015 8 15 1 29 13.16 0.50943 0.37436 0.899075 4
10.1152 2.88484 4.88 0.76 2015 8 24 18 28 14.8 0.50943 0.37436 0.899075 4
13.0802 1.70895 5.62 0.76 2016 1 23 19 48 28.2 0.50943 0.37436 0.899075 4
5.79303 5.15077 4.61 0.75 2014 8 18 17 39 20.82 0.50943 0.37436 0.899075 4
10.534 2.56137 5.24 0.75 2015 2 28 7 20 42.41 0.50943 0.37436 0.899075 4
10.3079 2.77898 5.02 0.75 2015 8 4 18 20 50.6 0.50943 0.37436 0.899075 4
10.4312 2.56449 5.37 0.75 2015 8 6 1 48 54.34 0.50943 0.37436 0.899075 4
4.51339 5.76612 4.72 0.74 2014 8 13 6 28 40.42 0.50943 0.37436 0.899075 4
5.17351 5.52038 4.31 0.74 2014 11 23 22 51 7.92 0.50943 0.37436 0.899075 4
10.6282 2.69259 4.94 0.74 2015 7 27 14 7 7.46 0.50943 0.37436 0.899075 4
11.2752 2.54736 5.36 0.74 2015 9 13 11 17 11.18 0.50943 0.37436 0.899075 4
7.77188 3.89649 4.94 0.74 2015 10 2 9 56 56.16 0.50943 0.37436 0.899075 4
7.39071 4.28568 4.67 0.74 2015 10 27 15 39 27.39 0.50943 0.37436 0.899075 4
11.1094 2.39892 5 0.74 2016 1 4 11 3 9.17 0.50943 0.37436 0.899075 4
3.58811 6.06513 4.58 0.73 2014 9 6 10 16 28.32 0.50943 0.37436 0.899075 4
10.0362 2.807 5.25 0.73 2015 8 4 18 50 44.82 0.50943 0.37436 0.899075 4
10.9572 2.62376 5.14 0.73 2015 8 17 15 1 16.19 0.50943 0.37436 0.899075 4
5.43296 5.39095 4.44 0.72 2014 8 23 4 48 1.92 0.50943 0.37436 0.899075 4
3.83234 5.92758 4.12 0.72 2014 9 13 13 45 40.11 0.50943 0.37436 0.899075 4
9.62466 3.05275 5.21 0.72 2015 8 9 7 27 1.44 0.50943 0.37436 0.899075 4
8.50956 3.53366 4.59 0.72 2015 9 3 4 31 27.9 0.50943 0.37436 0.899075 4
10.4594 2.53102 5.33 0.71 2015 8 5 15 2 41.35 0.50943 0.37436 0.899075 4
9.55076 3.1645 5.41 0.71 2015 8 14 9 55 35.79 0.50943 0.37436 0.899075 4
10.3985 2.61742 5.29 0.71 2015 8 14 21 46 27.8 0.50943 0.37436 0.899075 4
3.53229 6.01587 4.38 0.71 2015 12 10 7 7 40.43 0.50943 0.37436 0.899075 4
7.3973 4.56522 4.55 0.7 2014 6 5 4 52 17.95 0.50943 0.37436 0.899075 4
5.42789 5.4014 4.46 0.7 2014 8 23 6 24 50.82 0.50943 0.37436 0.899075 4
3.77723 5.97873 4.13 0.7 2014 9 5 15 50 50.39 0.50943 0.37436 0.899075 4
3.76779 5.96149 4.21 0.7 2014 9 14 7 48 57.61 0.50943 0.37436 0.899075 4
9.70871 2.99837 5.22 0.7 2015 8 7 5 36 56.42 0.50943 0.37436 0.899075 4
9.0696 3.27892 4.98 0.7 2015 8 19 9 48 51.35 0.50943 0.37436 0.899075 4
9.68983 3.01561 5.2 0.7 2015 8 19 15 13 52.33 0.50943 0.37436 0.899075 4
10.3818 2.62198 5.28 0.69 2015 8 5 2 18 14.55 0.50943 0.37436 0.899075 4
7.61393 4.10376 4.85 0.69 2015 9 8 1 11 33.42 0.50943 0.37436 0.899075 4
11.3484 2.58217 5.23 0.69 2015 10 14 3 39 40.54 0.50943 0.37436 0.899075 4
12.81 1.54872 5.52 0.69 2016 2 9 7 33 5.61 0.50943 0.37436 0.899075 4
4.37867 5.7828 4.45 0.68 2014 8 16 13 24 5.8 0.50943 0.37436 0.899075 4
9.12979 3.31516 5.04 0.68 2015 8 14 21 58 9.88 0.50943 0.37436 0.899075 4
9.63116 3.05908 5.41 0.68 2015 8 18 10 12 2.69 0.50943 0.37436 0.899075 4
11.5303 2.35689 5.03 0.68 2016 3 11 9 27 16.45 0.50943 0.37436 0.899075 4
4.4605 5.74433 4.31 0.67 2014 8 17 7 20 34.96 0.50943 0.37436 0.899075 4
10.4319 2.68536 4.9 0.67 2015 7 29 11 51 3.72 0.50943 0.37436 0.899075 4
10.1949 2.6858 5.43 0.67 2015 8 24 12 19 41.75 0.50943 0.37436 0.899075 4
11.8282 1.95414 5.65 0.67 2015 10 31 21 54 15.16 0.50943 0.37436 0.899075 4
11.6593 2.19899 5.18 0.67 2016 5 12 3 43 7.39 0.50943 0.37436 0.899075 4
5.73801 5.31267 4.8 0.66 2013 12 26 22 12 39.72 0.50943 0.37436 0.899075 4
4.39025 5.748 4.24 0.66 2014 8 16 19 28 8.14 0.50943 0.37436 0.899075 4
4.71417 5.68373 4.51 0.66 2014 9 9 9 30 51.5 0.50943 0.37436 0.899075 4
4.56271 5.57698 4.08 0.66 2015 6 8 10 20 28.16 0.50943 0.37436 0.899075 4
9.82027 2.95 4.93 0.66 2015 8 8 7 49 58.19 0.50943 0.37436 0.899075 4
10.0884 2.71293 5.01 0.66 2015 8 9 16 59 31.99 0.50943 0.37436 0.899075 4
8.45159 3.51598 4.68 0.66 2015 8 28 9 13 43.73 0.50943 0.37436 0.899075 4
4.40325 5.79459 4.49 0.65 2014 5 5 4 38 45.34 0.50943 0.37436 0.899075 4
3.98735 5.85519 4.2 0.65 2014 8 21 6 20 38.93 0.50943 0.37436 0.899075 4
5.69447 5.22038 4.6 0.65 2014 8 24 6 42 30.43 0.50943 0.37436 0.899075 4
9.42833 3.16405 4.84 0.65 2015 8 11 20 17 50.6 0.50943 0.37436 0.899075 4
10.7057 2.63732 5.11 0.65 2015 8 14 22 22 56.08 0.50943 0.37436 0.899075 4
10.5927 2.75141 4.96 0.65 2015 9 6 5 19 11.35 0.50943 0.37436 0.899075 4
10.35 2.88662 4.98 0.65 2016 1 4 15 59 9.95 0.50943 0.37436 0.899075 4
5.52859 5.36382 4.34 0.64 2014 8 22 7 37 58.87 0.50943 0.37436 0.899075 4
10.5666 2.56493 5.2 0.64 2015 8 18 0 42 57.12 0.50943 0.37436 0.899075 4
11.0833 2.36456 5.34 0.64 2016 1 20 23 7 21.56 0.50943 0.37436 0.899075 4
3.79824 5.94392 4.1 0.62 2014 8 27 19 53 43.84 0.50943 0.37436 0.899075 4
3.82362 5.96338 4.34 0.62 2014 8 29 18 34 6.42 0.50943 0.37436 0.899075 4
10.5739 2.48854 5.44 0.62 2015 8 24 4 35 26.45 0.50943 0.37436 0.899075 4
11.4484 2.11571 5.49 0.62 2015 10 2 14 40 45.72 0.50943 0.37436 0.899075 4
11.5441 2.07223 5.6 0.62 2015 10 26 1 24 23.06 0.50943 0.37436 0.899075 4
5.64665 5.22816 4.7 0.61 2014 7 16 13 16 20.66 0.50943 0.37436 0.899075 4
10.1739 2.82335 4.99 0.61 2015 8 4 20 9 4.28 0.50943 0.37436 0.899075 4
9.56812 3.10111 5.3 0.61 2015 8 18 16 58 45.12 0.50943 0.37436 0.899075 4
4.84452 5.58287 4.09 0.6 2014 8 17 14 39 39.76 0.50943 0.37436 0.899075 4
10.1565 2.88484 4.93 0.6 2015 8 12 6 38 35.35 0.50943 0.37436 0.899075 4
4.2453 5.76201 4.08 0.59 2014 8 20 6 3 41.2 0.50943 0.37436 0.899075 4
5.03728 5.69774 4.46 0.59 2014 12 12 3 59 56.7 0.50943 0.37436 0.899075 4
10.5767 2.53424 5.21 0.59 2015 2 28 10 3 52.27 0.50943 0.37436 0.899075 4
10.5478 2.64188 5.13 0.59 2015 8 6 2 11 42.91 0.50943 0.37436 0.899075 4
4.39746 5.7937 4.75 0.58 2014 5 1 6 32 23.93 0.50943 0.37436 0.899075 4
10.3029 2.64366 5.34 0.58 2015 8 5 1 6 48.55 0.50943 0.37436 0.899075 4
11.2434 2.4315 5.2 0.58 2015 9 5 11 46 49.63 0.50943 0.37436 0.899075 4
7.70519 3.91328 5.15 0.58 2015 10 8 17 35 31.94 0.50943 0.37436 0.899075 4
11.8499 2.13283 5.28 0.58 2015 10 27 2 10 35.06 0.50943 0.37436 0.899075 4
13.0926 1.73153 5.43 0.58 2016 1 25 10 16 2.04 0.50943 0.37436 0.899075 4
4.26996 5.8493 4.24 0.57 2014 8 17 7 22 17.98 0.50943 0.37436 0.899075 4
3.94462 5.89867 4.29 0.57 2014 9 10 22 14 18.4 0.50943 0.37436 0.899075 4
8.19214 3.61917 5.12 0.57 2015 8 16 2 20 25.58 0.50943 0.37436 0.899075 4
4.49318 5.76612 4.59 0.56 2014 8 26 18 36 54.44 0.50943 0.37436 0.899075 4
4.4134 5.86698 4.74 0.56 2014 10 7 2 34 45.6 0.50943 0.37436 0.899075 4
10.4514 2.56404 5.33 0.56 2015 8 5 15 11 16.73 0.50943 0.37436 0.899075 4
9.68556 2.93054 4.75 0.56 2015 8 9 20 52 45.24 0.50943 0.37436 0.899075 4
13.0404 1.70306 5.4 0.56 2016 1 27 21 8 58.28 0.50943 0.37436 0.899075 4
3.79824 5.95749 4.56 0.55 2014 10 19 6 55 51.7 0.50943 0.37436 0.899075 4
5.81627 5.21137 4.45 0.55 2014 12 17 6 27 5.48 0.50943 0.37436 0.899075 4
2.05275 6.62032 4.11 0.54 2014 3 28 7 28 55.36 0.50943 0.37436 0.899075 4
4.12652 5.82584 4.58 0.54 2014 8 13 1 0 36.1 0.50943 0.37436 0.899075 4
4.96053 5.59144 4.71 0.54 2014 8 19 9 9 32.91 0.50943 0.37436 0.899075 4
7.13856 4.03593 4.84 0.54 2014 10 27 12 7 27.25 0.50943 0.37436 0.899075 4
9.88625 2.97402 5.01 0.54 2015 8 6 2 14 0.76 0.50943 0.37436 0.899075 4
4.97139 5.82539 4.5 0.54 2015 8 14 6 48 36.94 0.50943 0.37436 0.899075 4
11.8593 2.13194 5.41 0.54 2015 8 23 3 45 15.63 0.50943 0.37436 0.899075 4
13.0599 1.6836 5.52 0.54 2016 1 9 7 30 56.98 0.50943 0.37436 0.899075 4
5.19087 5.51271 4.55 0.53 2014 9 1 4 41 8.09 0.50943 0.37436 0.899075 4
7.38137 4.05628 4.96 0.53 2015 2 2 3 29 6.86 0.50943 0.37436 0.899075 4
10.5688 2.64144 5.13 0.53 2015 8 5 23 52 19.24 0.50943 0.37436 0.899075 4
8.39069 3.61105 5.18 0.53 2015 8 15 5 18 36.2 0.50943 0.37436 0.899075 4
4.5279 5.74388 4.47 0.52 2014 8 17 7 57 59.27 0.50943 0.37436 0.899075 4
4.31056 5.78236 4.46 0.51 2014 8 27 14 47 27.6 0.50943 0.37436 0.899075 4
8.31964 3.38933 4.8 0.51 2015 8 16 15 11 45.75 0.50943 0.37436 0.899075 4
9.42833 3.18985 5.18 0.51 2015 8 22 9 4 56.16 0.50943 0.37436 0.899075 4
9.69349 2.93232 4.75 0.51 2015 8 24 2 34 21.1 0.50943 0.37436 0.899075 4
7.23205 4.13456 4.82 0.5 2013 12 6 16 57 6 0.50943 0.37436 0.899075 4
4.05912 5.79137 4.47 0.5 2014 11 7 7 59 51.35 0.50943 0.37436 0.899075 4
12.5389 1.33245 5.52 0.5 2015 7 30 7 18 10.72 0.50943 0.37436 0.899075 4
9.82829 2.90519 5.36 0.5 2015 8 15 9 12 11.81 0.50943 0.37436 0.899075 4
8.61026 3.44004 4.77 0.5 2015 8 16 7 16 41.16 0.50943 0.37436 0.899075 4
10.4166 2.66501 4.93 0.5 2015 8 18 19 45 48.1 0.50943 0.37436 0.899075 4
5.20325 5.44977 4.77 0.49 2014 5 24 22 59 23.4 0.50943 0.37436 0.899075 4
4.98733 5.57743 4.64 0.49 2014 8 17 14 46 53.26 0.50943 0.37436 0.899075 4
10.6347 2.66134 5.14 0.49 2015 8 7 14 29 22.6 0.50943 0.37436 0.899075 4
9.82464 2.96401 4.95 0.49 2015 8 8 2 36 34.88 0.50943 0.37436 0.899075 4
8.35303 3.49519 5 0.49 2015 8 14 21 41 53.32 0.50943 0.37436 0.899075 4
6.33936 4.61192 4.47 0.49 2015 8 16 0 36 57.99 0.50943 0.37436 0.899075 4
9.03051 3.28937 4.92 0.49 2015 8 16 3 14 4.98 0.50943 0.37436 0.899075 4
3.49462 5.91946 4.52 0.49 2015 10 15 15 15 11.98 0.50943 0.37436 0.899075 4
11.0833 2.40837 5.05 0.49 2016 1 3 8 34 21.93 0.50943 0.37436 0.899075 4
2.0491 6.60542 4.24 0.48 2014 5 4 22 36 14.68 0.50943 0.37436 0.899075 4
4.52505 5.74578 4.49 0.48 2014 8 24 0 42 35.01 0.50943 0.37436 0.899075 4
8.38054 3.46039 5.12 0.48 2015 8 14 21 40 40.42 0.50943 0.37436 0.899075 4
10.6261 2.48765 5.48 0.48 2015 9 4 22 6 1 0.50943 0.37436 0.899075 4
13.0425 1.68494 5.64 0.48 2016 1 23 19 42 51.82 0.50943 0.37436 0.899075 4
10.6362 2.6659 5.03 0.47 2014 1 29 13 21 5.43 0.50943 0.37436 0.899075 4
12.5201 1.28408 5.55 0.47 2015 7 29 7 29 38.23 0.50943 0.37436 0.899075 4
8.63412 3.40701 4.85 0.47 2015 8 24 3 44 28.94 0.50943 0.37436 0.899075 4
11.0463 2.55003 5.36 0.47 2015 9 1 10 16 33.61 0.50943 0.37436 0.899075 4
7.33863 4.05494 4.88 0.47 2015 9 17 3 12 55.68 0.50943 0.37436 0.899075 4
10.0754 3.03595 5.42 0.47 2015 9 19 2 11 34.67 0.50943 0.37436 0.899075 4
13.0744 1.70617 5.49 0.47 2016 1 20 18 50 38.32 0.50943 0.37436 0.899075 4
10.3638 2.74373 5.09 0.46 2015 8 4 18 26 29.08 0.50943 0.37436 0.899075 4
4.20256 5.82495 4.18 0.45 2014 8 20 8 33 51.62 0.50943 0.37436 0.899075 4
3.83154 5.93892 4.3 0.45 2014 9 12 8 8 44.53 0.50943 0.37436 0.899075 4
5.95677 5.07649 4.25 0.45 2014 12 7 1 37 58.8 0.50943 0.37436 0.899075 4
9.0298 3.30749 5.06 0.45 2015 8 15 1 1 49.61 0.50943 0.37436 0.899075 4
10.618 2.5527 5.16 0.45 2015 8 18 0 35 38.88 0.50943 0.37436 0.899075 4
10.9796 2.51478 5.32 0.45 2015 8 20 14 1 47.91 0.50943 0.37436 0.899075 4
4.49602 5.76835 4.65 0.44 2014 5 1 5 58 44.12 0.50943 0.37436 0.899075 4
5.40536 5.3666 4.82 0.44 2014 8 18 1 58 56.43 0.50943 0.37436 0.899075 4
3.73235 5.99363 4.43 0.44 2014 8 19 9 31 36.59 0.50943 0.37436 0.899075 4
9.91741 3.03195 5.36 0.44 2015 9 18 3 7 39.25 0.50943 0.37436 0.899075 4
11.2557 2.25281 5.61 0.43 2014 11 6 3 44 39.36 0.50943 0.37436 0.899075 4
10.4623 2.66679 4.85 0.43 2015 8 14 23 40 49.28 0.50943 0.37436 0.899075 4
5.37999 5.3924 4.57 0.42 2014 1 29 12 39 50.05 0.50943 0.37436 0.899075 4
4.98733 5.58732 4.78 0.42 2014 8 19 9 7 38.2 0.50943 0.37436 0.899075 4
10.6224 2.66134 5.08 0.42 2015 8 8 13 2 7.23 0.50943 0.37436 0.899075 4
9.69064 3.04318 5.21 0.42 2015 8 24 3 30 35.58 0.50943 0.37436 0.899075 4
10.1848 2.75052 4.94 0.42 2015 8 28 23 51 29.84 0.50943 0.37436 0.899075 4
13.0338 1.68227 5.67 0.42 2016 1 23 20 44 48.14 0.50943 0.37436 0.899075 4
4.36995 5.79681 4.75 0.41 2014 5 1 7 16 5.57 0.50943 0.37436 0.899075 4
3.75479 5.96516 4.22 0.41 2014 9 14 8 11 51.05 0.50943 0.37436 0.899075 4
5.47998 5.31678 4.75 0.41 2015 1 11 7 36 8.48 0.50943 0.37436 0.899075 4
10.1442 2.78265 4.83 0.41 2015 7 27 13 40 4.37 0.50943 0.37436 0.899075 4
10.5086 2.69125 5.08 0.41 2015 8 4 23 7 14.36 0.50943 0.37436 0.899075 4
9.93691 2.89251 5.3 0.41 2015 8 13 1 31 2.29 0.50943 0.37436 0.899075 4
10.1311 2.84548 4.93 0.41 2015 8 16 7 25 34.48 0.50943 0.37436 0.899075 4
13.0686 1.70306 5.66 0.41 2016 1 23 20 40 59.68 0.50943 0.37436 0.899075 4
5.42495 5.32679 4.66 0.4 2014 1 29 12 40 42.91 0.50943 0.37436 0.899075 4
7.39294 4.07974 5.04 0.4 2014 12 3 13 19 17.85 0.50943 0.37436 0.899075 4
8.69938 3.46216 4.78 0.4 2015 7 13 7 48 47.67 0.50943 0.37436 0.899075 4
10.4326 2.74551 5.06 0.4 2015 8 5 0 38 24.35 0.50943 0.37436 0.899075 4
10.1463 2.78443 4.78 0.4 2015 8 9 10 15 27.43 0.50943 0.37436 0.899075 4
5.13442 5.48602 4.67 0.39 2014 5 25 1 8 54.89 0.50943 0.37436 0.899075 4
5.1395 5.51994 4.67 0.39 2014 6 4 9 14 47.96 0.50943 0.37436 0.899075 4
3.73956 5.99052 4.43 0.39 2014 8 19 7 55 20.4 0.50943 0.37436 0.899075 4
10.4398 2.61564 5.24 0.39 2015 8 4 22 25 54 0.50943 0.37436 0.899075 4
10.0036 2.84826 5.31 0.39 2015 8 9 7 40 33.03 0.50943 0.37436 0.899075 4
9.19425 3.21831 4.84 0.39 2015 8 14 22 39 47.02 0.50943 0.37436 0.899075 4
8.69645 3.46261 4.76 0.39 2015 8 16 7 15 58.88 0.50943 0.37436 0.899075 4
11.6977 2.31208 5.22 0.39 2015 11 17 5 58 31.3 0.50943 0.37436 0.899075 4
2.55777 6.32755 4.12 0.38 2014 12 28 18 30 17.4 0.50943 0.37436 0.899075 4
9.08625 3.27936 4.89 0.38 2015 8 15 11 51 47.7 0.50943 0.37436 0.899075 4
5.26914 5.4371 4.83 0.37 2014 6 26 2 53 46.65 0.50943 0.37436 0.899075 4
10.0724 2.82469 4.83 0.37 2015 7 30 5 55 22.79 0.50943 0.37436 0.899075 4
10.4275 2.58484 5.33 0.37 2015 8 5 1 55 40.52 0.50943 0.37436 0.899075 4
10.6992 2.64188 5.08 0.37 2015 8 15 14 51 42.05 0.50943 0.37436 0.899075 4
10.4413 2.93866 4.91 0.37 2015 11 2 8 34 46.67 0.50943 0.37436 0.899075 4
8.25304 3.5966 5.16 0.36 2015 8 15 2 57 58.38 0.50943 0.37436 0.899075 4
8.61382 3.44182 4.83 0.36 2015 9 5 6 23 51.11 0.50943 0.37436 0.899075 4
5.35612 5.40318 4.57 0.35 2014 1 29 12 45 15.58 0.50943 0.37436 0.899075 4
9.77104 2.90519 4.76 0.35 2015 8 8 0 42 14.63 0.50943 0.37436 0.899075 4
11.202 2.30251 5.19 0.35 2015 11 3 2 8 43.46 0.50943 0.37436 0.899075 4
13.0765 1.69806 5.58 0.35 2016 1 24 5 50 14.43 0.50943 0.37436 0.899075 4
5.35684 5.39685 4.6 0.34 2014 1 29 14 33 11.06 0.50943 0.37436 0.899075 4
10.813 2.508 5.26 0.34 2015 8 10 11 44 46.26 0.50943 0.37436 0.899075 4
8.55229 3.54956 4.64 0.34 2015 9 12 15 9 32.85 0.50943 0.37436 0.899075 4
12.4766 1.90621 5.24 0.34 2015 12 30 0 42 22.48 0.50943 0.37436 0.899075 4
13.0447 1.6836 5.44 0.34 2016 1 25 5 34 8.98 0.50943 0.37436 0.899075 4
7.23784 4.11377 4.65 0.33 2013 12 5 2 10 53.88 0.50943 0.37436 0.899075 4
5.38586 5.37828 4.68 0.33 2014 5 19 8 7 42.34 0.50943 0.37436 0.899075 4
5.2873 5.42453 4.83 0.33 2014 6 30 1 39 10.44 0.50943 0.37436 0.899075 4
5.08803 5.70686 4.5 0.33 2014 12 12 7 7 20.29 0.50943 0.37436 0.899075 4
9.70506 3.01016 5.22 0.33 2015 8 7 4 10 1.25 0.50943 0.37436 0.899075 4
9.963 2.80478 5.37 0.33 2015 8 9 7 20 45.58 0.50943 0.37436 0.899075 4
9.99416 2.83692 5.27 0.33 2015 8 10 4 23 19.94 0.50943 0.37436 0.899075 4
9.75652 3.14415 4.82 0.33 2015 8 15 7 52 51.62 0.50943 0.37436 0.899075 4
9.003 3.20564 4.71 0.33 2015 8 17 9 16 26.57 0.50943 0.37436 0.899075 4
11.8774 2.01708 5.68 0.33 2015 10 24 23 25 7.84 0.50943 0.37436 0.899075 4
11.8709 2.16819 5.05 0.33 2015 12 27 23 54 51.64 0.50943 0.37436 0.899075 4
8.89714 3.28659 4.77 0.33 2016 2 27 6 23 2.79 0.50943 0.37436 0.899075 4
9.6942 3.00749 5.24 0.32 2015 8 7 4 11 53.71 0.50943 0.37436 0.899075 4
8.40805 3.46583 4.97 0.32 2015 8 15 10 0 59.86 0.50943 0.37436 0.899075 4
10.3739 2.55682 5.5 0.32 2015 8 25 2 14 57.1 0.50943 0.37436 0.899075 4
7.42695 4.06306 4.94 0.31 2014 9 10 10 19 43.38 0.50943 0.37436 0.899075 4
3.8091 5.95204 4.57 0.31 2014 10 19 7 6 17.9 0.50943 0.37436 0.899075 4
10.642 2.57127 5.15 0.31 2015 8 4 19 38 51.78 0.50943 0.37436 0.899075 4
9.81084 2.89529 4.76 0.31 2015 8 8 19 2 25.08 0.50943 0.37436 0.899075 4
5.1257 5.72765 4.49 0.3 2014 12 12 8 1 11.28 0.50943 0.37436 0.899075 4
9.93985 2.81701 5.38 0.3 2015 8 9 7 22 22.33 0.50943 0.37436 0.899075 4
7.56754 4.02236 4.73 0.3 2015 9 14 4 11 2.12 0.50943 0.37436 0.899075 4
8.42551 3.82555 4.92 0.3 2015 11 22 13 58 59.66 0.50943 0.37436 0.899075 4
9.80941 2.94233 4.92 0.29 2015 8 11 3 4 57.33 0.50943 0.37436 0.899075 4
11.0456 2.52601 5.33 0.29 2015 8 24 13 15 40.89 0.50943 0.37436 0.899075 4
4.92207 5.59911 4.58 0.28 2014 8 17 9 53 4.51 0.50943 0.37436 0.899075 4
10.5195 2.67268 4.87 0.28 2015 7 27 12 20 46.29 0.50943 0.37436 0.899075 4
10.5282 2.49444 5.46 0.28 2015 8 6 11 25 42.75 0.50943 0.37436 0.899075 4
10.2116 2.84147 4.96 0.28 2015 8 11 2 11 48.39 0.50943 0.37436 0.899075 4
8.38197 3.41102 4.83 0.28 2015 9 7 11 10 41.64 0.50943 0.37436 0.899075 4
5.28507 5.41997 4.83 0.27 2014 5 25 16 5 7.86 0.50943 0.37436 0.899075 4
4.5279 5.73443 4.29 0.27 2014 8 17 12 36 31.31 0.50943 0.37436 0.899075 4
3.08452 6.25205 4.47 0.27 2015 3 20 11 47 42.86 0.50943 0.37436 0.899075 4
10.4304 2.61475 5.26 0.27 2015 8 5 0 47 59.47 0.50943 0.37436 0.899075 4
9.80576 2.93099 5.23 0.27 2015 8 10 20 59 42.4 0.50943 0.37436 0.899075 4
10.2355 2.73695 4.84 0.26 2015 8 9 10 10 39.46 0.50943 0.37436 0.899075 4
9.46742 3.09934 5.27 0.26 2015 8 15 2 43 2.78 0.50943 0.37436 0.899075 4
9.5732 3.06498 5.09 0.26 2015 8 17 8 2 30.88 0.50943 0.37436 0.899075 4
13.1005 1.7134 5.56 0.26 2016 1 10 2 53 49.11 0.50943 0.37436 0.899075 4
11.9303 2.29484 5.48 0.25 2014 4 26 4 54 52.93 0.50943 0.37436 0.899075 4
10.5905 2.57083 5.52 0.25 2015 8 8 12 44 6.01 0.50943 0.37436 0.899075 4
10.2029 2.85048 4.93 0.25 2015 8 11 1 35 34.22 0.50943 0.37436 0.899075 4
9.03915 3.28703 4.8 0.25 2015 8 15 11 38 29.67 0.50943 0.37436 0.899075 4
7.2357 4.16981 5.03 0.25 2015 8 31 4 10 21.51 0.50943 0.37436 0.899075 4
11.4629 2.10347 5.65 0.25 2015 10 26 2 19 4.96 0.50943 0.37436 0.899075 4
10.705 2.66901 5.04 0.24 2015 3 29 9 28 39.8 0.50943 0.37436 0.899075 4
10.4319 2.58628 5.01 0.24 2015 7 30 21 8 52.8 0.50943 0.37436 0.899075 4
10.5021 2.72472 4.98 0.24 2015 8 5 9 30 11.99 0.50943 0.37436 0.899075 4
9.57542 3.12191 5.08 0.24 2015 8 15 9 8 20.29 0.50943 0.37436 0.899075 4
7.42188 4.0078 4.79 0.23 2014 8 31 2 34 56.74 0.50943 0.37436 0.899075 4
10.192 2.80978 4.97 0.23 2015 8 5 15 15 47.26 0.50943 0.37436 0.899075 4
7.63708 4.06351 4.74 0.23 2015 8 24 6 8 25.76 0.50943 0.37436 0.899075 4
11.668 2.16096 5.25 0.23 2015 9 12 1 28 26.97 0.50943 0.37436 0.899075 4
4.92278 5.60723 4.71 0.22 2014 8 17 7 45 25.38 0.50943 0.37436 0.899075 4
10.513 2.54547 5.21 0.22 2015 2 28 12 11 33.03 0.50943 0.37436 0.899075 4
8.32979 3.62918 4.64 0.22 2015 8 26 3 10 34.84 0.50943 0.37436 0.899075 4
7.73858 4.16759 4.77 0.21 2015 1 1 15 38 3.48 0.50943 0.37436 0.899075 4
9.61522 3.04274 5.17 0.21 2015 8 9 8 59 56.78 0.50943 0.37436 0.899075 4
7.40888 4.01102 5.05 0.21 2015 11 28 17 58 21.92 0.50943 0.37436 0.899075 4
10.8746 2.65911 5.03 0.2 2015 7 29 10 58 0.79 0.50943 0.37436 0.899075 4
9.91011 2.82513 4.97 0.2 2015 8 4 19 26 51.28 0.50943 0.37436 0.899075 4
9.51087 3.10567 4.96 0.2 2015 8 15 0 56 19.14 0.50943 0.37436 0.899075 4
11.0456 2.55726 5 0.2 2015 12 8 5 25 0.12 0.50943 0.37436 0.899075 4
10.4434 2.55092 5.4 0.19 2015 8 8 6 19 14.97 0.50943 0.37436 0.899075 4
10.134 2.80067 4.92 0.19 2015 8 15 8 43 27.4 0.50943 0.37436 0.899075 4
4.55114 5.73621 4.51 0.18 2014 8 29 10 55 57.4 0.50943 0.37436 0.899075 4
8.92403 3.34052 4.84 0.18 2015 8 15 6 21 1.17 0.50943 0.37436 0.899075 4
12.8759 1.55417 5.57 0.18 2016 1 28 15 20 53.02 0.50943 0.37436 0.899075 4
12.8708 1.56551 5.46 0.18 2016 2 7 9 47 47.46 0.50943 0.37436 0.899075 4
10.2913 2.7265 4.92 0.17 2015 8 5 2 8 33.01 0.50943 0.37436 0.899075 4
10.4767 2.63554 5.15 0.17 2015 8 5 19 23 4.12 0.50943 0.37436 0.899075 4
9.76454 2.95412 5.22 0.17 2015 8 15 4 30 14.04 0.50943 0.37436 0.899075 4
8.06027 3.59793 5.01 0.17 2015 8 16 9 2 44.65 0.50943 0.37436 0.899075 4
10.1869 2.74818 5.5 0.16 2015 8 9 7 15 43.68 0.50943 0.37436 0.899075 4
10.2181 2.70204 5.32 0.15 2015 8 5 4 2 36.82 0.50943 0.37436 0.899075 4
9.64638 3.06587 5.29 0.15 2015 8 15 1 45 3.43 0.50943 0.37436 0.899075 4
8.38562 3.64997 4.58 0.15 2015 8 23 3 59 16.28 0.50943 0.37436 0.899075 4
11.1137 2.31074 5.34 0.15 2015 12 28 23 6 29.4 0.50943 0.37436 0.899075 4
12.9693 1.65692 5.4 0.15 2016 1 28 5 38 13.24 0.50943 0.37436 0.899075 4
4.91121 5.60233 4.72 0.14 2014 8 17 6 43 2.79 0.50943 0.37436 0.899075 4
8.1697 3.52377 4.96 0.14 2015 8 17 22 0 7.52 0.50943 0.37436 0.899075 4
8.53992 3.54456 4.61 0.13 2015 9 6 9 58 26.81 0.50943 0.37436 0.899075 4
10.6043 2.70159 5.02 0.12 2015 8 5 5 16 41.62 0.50943 0.37436 0.899075 4
7.61972 4.08341 4.72 0.12 2015 8 24 6 18 35.17 0.50943 0.37436 0.899075 4
11.7042 2.14462 5.36 0.12 2015 10 27 11 0 48.57 0.50943 0.37436 0.899075 4
9.97466 2.803 5.27 0.11 2015 8 9 7 29 9.27 0.50943 0.37436 0.899075 4
9.77469 2.93644 5.06 0.11 2015 8 10 22 11 25.6 0.50943 0.37436 0.899075 4
13.0708 1.68905 5.65 0.11 2016 1 19 2 28 48.22 0.50943 0.37436 0.899075 4
9.85001 2.97491 4.91 0.1 2015 8 8 3 15 28.62 0.50943 0.37436 0.899075 4
9.93691 2.81701 5.39 0.1 2015 8 10 2 19 34.4 0.50943 0.37436 0.899075 4
8.45952 3.45905 4.97 0.1 2015 8 15 10 32 41.47 0.50943 0.37436 0.899075 4
7.61322 4.13089 4.85 0.1 2015 9 8 12 9 4.08 0.50943 0.37436 0.899075 4
10.984 2.31608 5.49 0.09 2016 1 10 19 53 55.58 0.50943 0.37436 0.899075 4
4.07791 5.83573 4.47 0.08 2014 10 4 8 31 28.09 0.50943 0.37436 0.899075 4
4.44821 5.76657 4.67 0.08 2014 10 13 9 40 39.46 0.50943 0.37436 0.899075 4
9.59857 3.04096 5.06 0.08 2015 8 15 3 50 39.17 0.50943 0.37436 0.899075 4
10.1681 2.8993 4.85 0.07 2015 8 12 6 55 19.19 0.50943 0.37436 0.899075 4
7.47699 3.9631 4.69 0.07 2015 8 17 12 31 40.2 0.50943 0.37436 0.899075 4
8.7407 3.35453 5.28 0.07 2015 8 27 13 33 47.99 0.50943 0.37436 0.899075 4
8.52906 3.54456 4.62 0.07 2015 9 6 10 59 31.43 0.50943 0.37436 0.899075 4
7.69798 4.1042 4.76 0.06 2014 12 24 21 43 53.32 0.50943 0.37436 0.899075 4
11.1484 2.28939 5.34 0.06 2016 1 11 9 12 15.16 0.50943 0.37436 0.899075 4
7.4371 4.13089 5.05 0.05 2015 8 16 11 26 57.98 0.50943 0.37436 0.899075 4
9.86159 2.92743 4.98 0.04 2015 8 5 0 26 5.02 0.50943 0.37436 0.899075 4
9.60151 3.06086 5.13 0.04 2015 8 16 1 27 13.53 0.50943 0.37436 0.899075 4
8.58266 3.47173 4.66 0.03 2015 7 14 6 33 18.11 0.50943 0.37436 0.899075 4
9.92899 2.82969 5.35 0.03 2015 8 6 2 18 16.26 0.50943 0.37436 0.899075 4
10.1435 2.88807 4.89 0.03 2015 8 11 10 29 5.36 0.50943 0.37436 0.899075 4
10.5674 2.75274 5.48 0.02 2015 4 12 3 7 49.64 0.50943 0.37436 0.899075 4
7.47477 4.04627 5.11 0.01 2015 8 16 9 58 10.37 0.50943 0.37436 0.899075 4
5.16051 5.49236 4.69 0 2014 8 17 16 17 51.74 0.50943 0.37436 0.899075 4
10.7869 2.45641 5.29 0 2015 8 5 6 33 31.89 0.50943 0.37436 0.899075 4
8.34359 3.61606 5.23 0 2015 8 15 5 19 58.89 0.50943 0.37436 0.899075 4
10.371 2.82602 5.47 0 2015 8 21 6 37 36.33 0.50943 0.37436 0.899075 4
9.60365 2.91831 5.26 -0.01 2015 8 13 6 40 38.93 0.50943 0.37436 0.899075 4
10.8811 2.61341 5.17 -0.02 2015 8 27 9 24 17.13 0.50943 0.37436 0.899075 4
10.3102 2.88529 5.49 -0.02 2015 9 19 8 34 19.79 0.50943 0.37436 0.899075 4
7.34076 4.49917 4.59 -0.03 2014 6 12 5 5 57.98 0.50943 0.37436 0.899075 4
10.0406 2.77531 5.43 -0.03 2015 8 11 10 41 5.34 0.50943 0.37436 0.899075 4
9.6276 3.13281 5.38 -0.03 2015 8 15 12 9 24.43 0.50943 0.37436 0.899075 4
10.5543 2.76364 5.46 -0.07 2015 4 11 10 56 23.54 0.50943 0.37436 0.899075 4
7.51465 4.02281 4.59 -0.07 2015 8 17 0 50 13.02 0.50943 0.37436 0.899075 4
14.4497 0.907684 5.75 2.59 2014 5 28 7 5 46.41 0.0404218 0.436487 0.706565 5
14.2845 0.964616 5.5 1.57 2016 3 27 15 49 41.07 0.0404218 0.436487 0.706565 5
14.3374 0.919804 5.81 1.31 2014 5 30 11 9 33.48 0.0404218 0.436487 0.706565 5
14.3577 0.913466 5.84 1.26 2014 5 28 21 40 15.42 0.0404218 0.436487 0.706565 5
14.0787 1.04468 5.93 1.16 2014 9 7 1 33 15.24 0.0404218 0.436487 0.706565 5
13.7135 0.894118 5.65 1.13 2015 9 28 6 40 57.07 0.0404218 0.436487 0.706565 5
14.0707 1.04245 5.87 1 2014 9 7 1 2 11.33 0.0404218 0.436487 0.706565 5
14.3199 0.923474 5.81 0.98 2014 5 30 10 10 57.17 0.0404218 0.436487 0.706565 5
14.3765 0.932036 5.87 0.91 2014 5 30 18 19 36.96 0.0404218 0.436487 0.706565 5
14.3178 0.916246 5.77 0.89 2014 5 29 6 51 32.96 0.0404218 0.436487 0.706565 5
13.8193 1.04568 5.88 0.87 2016 1 10 14 44 13.23 0.0404218 0.436487 0.706565 5
13.8403 0.877328 5.62 0.76 2015 4 15 8 18 11.85 0.0404218 0.436487 0.706565 5
14.3229 0.914912 5.77 0.72 2014 6 1 9 8 5.69 0.0404218 0.436487 0.706565 5
14.086 1.02844 5.89 0.72 2014 9 7 5 15 27.27 0.0404218 0.436487 0.706565 5
13.9403 1.01988 5.54 0.7 2016 1 10 14 48 8.44 0.0404218 0.436487 0.706565 5
14.3265 0.933481 5.57 0.65 2016 3 27 18 5 38.06 0.0404218 0.436487 0.706565 5
14.3425 0.949716 5.48 0.64 2016 3 27 17 3 11.9 0.0404218 0.436487 0.706565 5
14.2533 0.965061 5.9 0.53 2014 5 31 11 42 5.92 0.0404218 0.436487 0.706565 5
13.8715 1.1452 5.32 0.53 2014 11 25 1 19 54.05 0.0404218 0.436487 0.706565 5
14.0779 1.03523 5.88 0.46 2014 6 2 21 10 45.2 0.0404218 0.436487 0.706565 5
3.7555 3.3473 4.68 3.1 2014 12 29 16 15 55.29 0.0983609 0.524757 0.127146 6
4.28447 3.66176 4.57 2.71 2015 2 28 22 6 53.66 0.0983609 0.524757 0.127146 6
3.80625 3.41691 4.55 2.7 2014 11 10 21 23 41.6 0.0983609 0.524757 0.127146 6
3.84392 3.34863 4.76 2.58 2014 11 22 2 19 0.09 0.0983609 0.524757 0.127146 6
3.88879 3.4993 4.63 2.56 2014 11 12 14 59 4.61 0.0983609 0.524757 0.127146 6
3.2983 3.06631 4.57 2.53 2015 9 18 6 24 54.6 0.0983609 0.524757 0.127146 6
3.68089 3.30927 4.6 2.52 2015 3 27 7 42 27.92 0.0983609 0.524757 0.127146 6
4.41055 3.77351 4.41 2.5 2015 3 27 1 34 14.97 0.0983609 0.524757 0.127146 6
4.01416 3.48029 4.7 2.45 2014 12 4 1 39 55.55 0.0983609 0.524757 0.127146 6
3.76271 3.40523 4.39 2.39 2014 11 10 7 37 22.96 0.0983609 0.524757 0.127146 6
3.76494 3.35319 4.72 2.39 2014 11 10 21 23 32.24 0.0983609 0.524757 0.127146 6
4.04826 3.54767 4.59 2.37 2014 11 10 13 19 45.9 0.0983609 0.524757 0.127146 6
4.30985 3.6771 4.4 2.36 2015 3 17 0 36 11.41 0.0983609 0.524757 0.127146 6
4.14023 3.48974 4.69 2.31 2014 12 12 6 42 1.3 0.0983609 0.524757 0.127146 6
3.44904 3.38889 4.22 2.3 2014 11 22 3 10 8.26 0.0983609 0.524757 0.127146 6
2.84688 3.00749 4.27 2.25 2015 1 5 21 52 15.8 0.0983609 0.524757 0.127146 6
3.98157 3.45271 4.78 2.24 2015 1 11 1 51 27.27 0.0983609 0.524757 0.127146 6
3.87793 3.52188 4.3 2.2 2014 11 22 20 21 14.06 0.0983609 0.524757 0.127146 6
3.98878 3.47851 4.62 2.17 2014 11 16 12 18 9.17 0.0983609 0.524757 0.127146 6
3.56202 3.37532 4.4 2.13 2014 11 9 20 40 28.04 0.0983609 0.524757 0.127146 6
4.16347 3.56847 4.54 2.12 2015 1 7 6 21 9.89 0.0983609 0.524757 0.127146 6
4.2729 3.62551 4.81 2.12 2015 3 31 1 45 54.29 0.0983609 0.524757 0.127146 6
4.03588 3.47662 4.74 2.06 2015 1 11 1 57 29.55 0.0983609 0.524757 0.127146 6
3.21932 3.3215 4.23 2.06 2015 11 28 19 19 15.24 0.0983609 0.524757 0.127146 6
3.45482 3.40245 4.17 2.02 2014 12 1 1 47 41.01 0.0983609 0.524757 0.127146 6
4.21636 3.59882 4.65 1.95 2015 2 19 5 50 55.44 0.0983609 0.524757 0.127146 6
3.21282 3.32695 4.2 1.92 2015 11 30 11 2 15.18 0.0983609 0.524757 0.127146 6
4.91263 3.66765 5.08 1.82 2015 1 4 2 31 18.12 0.0983609 0.524757 0.127146 6
2.71786 3.04051 4.23 1.82 2015 1 8 3 24 28.5 0.0983609 0.524757 0.127146 6
4.2185 3.58114 4.85 1.82 2015 3 15 1 10 7.09 0.0983609 0.524757 0.127146 6
3.98299 3.44771 4.77 1.8 2014 12 5 2 6 17.32 0.0983609 0.524757 0.127146 6
4.24022 3.60883 4.71 1.8 2015 3 15 5 10 7.42 0.0983609 0.524757 0.127146 6
2.76719 3.04096 4.22 1.8 2015 4 6 0 3 24.3 0.0983609 0.524757 0.127146 6
3.96634 3.53689 4.38 1.79 2014 11 10 12 53 9.54 0.0983609 0.524757 0.127146 6
4.31492 3.60427 4.72 1.79 2015 3 14 11 45 3.26 0.0983609 0.524757 0.127146 6
4.31492 3.67666 4.74 1.77 2015 3 11 16 54 17.7 0.0983609 0.524757 0.127146 6
4.26925 3.59337 4.55 1.75 2014 12 15 9 24 28.7 0.0983609 0.524757 0.127146 6
3.2715 3.35364 4.02 1.72 2015 1 6 13 45 26.87 0.0983609 0.524757 0.127146 6
4.28082 3.65809 4.74 1.72 2015 3 14 22 38 35.22 0.0983609 0.524757 0.127146 6
4.17068 3.56991 4.5 1.71 2015 1 7 6 22 20.52 0.0983609 0.524757 0.127146 6
3.83742 3.63863 4.38 1.71 2015 12 4 9 52 6 0.0983609 0.524757 0.127146 6
4.34101 3.58203 4.62 1.7 2014 12 23 20 15 42.94 0.0983609 0.524757 0.127146 6
4.16124 3.56847 4.67 1.69 2015 2 19 7 34 40.08 0.0983609 0.524757 0.127146 6
3.37941 3.4029 4.06 1.69 2015 11 29 16 22 5.66 0.0983609 0.524757 0.127146 6
3.3852 3.34953 4.21 1.67 2014 12 25 10 23 41.96 0.0983609 0.524757 0.127146 6
3.74606 3.35086 4.72 1.65 2014 11 10 18 33 4.68 0.0983609 0.524757 0.127146 6
4.346 3.68433 4.7 1.65 2015 3 14 11 23 43.81 0.0983609 0.524757 0.127146 6
3.14471 3.27491 4.43 1.64 2015 3 13 10 27 6.39 0.0983609 0.524757 0.127146 6
4.05111 3.50019 4.62 1.62 2014 11 17 5 58 45.26 0.0983609 0.524757 0.127146 6
3.30773 3.36531 4.03 1.62 2015 1 6 13 41 20.17 0.0983609 0.524757 0.127146 6
3.71419 3.32106 4.71 1.61 2014 11 10 23 9 33.52 0.0983609 0.524757 0.127146 6
4.40182 3.68611 4.83 1.61 2015 2 24 9 10 43.84 0.0983609 0.524757 0.127146 6
2.63381 3.18796 4.31 1.6 2014 11 25 9 13 10.04 0.0983609 0.524757 0.127146 6
3.82433 3.37076 4.76 1.59 2014 11 19 23 0 21.4 0.0983609 0.524757 0.127146 6
4.11708 3.52232 4.73 1.59 2015 2 23 1 5 57.91 0.0983609 0.524757 0.127146 6
3.68953 3.38033 4.47 1.56 2014 11 10 8 23 24.85 0.0983609 0.524757 0.127146 6
2.64619 3.19385 4.18 1.53 2014 11 27 12 43 50.47 0.0983609 0.524757 0.127146 6
3.6954 3.35764 4.52 1.52 2014 11 16 13 5 4.23 0.0983609 0.524757 0.127146 6
3.97213 3.44137 4.84 1.52 2014 12 5 2 48 51.79 0.0983609 0.524757 0.127146 6
3.42802 3.40657 4.07 1.52 2014 12 7 16 9 29.7 0.0983609 0.524757 0.127146 6
4.53947 3.80743 4.42 1.52 2015 4 5 5 9 9.2 0.0983609 0.524757 0.127146 6
4.16783 3.61739 4.44 1.51 2014 11 15 0 10 43.25 0.0983609 0.524757 0.127146 6
3.99537 3.45772 4.92 1.51 2015 6 3 23 56 14.28 0.0983609 0.524757 0.127146 6
3.69033 3.41146 4.55 1.5 2014 11 10 1 58 28.88 0.0983609 0.524757 0.127146 6
4.35036 3.68711 4.8 1.47 2015 5 2 12 30 14.77 0.0983609 0.524757 0.127146 6
4.34965 3.66443 4.84 1.46 2015 2 24 9 11 6.85 0.0983609 0.524757 0.127146 6
3.78524 3.38577 4.57 1.45 2014 11 10 0 36 12.48 0.0983609 0.524757 0.127146 6
4.1649 3.56758 4.66 1.45 2014 12 12 10 59 56.16 0.0983609 0.524757 0.127146 6
4.52505 3.74994 4.74 1.45 2015 3 23 16 21 51.86 0.0983609 0.524757 0.127146 6
4.32863 3.67077 4.75 1.44 2015 3 11 17 30 43.92 0.0983609 0.524757 0.127146 6
3.46711 3.38433 4.3 1.42 2014 12 21 6 18 0.09 0.0983609 0.524757 0.127146 6
2.40338 2.94544 4.11 1.41 2014 10 25 23 28 28.14 0.0983609 0.524757 0.127146 6
4.1917 3.51509 4.94 1.41 2015 1 1 14 3 11.4 0.0983609 0.524757 0.127146 6
3.67946 3.29882 4.71 1.4 2014 11 19 16 4 45.28 0.0983609 0.524757 0.127146 6
3.34611 3.3721 4.12 1.4 2014 12 12 13 59 57.35 0.0983609 0.524757 0.127146 6
2.76719 3.06042 4.13 1.4 2015 1 5 22 53 36.96 0.0983609 0.524757 0.127146 6
4.2656 3.64319 4.59 1.4 2015 2 19 5 1 44.04 0.0983609 0.524757 0.127146 6
3.883 3.53733 4.35 1.38 2014 11 22 2 20 44.96 0.0983609 0.524757 0.127146 6
2.86495 2.98803 4.37 1.38 2015 1 8 2 7 24.87 0.0983609 0.524757 0.127146 6
4.23737 3.62418 4.62 1.38 2015 2 19 5 1 59.02 0.0983609 0.524757 0.127146 6
4.57358 3.7635 4.57 1.38 2015 4 7 5 12 56.08 0.0983609 0.524757 0.127146 6
3.76708 3.35497 4.65 1.37 2014 11 10 16 19 55.28 0.0983609 0.524757 0.127146 6
4.13738 3.52054 4.69 1.37 2014 12 12 4 49 39.35 0.0983609 0.524757 0.127146 6
2.96717 2.96679 4.32 1.37 2015 1 8 21 53 6.94 0.0983609 0.524757 0.127146 6
4.54526 3.76217 4.62 1.37 2015 4 7 19 48 13.4 0.0983609 0.524757 0.127146 6
3.73663 3.50475 4.14 1.36 2014 12 10 9 45 1.55 0.0983609 0.524757 0.127146 6
4.40547 3.70068 4.72 1.36 2015 3 11 12 10 22.94 0.0983609 0.524757 0.127146 6
4.52505 3.76984 4.52 1.35 2015 4 7 12 32 7.36 0.0983609 0.524757 0.127146 6
4.5279 3.76439 4.68 1.35 2015 4 7 19 47 53.5 0.0983609 0.524757 0.127146 6
3.25841 3.33418 4.12 1.35 2015 11 30 12 36 6.91 0.0983609 0.524757 0.127146 6
3.96198 3.48251 4.56 1.34 2014 11 11 7 5 0.28 0.0983609 0.524757 0.127146 6
4.441 3.72826 4.66 1.33 2015 3 11 7 5 54.7 0.0983609 0.524757 0.127146 6
3.98299 3.51965 4.49 1.32 2014 11 10 13 45 17.88 0.0983609 0.524757 0.127146 6
4.01638 3.54634 4.43 1.32 2014 11 10 21 31 33.62 0.0983609 0.524757 0.127146 6
4.28732 3.64186 4.75 1.32 2015 3 14 11 24 14.49 0.0983609 0.524757 0.127146 6
4.39532 3.688 4.88 1.32 2015 3 26 23 3 5.58 0.0983609 0.524757 0.127146 6
3.62943 3.30427 4.61 1.31 2014 11 22 13 28 52.09 0.0983609 0.524757 0.127146 6
3.31058 2.63421 4.67 1.31 2015 7 9 11 59 15.7 0.0983609 0.524757 0.127146 6
3.70626 3.37354 4.51 1.3 2014 11 10 7 29 45.46 0.0983609 0.524757 0.127146 6
2.67949 3.10434 4.15 1.3 2014 11 27 16 4 47.86 0.0983609 0.524757 0.127146 6
4.55114 3.77484 4.71 1.3 2015 4 7 20 19 2.06 0.0983609 0.524757 0.127146 6
4.06197 3.51832 4.53 1.29 2014 12 29 17 0 19.44 0.0983609 0.524757 0.127146 6
4.31341 3.65498 4.65 1.29 2015 3 17 22 24 26.8 0.0983609 0.524757 0.127146 6
4.51633 3.76217 4.53 1.29 2015 4 15 4 49 48.81 0.0983609 0.524757 0.127146 6
4.26195 3.67255 4.53 1.28 2014 11 15 6 13 44.66 0.0983609 0.524757 0.127146 6
4.20113 3.58937 4.58 1.26 2014 12 12 15 21 52.35 0.0983609 0.524757 0.127146 6
3.97142 3.40023 4.76 1.26 2015 1 17 10 2 43.85 0.0983609 0.524757 0.127146 6
4.09099 3.59704 4.23 1.24 2014 11 12 18 50 50.68 0.0983609 0.524757 0.127146 6
4.21992 3.60149 4.62 1.24 2014 12 12 18 0 17.18 0.0983609 0.524757 0.127146 6
3.9301 3.43003 4.62 1.23 2014 11 19 3 19 55.1 0.0983609 0.524757 0.127146 6
4.43512 3.73459 4.61 1.23 2015 3 3 23 26 7.44 0.0983609 0.524757 0.127146 6
4.05547 3.5201 4.53 1.22 2014 11 26 11 59 6.18 0.0983609 0.524757 0.127146 6
2.91205 2.98036 4.32 1.22 2015 1 6 8 53 41.2 0.0983609 0.524757 0.127146 6
4.54891 3.75672 4.57 1.22 2015 4 7 1 55 16.78 0.0983609 0.524757 0.127146 6
3.89387 3.40746 4.65 1.21 2014 11 12 18 51 19.46 0.0983609 0.524757 0.127146 6
4.26488 3.71647 4.4 1.21 2015 3 26 9 26 8.08 0.0983609 0.524757 0.127146 6
4.46994 3.75127 4.6 1.21 2015 4 15 4 20 42.77 0.0983609 0.524757 0.127146 6
3.41057 3.34641 4.42 1.21 2015 11 29 13 59 6.28 0.0983609 0.524757 0.127146 6
2.59401 3.15538 4.12 1.19 2014 11 24 20 29 4.24 0.0983609 0.524757 0.127146 6
3.80331 3.50019 4.42 1.18 2014 12 28 14 19 32.96 0.0983609 0.524757 0.127146 6
4.38731 3.75405 4.37 1.18 2015 3 27 9 29 38.49 0.0983609 0.524757 0.127146 6
4.00472 3.4536 4.83 1.17 2014 12 1 19 15 2 0.0983609 0.524757 0.127146 6
4.4134 3.72547 4.56 1.17 2015 3 1 0 41 57.32 0.0983609 0.524757 0.127146 6
4.21565 3.58348 4.85 1.17 2015 7 2 10 44 19.93 0.0983609 0.524757 0.127146 6
3.30408 3.36042 4.14 1.17 2015 11 29 0 21 37.86 0.0983609 0.524757 0.127146 6
5.15178 3.61017 4.85 1.16 2014 7 9 12 24 26.05 0.0983609 0.524757 0.127146 6
3.83742 3.49341 4.34 1.16 2014 11 10 7 46 29.17 0.0983609 0.524757 0.127146 6
3.6954 3.30471 4.81 1.16 2014 11 14 4 25 45.61 0.0983609 0.524757 0.127146 6
3.93162 3.42236 4.75 1.16 2014 11 19 3 16 4.37 0.0983609 0.524757 0.127146 6
4.4207 3.7337 4.54 1.16 2015 3 1 23 15 58.6 0.0983609 0.524757 0.127146 6
4.38517 3.69523 4.71 1.16 2015 3 11 10 17 7.33 0.0983609 0.524757 0.127146 6
2.36572 3.30649 4.29 1.16 2015 4 19 0 4 30.16 0.0983609 0.524757 0.127146 6
3.41128 3.37899 4.27 1.16 2015 11 29 7 27 43.11 0.0983609 0.524757 0.127146 6
3.36062 3.36987 4.01 1.15 2014 12 6 17 35 28.44 0.0983609 0.524757 0.127146 6
3.278 3.34497 4.23 1.15 2015 11 29 4 16 2.58 0.0983609 0.524757 0.127146 6
3.4128 3.38033 4.25 1.14 2014 11 10 6 45 25.73 0.0983609 0.524757 0.127146 6
3.42437 3.39656 4.18 1.13 2015 11 29 13 12 19 0.0983609 0.524757 0.127146 6
3.98807 3.43414 4.73 1.12 2014 12 5 2 13 4 0.0983609 0.524757 0.127146 6
3.71926 3.31194 4.81 1.12 2014 12 30 6 43 28.05 0.0983609 0.524757 0.127146 6
4.02431 3.45583 4.67 1.11 2014 11 25 23 49 43.6 0.0983609 0.524757 0.127146 6
4.09972 3.51698 4.65 1.11 2014 12 14 10 27 40.33 0.0983609 0.524757 0.127146 6
4.26195 3.62507 4.74 1.11 2015 3 17 2 40 50.41 0.0983609 0.524757 0.127146 6
3.59826 3.30071 4.58 1.1 2014 12 18 16 23 31.83 0.0983609 0.524757 0.127146 6
3.85407 3.42414 4.62 1.09 2014 11 11 1 9 39.49 0.0983609 0.524757 0.127146 6
4.22651 3.68255 4.33 1.09 2014 11 15 6 32 55.14 0.0983609 0.524757 0.127146 6
3.46925 3.41379 4.18 1.09 2015 1 1 18 35 58.98 0.0983609 0.524757 0.127146 6
4.31564 3.678 4.51 1.09 2015 2 23 1 33 25.78 0.0983609 0.524757 0.127146 6
4.21493 3.67077 4.29 1.08 2015 3 1 5 12 19.07 0.0983609 0.524757 0.127146 6
4.00552 3.44404 4.83 1.07 2014 12 5 9 46 50.69 0.0983609 0.524757 0.127146 6
3.84757 3.38433 4.72 1.07 2014 12 6 8 51 42.74 0.0983609 0.524757 0.127146 6
3.99751 3.43548 4.8 1.07 2014 12 6 12 4 59.38 0.0983609 0.524757 0.127146 6
4.05689 3.55401 4.42 1.07 2014 12 12 8 54 19.52 0.0983609 0.524757 0.127146 6
3.46275 3.36131 4.42 1.06 2014 12 21 9 5 16.58 0.0983609 0.524757 0.127146 6
4.38152 3.71647 4.54 1.06 2015 2 28 23 18 47.12 0.0983609 0.524757 0.127146 6
3.25627 3.36809 4.04 1.06 2015 11 29 16 22 42.89 0.0983609 0.524757 0.127146 6
3.86707 3.43637 4.69 1.05 2014 11 10 23 18 4.92 0.0983609 0.524757 0.127146 6
3.97213 3.52866 4.29 1.05 2014 11 22 2 59 21.37 0.0983609 0.524757 0.127146 6
4.45765 3.74816 4.56 1.05 2015 3 26 0 25 12.42 0.0983609 0.524757 0.127146 6
4.61845 3.79252 4.63 1.05 2015 6 30 5 51 29.45 0.0983609 0.524757 0.127146 6
4.08592 3.46494 4.9 1.04 2014 12 18 0 48 33.21 0.0983609 0.524757 0.127146 6
4.47359 3.74582 4.62 1.04 2015 3 16 3 45 43.04 0.0983609 0.524757 0.127146 6
3.86199 3.39567 4.65 1.03 2014 11 20 1 25 48.43 0.0983609 0.524757 0.127146 6
4.26782 3.6979 4.31 1.03 2015 1 1 12 8 4.63 0.0983609 0.524757 0.127146 6
4.18662 3.50153 4.93 1.03 2015 1 11 3 3 27.75 0.0983609 0.524757 0.127146 6
3.90767 3.52232 4.31 1.02 2014 11 10 13 32 4.23 0.0983609 0.524757 0.127146 6
4.35766 3.688 4.62 1.02 2015 2 28 22 17 16.92 0.0983609 0.524757 0.127146 6
4.39461 3.7029 4.68 1.02 2015 3 23 20 3 9.4 0.0983609 0.524757 0.127146 6
3.33738 3.32017 4.44 1.01 2014 12 21 21 32 52.66 0.0983609 0.524757 0.127146 6
4.40254 3.72736 4.6 1.01 2015 3 18 7 12 59.36 0.0983609 0.524757 0.127146 6
3.26784 3.34452 4.26 1 2015 11 30 11 23 23.75 0.0983609 0.524757 0.127146 6
3.99466 3.42603 4.87 0.99 2014 12 20 7 39 16.91 0.0983609 0.524757 0.127146 6
4.55256 3.71102 4.94 0.99 2015 6 3 10 21 10.74 0.0983609 0.524757 0.127146 6
3.26419 3.34274 4.27 0.99 2015 11 29 4 14 26.23 0.0983609 0.524757 0.127146 6
2.70557 3.09711 4.14 0.98 2014 12 28 10 14 47.2 0.0983609 0.524757 0.127146 6
3.64901 3.39345 4.41 0.97 2014 11 8 0 37 35.27 0.0983609 0.524757 0.127146 6
3.99172 3.52599 4.48 0.97 2014 12 12 11 41 27.68 0.0983609 0.524757 0.127146 6
4.28011 3.70557 4.39 0.96 2014 11 15 10 16 3.98 0.0983609 0.524757 0.127146 6
3.86707 3.39478 4.7 0.96 2015 3 27 7 46 1.11 0.0983609 0.524757 0.127146 6
3.39463 3.35764 4.42 0.95 2014 11 12 12 36 43.74 0.0983609 0.524757 0.127146 6
3.97649 3.43915 4.87 0.95 2014 12 15 23 21 58.46 0.0983609 0.524757 0.127146 6
3.97071 3.50386 4.38 0.94 2014 12 12 13 36 27.54 0.0983609 0.524757 0.127146 6
4.41562 3.71647 4.67 0.94 2015 3 9 15 59 27.26 0.0983609 0.524757 0.127146 6
4.38731 3.74638 4.42 0.93 2015 3 1 6 17 15.17 0.0983609 0.524757 0.127146 6
4.23087 3.59971 4.74 0.93 2015 3 14 11 28 36.6 0.0983609 0.524757 0.127146 6
3.2447 3.32873 4.32 0.93 2015 11 29 4 47 19.02 0.0983609 0.524757 0.127146 6
4.89313 3.65353 5.16 0.92 2014 11 26 18 32 23.2 0.0983609 0.524757 0.127146 6
3.76058 3.32328 4.8 0.91 2014 11 30 13 14 32.43 0.0983609 0.524757 0.127146 6
3.8562 3.42058 4.63 0.91 2016 9 18 5 53 24.3 0.0983609 0.524757 0.127146 6
1.95704 3.07532 4.04 0.9 2014 4 3 6 13 27.93 0.0983609 0.524757 0.127146 6
2.81785 3.01383 4.37 0.9 2015 1 8 1 14 56.93 0.0983609 0.524757 0.127146 6
4.12794 3.51876 4.83 0.9 2015 1 16 9 3 31.24 0.0983609 0.524757 0.127146 6
4.21707 3.58893 4.81 0.9 2015 3 15 1 9 17.82 0.0983609 0.524757 0.127146 6
3.98958 3.44315 4.72 0.89 2014 12 5 2 50 5.17 0.0983609 0.524757 0.127146 6
4.33594 3.68656 4.69 0.89 2015 3 11 10 21 13.87 0.0983609 0.524757 0.127146 6
4.36701 3.67977 4.77 0.89 2015 3 11 12 12 39.9 0.0983609 0.524757 0.127146 6
3.88158 3.40968 4.72 0.88 2014 11 24 8 1 43.43 0.0983609 0.524757 0.127146 6
3.86929 3.49341 4.7 0.88 2014 12 10 11 22 7.98 0.0983609 0.524757 0.127146 6
3.38448 3.37488 4.26 0.88 2014 12 25 0 13 29.97 0.0983609 0.524757 0.127146 6
3.99537 3.42058 4.88 0.88 2014 12 26 6 46 5.17 0.0983609 0.524757 0.127146 6
2.79399 3.02739 4.21 0.88 2015 1 1 20 10 40.04 0.0983609 0.524757 0.127146 6
4.22143 3.6314 4.51 0.87 2015 1 7 5 45 28.87 0.0983609 0.524757 0.127146 6
3.23739 3.34541 4.21 0.87 2015 2 15 18 32 26.8 0.0983609 0.524757 0.127146 6
4.32071 3.69567 4.7 0.86 2015 3 11 10 18 9.09 0.0983609 0.524757 0.127146 6
4.24966 3.60739 4.7 0.86 2015 3 14 11 25 15.21 0.0983609 0.524757 0.127146 6
4.54606 3.76261 4.59 0.86 2015 10 1 21 51 23.86 0.0983609 0.524757 0.127146 6
3.6954 3.35041 4.51 0.85 2014 11 10 16 26 20.11 0.0983609 0.524757 0.127146 6
3.5533 3.41246 4.32 0.85 2014 11 22 3 27 53.84 0.0983609 0.524757 0.127146 6
4.64098 3.80287 4.55 0.85 2015 4 20 11 6 32.63 0.0983609 0.524757 0.127146 6
4.2729 3.68656 4.68 0.83 2015 2 24 17 32 6.68 0.0983609 0.524757 0.127146 6
4.212 3.5767 4.81 0.83 2015 3 14 23 49 43.12 0.0983609 0.524757 0.127146 6
4.51775 3.75672 4.55 0.83 2015 4 7 7 30 29.23 0.0983609 0.524757 0.127146 6
4.43877 3.72236 4.5 0.83 2015 4 15 5 19 30.56 0.0983609 0.524757 0.127146 6
4.08663 3.57714 4.34 0.82 2014 11 10 13 32 42.22 0.0983609 0.524757 0.127146 6
4.42212 3.72192 4.65 0.81 2015 3 3 23 42 45.26 0.0983609 0.524757 0.127146 6
4.3663 3.69334 4.76 0.81 2015 3 11 12 37 42.23 0.0983609 0.524757 0.127146 6
3.38742 3.40334 4.22 0.8 2014 2 15 3 32 22.72 0.0983609 0.524757 0.127146 6
3.30551 3.35364 3.98 0.8 2014 12 25 10 24 56.43 0.0983609 0.524757 0.127146 6
4.41126 3.68756 4.87 0.79 2015 2 22 15 48 43.01 0.0983609 0.524757 0.127146 6
4.34528 3.68845 4.62 0.79 2015 2 28 23 56 6.68 0.0983609 0.524757 0.127146 6
4.45542 3.74404 4.54 0.79 2015 4 15 4 45 28.68 0.0983609 0.524757 0.127146 6
3.01498 3.17039 3.9 0.78 2015 9 5 0 45 49.85 0.0983609 0.524757 0.127146 6
3.39535 3.37988 4.05 0.78 2015 12 1 0 38 31.9 0.0983609 0.524757 0.127146 6
3.87579 3.40245 4.69 0.76 2014 12 9 16 59 59.96 0.0983609 0.524757 0.127146 6
3.7693 3.35764 4.71 0.76 2015 3 27 6 35 41.42 0.0983609 0.524757 0.127146 6
3.3186 3.31428 4.48 0.75 2014 12 21 20 58 6.28 0.0983609 0.524757 0.127146 6
4.54455 3.7635 4.62 0.75 2015 4 14 23 24 9 0.0983609 0.524757 0.127146 6
3.96563 3.48485 4.31 0.74 2014 12 3 16 47 41.65 0.0983609 0.524757 0.127146 6
3.31637 3.03729 4.45 0.74 2015 9 19 15 0 29.47 0.0983609 0.524757 0.127146 6
3.40915 3.35898 4.38 0.73 2014 11 12 12 38 24.59 0.0983609 0.524757 0.127146 6
3.59319 3.29204 4.57 0.73 2014 11 15 23 1 36.2 0.0983609 0.524757 0.127146 6
4.42791 3.71469 4.69 0.73 2015 3 16 1 34 41.68 0.0983609 0.524757 0.127146 6
4.54019 3.75583 4.57 0.73 2015 4 7 2 39 39.59 0.0983609 0.524757 0.127146 6
2.71857 3.05319 4.32 0.72 2015 1 7 6 30 18.33 0.0983609 0.524757 0.127146 6
5.10833 3.6631 5.21 0.71 2014 11 12 14 45 19.66 0.0983609 0.524757 0.127146 6
3.96777 3.44048 4.66 0.71 2014 12 4 1 51 15.61 0.0983609 0.524757 0.127146 6
3.87072 3.39934 4.68 0.71 2014 12 9 15 12 55.21 0.0983609 0.524757 0.127146 6
3.99537 3.42325 4.88 0.71 2014 12 20 7 38 37.63 0.0983609 0.524757 0.127146 6
2.65919 3.09166 4.21 0.71 2015 4 10 5 50 50.5 0.0983609 0.524757 0.127146 6
4.13079 3.57847 4.51 0.7 2014 11 12 18 36 59.88 0.0983609 0.524757 0.127146 6
3.55259 3.41691 4.29 0.68 2014 12 21 8 17 17.61 0.0983609 0.524757 0.127146 6
3.98878 3.40924 4.88 0.67 2014 12 21 7 31 14 0.0983609 0.524757 0.127146 6
3.5273 3.39345 4.36 0.67 2015 2 7 7 50 48.59 0.0983609 0.524757 0.127146 6
4.30326 3.6631 4.62 0.67 2015 2 19 4 56 10.67 0.0983609 0.524757 0.127146 6
3.84463 3.54045 4.18 0.66 2014 11 22 2 50 17.72 0.0983609 0.524757 0.127146 6
4.21992 3.62773 4.49 0.66 2014 12 4 4 41 28.87 0.0983609 0.524757 0.127146 6
2.82444 3.01928 4.29 0.66 2015 1 1 19 27 7.82 0.0983609 0.524757 0.127146 6
2.9157 2.96401 4.33 0.66 2015 1 6 11 28 43.7 0.0983609 0.524757 0.127146 6
4.02573 3.40612 4.91 0.66 2015 5 30 1 35 40.92 0.0983609 0.524757 0.127146 6
4.22215 3.62095 4.56 0.65 2014 12 15 13 50 44.73 0.0983609 0.524757 0.127146 6
3.97284 3.42102 4.77 0.63 2014 12 6 13 35 31.16 0.0983609 0.524757 0.127146 6
4.02724 3.42325 4.91 0.63 2014 12 22 8 37 2.44 0.0983609 0.524757 0.127146 6
2.83966 3.00249 4.37 0.63 2015 1 8 1 17 0.56 0.0983609 0.524757 0.127146 6
4.02288 3.50475 4.53 0.62 2014 11 16 12 39 18.57 0.0983609 0.524757 0.127146 6
3.24318 3.33963 4.23 0.62 2015 11 29 16 21 38.8 0.0983609 0.524757 0.127146 6
4.03588 3.42914 4.93 0.61 2015 1 19 21 5 39.9 0.0983609 0.524757 0.127146 6
3.71419 3.35853 4.52 0.6 2014 11 9 23 23 25.88 0.0983609 0.524757 0.127146 6
3.69754 3.36042 4.5 0.6 2014 11 11 7 33 13.47 0.0983609 0.524757 0.127146 6
3.75256 3.3314 4.66 0.6 2014 11 24 7 47 28.29 0.0983609 0.524757 0.127146 6
4.01781 3.49886 4.5 0.6 2014 12 12 6 50 45.96 0.0983609 0.524757 0.127146 6
3.44467 3.38033 4.33 0.59 2014 2 12 4 14 16.15 0.0983609 0.524757 0.127146 6
4.13587 3.6006 4.42 0.59 2014 11 10 17 13 36.32 0.0983609 0.524757 0.127146 6
3.59826 3.29159 4.59 0.59 2015 1 2 16 31 26.46 0.0983609 0.524757 0.127146 6
3.85335 3.38755 4.63 0.59 2015 12 21 5 32 8.05 0.0983609 0.524757 0.127146 6
2.62446 3.16805 4.03 0.58 2014 11 24 8 39 13.99 0.0983609 0.524757 0.127146 6
3.52 3.23911 4.64 0.57 2015 1 14 7 5 17.01 0.0983609 0.524757 0.127146 6
4.27067 3.62918 4.74 0.57 2015 3 15 1 47 12.51 0.0983609 0.524757 0.127146 6
4.05769 3.44771 4.86 0.56 2014 12 17 22 20 58 0.0983609 0.524757 0.127146 6
3.32002 3.35953 3.99 0.56 2014 12 31 4 12 6.33 0.0983609 0.524757 0.127146 6
1.91288 3.05586 4.17 0.55 2014 4 3 9 17 25.25 0.0983609 0.524757 0.127146 6
3.749 3.36265 4.54 0.55 2014 11 11 9 10 4.64 0.0983609 0.524757 0.127146 6
4.00187 3.54 4.44 0.55 2014 12 12 10 45 37.16 0.0983609 0.524757 0.127146 6
4.4004 3.72325 4.61 0.55 2015 3 3 7 40 39.15 0.0983609 0.524757 0.127146 6
4.03303 3.40379 4.88 0.55 2015 3 16 0 47 27.89 0.0983609 0.524757 0.127146 6
3.99751 3.41513 4.84 0.55 2015 3 16 0 47 36.68 0.0983609 0.524757 0.127146 6
2.95052 3.18307 4.31 0.55 2015 7 20 21 21 44 0.0983609 0.524757 0.127146 6
4.86126 4.03638 5.04 0.54 2015 5 1 4 31 0.08 0.0983609 0.524757 0.127146 6
3.73378 3.34319 4.61 0.53 2014 11 10 16 6 47.96 0.0983609 0.524757 0.127146 6
3.37291 3.37121 4 0.53 2015 1 6 13 30 46.73 0.0983609 0.524757 0.127146 6
3.69754 3.3513 4.52 0.51 2014 11 10 5 44 23.57 0.0983609 0.524757 0.127146 6
3.75986 3.45583 4.33 0.51 2014 11 10 9 18 6.73 0.0983609 0.524757 0.127146 6
3.92654 3.47807 4.44 0.51 2014 11 10 22 7 0.76 0.0983609 0.524757 0.127146 6
2.72588 3.16761 4.29 0.51 2014 11 27 22 44 39.2 0.0983609 0.524757 0.127146 6
3.9439 3.51243 4.38 0.51 2014 12 29 16 22 1.61 0.0983609 0.524757 0.127146 6
4.39897 3.75994 4.35 0.51 2015 3 7 0 49 34.4 0.0983609 0.524757 0.127146 6
4.37574 3.68567 4.76 0.51 2015 5 2 12 37 57.76 0.0983609 0.524757 0.127146 6
3.83884 3.37532 4.68 0.49 2014 11 10 23 29 2.7 0.0983609 0.524757 0.127146 6
4.01059 3.4834 4.57 0.49 2014 11 17 6 27 6.66 0.0983609 0.524757 0.127146 6
4.40761 3.75494 4.43 0.49 2015 3 1 6 3 34.05 0.0983609 0.524757 0.127146 6
3.39107 3.37799 4.24 0.49 2015 11 29 4 58 39.15 0.0983609 0.524757 0.127146 6
3.35261 3.38077 4.19 0.49 2015 12 1 17 3 48.44 0.0983609 0.524757 0.127146 6
3.79753 3.44682 4.38 0.48 2014 11 10 6 52 31.88 0.0983609 0.524757 0.127146 6
4.30255 3.69334 4.42 0.48 2014 11 15 12 58 15.37 0.0983609 0.524757 0.127146 6
4.02431 3.48841 4.62 0.48 2014 11 17 16 43 21.69 0.0983609 0.524757 0.127146 6
2.67735 3.10968 4.12 0.48 2014 11 27 12 21 53.3 0.0983609 0.524757 0.127146 6
2.73095 3.08077 4.11 0.48 2014 11 28 2 46 6.79 0.0983609 0.524757 0.127146 6
4.06562 3.56713 4.36 0.48 2014 12 12 8 54 12.31 0.0983609 0.524757 0.127146 6
4.55906 3.75672 4.82 0.48 2015 6 3 18 51 31.6 0.0983609 0.524757 0.127146 6
3.80625 3.36042 4.74 0.47 2014 11 10 23 23 37.24 0.0983609 0.524757 0.127146 6
3.6548 3.34953 4.5 0.47 2015 1 25 1 44 20.62 0.0983609 0.524757 0.127146 6
3.74321 3.31783 4.79 0.46 2014 11 16 14 39 13.42 0.0983609 0.524757 0.127146 6
3.42802 3.4029 4.15 0.46 2014 11 21 16 10 30.47 0.0983609 0.524757 0.127146 6
2.85053 3.01105 4.3 0.46 2015 1 1 1 25 48.78 0.0983609 0.524757 0.127146 6
3.27942 3.41835 4.3 0.46 2015 1 17 6 17 24.2 0.0983609 0.524757 0.127146 6
4.49816 3.75038 4.64 0.46 2015 4 7 18 51 0.48 0.0983609 0.524757 0.127146 6
3.7084 3.30115 4.71 0.45 2014 11 18 0 14 10.01 0.0983609 0.524757 0.127146 6
4.29676 3.70557 4.38 0.45 2015 1 20 7 0 53.06 0.0983609 0.524757 0.127146 6
4.30112 3.66899 4.69 0.45 2015 3 14 12 44 46.49 0.0983609 0.524757 0.127146 6
4.04532 3.56357 4.28 0.44 2014 11 10 13 48 35.5 0.0983609 0.524757 0.127146 6
3.56202 3.41246 4.32 0.44 2015 2 7 2 5 10.87 0.0983609 0.524757 0.127146 6
3.55259 3.40968 4.3 0.43 2014 11 5 17 34 54.52 0.0983609 0.524757 0.127146 6
3.77865 3.35853 4.57 0.43 2014 11 10 20 0 11.08 0.0983609 0.524757 0.127146 6
4.24895 3.68022 4.36 0.43 2014 11 15 8 54 21.72 0.0983609 0.524757 0.127146 6
3.41787 3.37032 4.34 0.43 2014 11 22 16 25 31.93 0.0983609 0.524757 0.127146 6
3.36712 3.38433 4.05 0.43 2014 11 29 5 30 30.76 0.0983609 0.524757 0.127146 6
4.44821 3.71736 4.85 0.43 2015 5 4 7 17 4.8 0.0983609 0.524757 0.127146 6
4.14825 3.56213 4.62 0.42 2014 11 29 20 34 41.44 0.0983609 0.524757 0.127146 6
4.12073 3.56802 4.53 0.42 2015 1 7 6 29 43.43 0.0983609 0.524757 0.127146 6
4.40984 3.73003 4.49 0.42 2015 3 25 14 1 14.4 0.0983609 0.524757 0.127146 6
2.53818 3.36809 4.1 0.42 2015 11 8 4 13 10.04 0.0983609 0.524757 0.127146 6
3.29758 3.36353 4.09 0.41 2014 12 12 15 1 58.14 0.0983609 0.524757 0.127146 6
3.25333 3.06175 4.46 0.41 2015 8 21 22 21 29.16 0.0983609 0.524757 0.127146 6
3.2715 3.35408 4.05 0.4 2014 12 12 15 6 38.76 0.0983609 0.524757 0.127146 6
4.04096 3.4337 4.91 0.4 2015 1 18 16 58 2.39 0.0983609 0.524757 0.127146 6
4.18083 3.56947 4.82 0.4 2015 1 30 13 25 14.75 0.0983609 0.524757 0.127146 6
4.05404 3.41735 4.91 0.4 2015 5 30 1 35 16.09 0.0983609 0.524757 0.127146 6
3.88372 3.42236 4.64 0.39 2014 11 11 9 48 8.47 0.0983609 0.524757 0.127146 6
3.74099 3.47217 4.35 0.39 2014 11 14 16 28 24.38 0.0983609 0.524757 0.127146 6
3.74535 3.32328 4.67 0.39 2014 11 17 22 1 4 0.0983609 0.524757 0.127146 6
3.27434 3.32328 4.33 0.39 2014 11 24 15 2 51.05 0.0983609 0.524757 0.127146 6
3.15192 3.33685 3.97 0.39 2015 1 1 21 36 3.52 0.0983609 0.524757 0.127146 6
4.18956 3.50965 4.88 0.39 2015 1 11 2 47 54.82 0.0983609 0.524757 0.127146 6
3.96127 3.52054 4.42 0.37 2014 11 10 20 41 21.76 0.0983609 0.524757 0.127146 6
3.6207 3.29437 4.63 0.37 2014 11 21 17 29 30.16 0.0983609 0.524757 0.127146 6
3.55045 3.39611 4.36 0.37 2014 11 22 16 16 23.63 0.0983609 0.524757 0.127146 6
4.40547 3.77396 4.84 0.37 2014 12 17 3 10 51.32 0.0983609 0.524757 0.127146 6
3.27871 3.35175 4.22 0.36 2014 11 22 11 39 46.64 0.0983609 0.524757 0.127146 6
3.63744 3.31694 4.76 0.36 2015 1 5 10 54 51.94 0.0983609 0.524757 0.127146 6
4.4605 3.72147 4.98 0.36 2015 4 29 9 6 19.71 0.0983609 0.524757 0.127146 6
3.42072 3.37032 4.35 0.36 2015 11 29 14 1 3.32 0.0983609 0.524757 0.127146 6
3.66344 3.34686 4.52 0.35 2014 11 10 5 39 32.05 0.0983609 0.524757 0.127146 6
3.65623 3.34052 4.5 0.35 2014 11 27 15 31 24.98 0.0983609 0.524757 0.127146 6
4.09028 3.56535 4.43 0.35 2014 12 12 7 58 2.78 0.0983609 0.524757 0.127146 6
4.08378 3.56313 4.4 0.34 2014 11 15 12 26 58.03 0.0983609 0.524757 0.127146 6
3.39971 3.39567 4.04 0.34 2014 12 5 14 34 12.2 0.0983609 0.524757 0.127146 6
4.27797 3.6463 4.61 0.34 2015 4 14 2 24 28.93 0.0983609 0.524757 0.127146 6
3.31566 3.03829 4.39 0.34 2015 9 23 11 11 29.44 0.0983609 0.524757 0.127146 6
3.63156 3.29482 4.61 0.33 2014 11 22 2 35 2.82 0.0983609 0.524757 0.127146 6
3.49026 3.38388 4.37 0.33 2014 11 22 15 59 55.24 0.0983609 0.524757 0.127146 6
3.7888 3.36176 4.65 0.32 2014 12 29 15 58 36.27 0.0983609 0.524757 0.127146 6
2.89398 2.99748 4.29 0.32 2015 1 1 2 1 48.3 0.0983609 0.524757 0.127146 6
3.3584 3.32918 4.45 0.32 2015 1 3 11 6 15.82 0.0983609 0.524757 0.127146 6
3.94462 3.49886 4.4 0.31 2014 11 10 22 20 55.28 0.0983609 0.524757 0.127146 6
3.92218 3.41513 4.84 0.31 2014 12 7 7 31 3.77 0.0983609 0.524757 0.127146 6
4.1381 3.51876 4.83 0.31 2015 2 19 11 55 31.23 0.0983609 0.524757 0.127146 6
4.18733 3.49519 4.89 0.31 2015 5 30 1 6 30.24 0.0983609 0.524757 0.127146 6
3.94533 3.54178 4.19 0.3 2014 11 22 3 32 26 0.0983609 0.524757 0.127146 6
4.56779 3.77796 4.63 0.3 2015 4 15 18 28 52.7 0.0983609 0.524757 0.127146 6
3.7425 3.3165 4.76 0.29 2014 11 15 11 11 59.37 0.0983609 0.524757 0.127146 6
3.39757 3.35041 4.42 0.29 2014 12 22 6 59 15.51 0.0983609 0.524757 0.127146 6
2.8889 2.9957 4.32 0.29 2015 1 1 1 34 49.27 0.0983609 0.524757 0.127146 6
4.441 3.69923 4.96 0.29 2015 4 30 8 39 31.82 0.0983609 0.524757 0.127146 6
3.51929 3.37988 4.42 0.28 2014 2 13 6 19 7.93 0.0983609 0.524757 0.127146 6
3.628 3.30427 4.57 0.28 2014 11 15 23 3 50.2 0.0983609 0.524757 0.127146 6
2.69258 3.09656 4.16 0.28 2014 11 27 11 50 30.9 0.0983609 0.524757 0.127146 6
3.86422 3.545 4.19 0.27 2014 12 13 6 22 34.5 0.0983609 0.524757 0.127146 6
2.82658 3.01694 4.27 0.27 2015 1 1 16 54 23.45 0.0983609 0.524757 0.127146 6
4.17505 3.57214 4.71 0.27 2015 1 12 7 33 56.82 0.0983609 0.524757 0.127146 6
3.84249 3.48707 4.35 0.26 2014 11 10 7 43 1.28 0.0983609 0.524757 0.127146 6
3.0838 3.30115 4.15 0.26 2015 11 29 14 15 3.83 0.0983609 0.524757 0.127146 6
4.18804 3.69701 4.3 0.25 2014 11 15 12 55 57.89 0.0983609 0.524757 0.127146 6
3.3316 3.36676 4.02 0.25 2014 12 6 17 42 22.72 0.0983609 0.524757 0.127146 6
3.90909 3.40657 4.84 0.25 2014 12 29 12 51 43.47 0.0983609 0.524757 0.127146 6
3.81712 3.37354 4.79 0.25 2015 1 11 1 55 14.46 0.0983609 0.524757 0.127146 6
4.23666 3.60783 4.78 0.25 2015 3 31 6 46 47.99 0.0983609 0.524757 0.127146 6
3.45411 3.38889 4.3 0.25 2015 11 29 17 59 2.02 0.0983609 0.524757 0.127146 6
3.39027 3.35086 4.42 0.24 2014 2 10 14 55 4.99 0.0983609 0.524757 0.127146 6
3.628 3.39067 4.41 0.24 2014 11 8 0 29 39.35 0.0983609 0.524757 0.127146 6
3.88015 3.48974 4.37 0.24 2014 11 10 11 49 38.83 0.0983609 0.524757 0.127146 6
3.61055 3.29837 4.57 0.24 2014 11 14 11 47 0.59 0.0983609 0.524757 0.127146 6
3.90045 3.39567 4.82 0.24 2014 12 4 2 35 16.82 0.0983609 0.524757 0.127146 6
3.97578 3.42414 4.84 0.24 2014 12 26 7 15 41.91 0.0983609 0.524757 0.127146 6
4.40325 3.73092 4.62 0.24 2015 3 3 4 42 47.68 0.0983609 0.524757 0.127146 6
4.52861 3.78029 4.45 0.24 2015 7 26 23 44 1.92 0.0983609 0.524757 0.127146 6
3.6345 3.44726 4.41 0.24 2015 8 18 5 53 18.64 0.0983609 0.524757 0.127146 6
3.40843 3.36943 4.37 0.23 2014 2 10 16 19 10.7 0.0983609 0.524757 0.127146 6
3.4729 3.37076 4.39 0.23 2014 2 17 7 14 6.02 0.0983609 0.524757 0.127146 6
3.67581 3.29971 4.65 0.23 2014 11 19 16 5 6.46 0.0983609 0.524757 0.127146 6
3.25769 3.3473 4.25 0.23 2014 11 22 11 10 51.35 0.0983609 0.524757 0.127146 6
3.6881 3.35809 4.56 0.23 2014 11 30 14 30 55.05 0.0983609 0.524757 0.127146 6
4.20042 3.53322 4.94 0.23 2014 12 28 1 20 40.7 0.0983609 0.524757 0.127146 6
3.78809 3.46128 4.35 0.22 2014 11 10 6 33 26.23 0.0983609 0.524757 0.127146 6
4.37716 3.74582 4.36 0.22 2015 3 1 20 30 49.92 0.0983609 0.524757 0.127146 6
3.81783 3.37165 4.58 0.21 2014 11 15 3 27 26.87 0.0983609 0.524757 0.127146 6
4.15332 3.56491 4.66 0.21 2014 12 4 7 12 56.56 0.0983609 0.524757 0.127146 6
4.16053 3.48251 4.96 0.21 2015 1 6 21 19 42.96 0.0983609 0.524757 0.127146 6
3.94756 3.41246 4.88 0.21 2015 2 4 14 35 10.94 0.0983609 0.524757 0.127146 6
3.71419 3.38666 4.44 0.2 2014 11 10 10 10 57.6 0.0983609 0.524757 0.127146 6
3.37077 3.36631 4.31 0.2 2014 12 21 8 16 23.48 0.0983609 0.524757 0.127146 6
3.72505 3.4228 4.35 0.19 2014 11 10 11 45 39.06 0.0983609 0.524757 0.127146 6
4.21413 3.59026 4.79 0.19 2015 3 18 3 37 30.91 0.0983609 0.524757 0.127146 6
3.92432 3.45405 4.6 0.18 2014 11 13 4 1 36.08 0.0983609 0.524757 0.127146 6
3.65338 3.4079 4.37 0.18 2014 11 25 23 48 15.24 0.0983609 0.524757 0.127146 6
3.82362 3.38388 4.81 0.18 2014 12 5 14 6 3.27 0.0983609 0.524757 0.127146 6
4.46415 3.72281 4.74 0.18 2015 3 14 22 56 35.26 0.0983609 0.524757 0.127146 6
3.55695 3.41835 4.34 0.17 2014 2 14 4 17 30.8 0.0983609 0.524757 0.127146 6
3.81783 3.393 4.56 0.17 2014 11 10 1 26 11.27 0.0983609 0.524757 0.127146 6
3.99243 3.42236 4.89 0.17 2014 12 20 18 18 54.4 0.0983609 0.524757 0.127146 6
2.92372 3.24089 3.9 0.16 2014 7 29 8 3 2.46 0.0983609 0.524757 0.127146 6
3.15263 3.30883 4.18 0.16 2015 11 30 4 8 31.83 0.0983609 0.524757 0.127146 6
3.47005 3.39345 4.32 0.15 2014 11 9 20 0 50.2 0.0983609 0.524757 0.127146 6
4.02653 3.42692 4.89 0.15 2014 12 22 23 19 48.96 0.0983609 0.524757 0.127146 6
4.25188 3.6463 4.51 0.15 2015 1 1 15 30 26.8 0.0983609 0.524757 0.127146 6
4.15688 3.48796 4.9 0.15 2015 1 11 2 21 38.32 0.0983609 0.524757 0.127146 6
3.38956 3.35953 4.42 0.14 2014 2 14 11 29 11.93 0.0983609 0.524757 0.127146 6
4.25696 3.67488 4.43 0.14 2014 12 25 2 45 44.52 0.0983609 0.524757 0.127146 6
3.75337 3.48752 4.21 0.13 2014 11 24 11 41 3.97 0.0983609 0.524757 0.127146 6
3.43381 3.36398 4.42 0.12 2014 2 17 7 32 22.81 0.0983609 0.524757 0.127146 6
3.80981 3.37265 4.69 0.12 2014 11 17 22 2 13.36 0.0983609 0.524757 0.127146 6
3.55695 3.41924 4.28 0.12 2015 2 21 11 22 16.81 0.0983609 0.524757 0.127146 6
4.56271 3.77796 4.53 0.12 2015 6 30 6 11 44.79 0.0983609 0.524757 0.127146 6
3.45411 3.39478 4.33 0.11 2014 2 14 7 58 10.63 0.0983609 0.524757 0.127146 6
3.80118 3.37032 4.56 0.11 2014 12 6 9 3 30.61 0.0983609 0.524757 0.127146 6
2.85053 3.01016 4.32 0.11 2015 1 1 12 55 42.74 0.0983609 0.524757 0.127146 6
3.45625 3.39022 4.32 0.1 2014 2 12 5 45 6.75 0.0983609 0.524757 0.127146 6
3.70911 3.31194 4.74 0.1 2014 11 16 14 44 36.34 0.0983609 0.524757 0.127146 6
3.21861 3.35542 4.18 0.1 2014 12 4 3 40 8.47 0.0983609 0.524757 0.127146 6
4.01131 3.42414 4.88 0.1 2014 12 20 7 40 37.38 0.0983609 0.524757 0.127146 6
2.74618 3.07398 4.13 0.1 2014 12 28 9 22 58.9 0.0983609 0.524757 0.127146 6
2.77805 3.03095 4.38 0.1 2015 1 6 0 18 40.58 0.0983609 0.524757 0.127146 6
3.19394 3.32373 4.17 0.09 2015 11 29 18 31 22.4 0.0983609 0.524757 0.127146 6
3.58597 3.39434 4.37 0.08 2014 11 8 3 9 43.13 0.0983609 0.524757 0.127146 6
3.59897 3.29437 4.57 0.08 2014 11 13 2 26 28.27 0.0983609 0.524757 0.127146 6
4.04603 3.43548 4.88 0.08 2014 12 16 17 48 26.36 0.0983609 0.524757 0.127146 6
3.54172 3.41057 4.32 0.07 2014 2 17 6 6 25.04 0.0983609 0.524757 0.127146 6
3.32875 3.36587 4.14 0.07 2014 12 1 8 23 53.86 0.0983609 0.524757 0.127146 6
3.92503 3.42102 4.66 0.07 2014 12 2 10 26 48.51 0.0983609 0.524757 0.127146 6
4.19312 3.57803 4.67 0.07 2014 12 26 10 39 15.51 0.0983609 0.524757 0.127146 6
3.99101 3.51509 4.4 0.07 2014 12 30 5 58 19.9 0.0983609 0.524757 0.127146 6
3.09832 3.05186 4.46 0.07 2015 1 6 10 4 59.61 0.0983609 0.524757 0.127146 6
3.45696 3.36987 4.4 0.06 2015 11 29 14 0 10.19 0.0983609 0.524757 0.127146 6
3.66495 3.31694 4.55 0.05 2014 11 10 11 7 38.8 0.0983609 0.524757 0.127146 6
3.92067 3.43414 4.66 0.05 2014 11 15 4 56 16.33 0.0983609 0.524757 0.127146 6
2.65269 3.098 4.17 0.05 2014 11 29 3 47 37.08 0.0983609 0.524757 0.127146 6
3.67946 3.32551 4.57 0.05 2014 12 2 11 30 55.29 0.0983609 0.524757 0.127146 6
3.16278 3.12469 4.28 0.05 2014 12 30 5 32 5.99 0.0983609 0.524757 0.127146 6
3.53736 3.41146 4.35 0.04 2014 2 13 23 7 25.42 0.0983609 0.524757 0.127146 6
4.27432 3.69612 4.36 0.04 2014 11 15 12 56 47.76 0.0983609 0.524757 0.127146 6
3.90553 3.51832 4.26 0.04 2014 11 22 2 27 12.62 0.0983609 0.524757 0.127146 6
3.71998 3.3165 4.67 0.03 2014 11 11 23 55 36.66 0.0983609 0.524757 0.127146 6
3.64029 3.29882 4.63 0.03 2014 11 12 2 16 18.34 0.0983609 0.524757 0.127146 6
3.81347 3.40245 4.74 0.03 2014 11 24 8 0 25.35 0.0983609 0.524757 0.127146 6
4.06419 3.44271 4.91 0.03 2014 12 29 1 1 17.22 0.0983609 0.524757 0.127146 6
4.48587 3.73682 4.68 0.03 2015 3 20 10 30 15.88 0.0983609 0.524757 0.127146 6
3.3389 3.37899 4.16 0.03 2015 11 29 5 47 18.63 0.0983609 0.524757 0.127146 6
2.76354 3.06809 4.13 0.02 2014 12 28 9 20 12.92 0.0983609 0.524757 0.127146 6
3.41351 3.38666 4.03 0.02 2015 1 6 17 44 46.28 0.0983609 0.524757 0.127146 6
3.45838 3.39256 4.33 0.01 2014 2 14 13 21 26.86 0.0983609 0.524757 0.127146 6
3.84463 3.40201 4.54 0.01 2014 11 10 7 13 46.79 0.0983609 0.524757 0.127146 6
3.97507 3.41969 4.86 0.01 2014 12 17 8 13 9.82 0.0983609 0.524757 0.127146 6
2.76861 3.06542 4.13 0.01 2014 12 28 9 27 39.97 0.0983609 0.524757 0.127146 6
2.81135 3.03195 4.3 0.01 2015 1 1 19 24 6.44 0.0983609 0.524757 0.127146 6
4.28153 3.62462 4.78 0.01 2015 3 14 9 56 25.06 0.0983609 0.524757 0.127146 6
3.71998 3.43548 4.35 0 2014 11 10 9 4 24.89 0.0983609 0.524757 0.127146 6
4.00258 3.48207 4.57 0 2014 12 2 2 41 0.48 0.0983609 0.524757 0.127146 6
3.98157 3.42013 4.83 -0.01 2014 12 17 7 46 8.34 0.0983609 0.524757 0.127146 6
3.65845 3.39156 4.39 -0.02 2014 11 8 0 26 4.09 0.0983609 0.524757 0.127146 6
3.55989 3.42058 4.29 -0.02 2014 11 24 0 48 34.51 0.0983609 0.524757 0.127146 6
3.5541 3.41835 4.34 -0.03 2014 2 13 23 33 11.68 0.0983609 0.524757 0.127146 6
4.004 3.53055 4.34 -0.03 2014 12 12 10 45 19.26 0.0983609 0.524757 0.127146 6
4.00766 3.48251 4.69 -0.03 2014 12 26 7 14 46.19 0.0983609 0.524757 0.127146 6
4.16053 3.4993 4.88 -0.03 2015 1 1 8 17 46.64 0.0983609 0.524757 0.127146 6
4.03517 3.44271 4.82 -0.03 2015 1 17 8 9 48.74 0.0983609 0.524757 0.127146 6
4.64311 3.80376 4.44 -0.03 2015 8 23 6 54 49.7 0.0983609 0.524757 0.127146 6
3.46569 3.38933 4.27 -0.04 2014 9 12 14 18 28.82 0.0983609 0.524757 0.127146 6
3.65338 3.28125 4.73 -0.04 2014 11 14 13 47 31.15 0.0983609 0.524757 0.127146 6
3.65916 3.29204 4.73 -0.04 2014 11 18 0 2 25.82 0.0983609 0.524757 0.127146 6
2.90626 2.9649 4.31 -0.04 2015 1 6 8 13 38.25 0.0983609 0.524757 0.127146 6
3.14177 3.31694 4.04 -0.04 2015 11 29 17 0 37.8 0.0983609 0.524757 0.127146 6
4.09892 3.44638 4.91 -0.05 2015 5 31 1 28 0.71 0.0983609 0.524757 0.127146 6
3.3121 3.36809 4.12 -0.05 2015 11 29 0 13 41.36 0.0983609 0.524757 0.127146 6
4.29391 3.63274 4.78 -0.06 2015 3 14 9 52 15.18 0.0983609 0.524757 0.127146 6
4.02724 3.51109 4.53 -0.07 2014 11 12 19 24 29.8 0.0983609 0.524757 0.127146 6
4.25838 3.61917 4.77 -0.07 2015 3 17 2 40 22.72 0.0983609 0.524757 0.127146 6
3.9439 3.44726 4.65 -0.08 2014 11 14 9 24 53.92 0.0983609 0.524757 0.127146 6
3.24612 3.1894 4.43 -0.08 2014 11 25 17 16 21.88 0.0983609 0.524757 0.127146 6
3.30337 3.34007 4.05 -0.08 2014 11 27 14 23 13.15 0.0983609 0.524757 0.127146 6
3.62649 3.31428 4.75 -0.08 2015 3 31 10 56 0.71 0.0983609 0.524757 0.127146 6
3.41351 3.36943 4.41 -0.09 2014 2 10 14 40 6.91 0.0983609 0.524757 0.127146 6
3.55045 3.38121 4.41 -0.09 2014 2 14 4 54 11.79 0.0983609 0.524757 0.127146 6
3.93082 3.41013 4.87 -0.09 2014 12 29 13 1 26.67 0.0983609 0.524757 0.127146 6
3.48447 3.39156 4.33 -0.1 2014 11 22 3 22 58.86 0.0983609 0.524757 0.127146 6
2.69979 3.11068 4.12 -0.1 2014 11 28 4 17 42.71 0.0983609 0.524757 0.127146 6
3.26713 3.36531 4.23 -0.1 2014 12 3 21 47 6.8 0.0983609 0.524757 0.127146 6
3.8627 3.40156 4.86 -0.1 2014 12 29 12 41 17.79 0.0983609 0.524757 0.127146 6
3.41351 3.37032 4.36 -0.1 2015 1 1 21 54 46.16 0.0983609 0.524757 0.127146 6
4.18448 3.47618 4.96 -0.1 2015 5 30 0 58 18.31 0.0983609 0.524757 0.127146 6
2.82951 2.99937 4.39 -0.11 2015 1 8 6 40 39.49 0.0983609 0.524757 0.127146 6
3.36276 3.3572 4.39 -0.12 2014 2 10 19 35 35.48 0.0983609 0.524757 0.127146 6
2.96209 2.95412 4.34 -0.13 2015 1 6 9 48 0.52 0.0983609 0.524757 0.127146 6
4.50324 3.74493 4.68 -0.13 2015 4 12 12 40 47.75 0.0983609 0.524757 0.127146 6
3.26927 3.34452 4.24 -0.14 2014 2 28 5 37 57.21 0.0983609 0.524757 0.127146 6
3.60841 3.29204 4.63 -0.14 2014 11 12 2 6 42.52 0.0983609 0.524757 0.127146 6
3.59461 3.29026 4.61 -0.14 2014 11 15 5 2 39.68 0.0983609 0.524757 0.127146 6
3.56639 3.27758 4.61 -0.14 2014 11 16 20 24 26.92 0.0983609 0.524757 0.127146 6
3.89173 3.41202 4.69 -0.15 2014 11 20 22 57 16.46 0.0983609 0.524757 0.127146 6
2.73237 3.07621 4.15 -0.15 2014 12 28 10 50 24.03 0.0983609 0.524757 0.127146 6
3.92432 3.41835 4.85 -0.15 2015 1 19 1 38 40.99 0.0983609 0.524757 0.127146 6
3.52579 3.39345 4.36 -0.17 2014 12 21 6 29 46.56 0.0983609 0.524757 0.127146 6
3.89894 3.41924 4.69 -0.17 2015 1 11 3 45 40.98 0.0983609 0.524757 0.127146 6
3.22876 3.33184 4.21 -0.17 2015 11 28 16 12 34.26 0.0983609 0.524757 0.127146 6
3.17293 3.30838 4.16 -0.17 2015 11 29 18 34 21 0.0983609 0.524757 0.127146 6
4.00258 3.48207 4.59 -0.18 2014 12 29 16 33 5.77 0.0983609 0.524757 0.127146 6
3.62729 3.43548 4.4 -0.18 2015 7 25 14 39 5.76 0.0983609 0.524757 0.127146 6
4.05618 3.49163 4.83 -0.19 2015 3 16 0 52 0.07 0.0983609 0.524757 0.127146 6
3.17436 3.32551 4.03 -0.19 2015 11 29 16 38 16.29 0.0983609 0.524757 0.127146 6
3.43158 3.38844 4.38 -0.21 2014 2 10 18 50 17.44 0.0983609 0.524757 0.127146 6
3.79682 3.36765 4.74 -0.22 2015 3 27 6 40 7.65 0.0983609 0.524757 0.127146 6
3.56567 3.27035 4.62 -0.24 2015 1 2 13 26 8.26 0.0983609 0.524757 0.127146 6
3.40336 3.35275 4.44 -0.25 2014 2 11 7 22 2.24 0.0983609 0.524757 0.127146 6
3.37362 3.3622 4.05 -0.26 2015 11 29 23 22 1.68 0.0983609 0.524757 0.127146 6
3.23811 3.34274 4.22 -0.27 2014 2 28 14 19 6.5 0.0983609 0.524757 0.127146 6
3.95984 3.4337 4.71 -0.27 2014 12 4 2 0 56.08 0.0983609 0.524757 0.127146 6
3.57654 3.28659 4.59 -0.29 2014 11 14 11 41 28.72 0.0983609 0.524757 0.127146 6
3.44752 3.39211 4.39 -0.34 2014 2 10 18 50 29.06 0.0983609 0.524757 0.127146 6
3.25119 3.34141 4.25 -0.36 2014 2 28 3 28 16.28 0.0983609 0.524757 0.127146 6
3.48447 3.40379 4.39 -0.37 2014 2 10 20 2 51.24 0.0983609 0.524757 0.127146 6
3.4323 3.35041 4.46 -0.38 2015 11 29 14 3 47.24 0.0983609 0.524757 0.127146 6
3.45117 3.39834 4.38 -0.42 2014 2 10 19 26 36.72 0.0983609 0.524757 0.127146 6
3.40772 3.37532 4.38 -0.43 2014 2 10 18 47 17.64 0.0983609 0.524757 0.127146 6
12.8049 6.10994 7.33 1.62 2015 10 3 4 44 11.12 0.0560325 0.737236 0.598565 7
12.7636 6.08503 7.32 1.04 2015 10 4 3 6 26.61 0.0560325 0.737236 0.598565 7
12.7462 6.08003 7.32 1 2015 10 4 2 14 38.16 0.0560325 0.737236 0.598565 7
12.7005 6.05479 7.44 0.97 2015 10 4 21 45 56.66 0.0560325 0.737236 0.598565 7
12.7223 6.06012 7.29 0.85 2015 10 13 17 52 21.72 0.0560325 0.737236 0.598565 7
12.7867 6.09326 7.32 0.76 2015 10 3 10 10 45.49 0.0560325 0.737236 0.598565 7
12.7484 6.07513 7.3 0.71 2015 10 4 8 22 36.91 0.0560325 0.737236 0.598565 7
12.7513 6.07914 7.31 0.61 2015 10 4 3 5 26.71 0.0560325 0.737236 0.598565 7
12.8012 6.10994 7.44 0.39 2015 10 14 9 27 53.64 0.0560325 0.737236 0.598565 7
12.8418 6.04611 7.26 0.36 2015 10 1 5 49 58.68 0.0560325 0.737236 0.598565 7
12.7505 6.0778 7.36 0.09 2015 10 6 3 21 0.99 0.0560325 0.737236 0.598565 7
9.33627 5.42398 6.41 1.39 2015 6 7 22 34 44.84 0.749585 0.993913 0.409934 8
9.45148 5.44077 6.43 1.33 2015 6 8 3 59 56.75 0.749585 0.993913 0.409934 8
9.74201 5.49103 6.55 1.25 2015 7 16 3 39 37.33 0.749585 0.993913 0.409934 8
9.39138 5.43398 6.42 1.22 2015 6 7 23 38 3.48 0.749585 0.993913 0.409934 8
9.32469 5.42086 6.4 0.96 2015 6 7 21 0 18.32 0.749585 0.993913 0.409934 8
9.40946 5.46112 6.41 0.9 2015 6 7 23 40 8.3 0.749585 0.993913 0.409934 8
9.47971 5.44888 6.4 0.9 2015 6 8 1 48 32.69 0.749585 0.993913 0.409934 8
9.67105 5.50459 6.57 0.71 2015 7 15 23 12 14.36 0.749585 0.993913 0.409934 8
9.20512 5.37105 6.41 0.64 2015 6 7 21 9 22.1 0.749585 0.993913 0.409934 8
9.77825 5.50682 6.53 0.56 2015 7 17 13 32 26.06 0.749585 0.993913 0.409934 8
9.78119 5.51682 6.48 0.49 2014 9 5 13 9 24.08 0.749585 0.993913 0.409934 8
8.70953 4.93316 6.04 1.01 2014 11 23 20 8 12.24 0.892529 0.0425915 0.973591 9
8.71746 4.92227 5.96 1.01 2014 11 24 4 42 19.33 0.892529 0.0425915 0.973591 9
8.56966 4.75303 5.9 0.9 2016 7 12 1 42 7.13 0.892529 0.0425915 0.973591 9
8.97611 5.00911 5.87 0.81 2014 11 25 9 6 22.9 0.892529 0.0425915 0.973591 9
8.64578 4.97786 6.03 0.74 2014 11 22 15 57 41.33 0.892529 0.0425915 0.973591 9
8.56894 4.57979 5.71 0.74 2016 7 18 2 37 4.76 0.892529 0.0425915 0.973591 9
8.63483 4.93361 5.65 0.7 2014 11 22 16 8 53.44 0.892529 0.0425915 0.973591 9
8.58996 4.94172 5.95 0.61 2014 12 9 1 48 5.96 0.892529 0.0425915 0.973591 9
8.74862 4.90637 6.12 0.6 2014 11 25 4 36 8.89 0.892529 0.0425915 0.973591 9
8.87327 4.88702 6.06 0.45 2014 11 25 4 57 9.34 0.892529 0.0425915 0.973591 9
8.86384 4.9087 5.95 0.41 2014 11 24 4 32 36.06 0.892529 0.0425915 0.973591 9
8.75298 4.89869 6.17 0.41 2014 11 27 22 32 47.24 0.892529 0.0425915 0.973591 9
8.69716 4.94217 6.11 0.38 2014 11 25 3 52 0.6 0.892529 0.0425915 0.973591 9
8.86677 4.91548 6.07 0.35 2014 11 25 4 12 7.99 0.892529 0.0425915 0.973591 9
8.80222 4.82497 5.77 0.34 2014 11 19 3 30 25.24 0.892529 0.0425915 0.973591 9
8.71746 4.91637 6.15 0.24 2014 11 25 10 25 55.54 0.892529 0.0425915 0.973591 9
8.92251 4.85977 5.94 0.21 2014 11 24 9 23 53.34 0.892529 0.0425915 0.973591 9
8.92037 4.97564 5.81 0.2 2014 11 25 3 49 53.05 0.892529 0.0425915 0.973591 9
8.8682 4.90737 5.99 0.17 2014 11 19 2 42 27.06 0.892529 0.0425915 0.973591 9
8.84861 4.92227 6.14 0.13 2014 11 25 10 20 42.15 0.892529 0.0425915 0.973591 9
11.6035 2.19121 5.75 3.56 2015 10 24 22 8 9 0.271218 0.731284 0.81227 10
10.1311 3.04007 5.62 3.11 2015 9 18 23 51 56.06 0.271218 0.731284 0.81227 10
9.91376 3.11023 5.48 3.03 2015 9 17 15 3 29.54 0.271218 0.731284 0.81227 10
8.66021 3.72959 5.59 2.78 2015 8 18 1 3 30.7 0.271218 0.731284 0.81227 10
11.7028 1.98405 5.75 2.64 2015 10 29 9 6 49.32 0.271218 0.731284 0.81227 10
11.7564 2.00484 5.76 2.37 2015 10 29 11 32 47.07 0.271218 0.731284 0.81227 10
10.1413 2.66134 5.5 2.33 2015 8 19 17 14 37.72 0.271218 0.731284 0.81227 10
11.4057 2.14962 5.82 2.27 2015 10 25 17 28 18.72 0.271218 0.731284 0.81227 10
13.1324 1.76778 5.7 2.25 2016 1 24 8 52 58.69 0.271218 0.731284 0.81227 10
9.81012 2.85904 5.51 2.24 2015 8 4 23 1 49.36 0.271218 0.731284 0.81227 10
9.83265 3.093 5.49 2.16 2015 9 17 15 14 14.44 0.271218 0.731284 0.81227 10
10.434 2.51334 5.61 2.15 2015 8 24 17 15 1.6 0.271218 0.731284 0.81227 10
13.1331 1.35558 6.11 2.1 2017 11 12 22 21 10.36 0.271218 0.731284 0.81227 10
7.83928 4.19516 5.18 2.09 2015 5 15 1 53 58.03 0.271218 0.731284 0.81227 10
7.86101 4.19883 5.23 2.09 2015 5 17 14 40 41.19 0.271218 0.731284 0.81227 10
11.6804 1.99484 5.74 2.05 2015 11 4 6 46 12.05 0.271218 0.731284 0.81227 10
8.39434 3.63863 5.38 1.98 2015 8 19 10 53 46.3 0.271218 0.731284 0.81227 10
9.69349 3.04863 5.53 1.94 2015 8 17 15 22 13.52 0.271218 0.731284 0.81227 10
11.6636 2.01841 5.71 1.91 2015 10 25 1 46 48.41 0.271218 0.731284 0.81227 10
9.52975 3.23144 5.98 1.9 2015 1 5 23 32 24.4 0.271218 0.731284 0.81227 10
11.1847 2.18854 5.93 1.9 2016 1 9 23 32 36.52 0.271218 0.731284 0.81227 10
11.6274 2.01574 5.76 1.82 2015 11 4 17 56 0 0.271218 0.731284 0.81227 10
7.97409 4.23408 5.38 1.79 2014 10 7 14 19 37.69 0.271218 0.731284 0.81227 10
11.3904 2.29173 5.9 1.77 2015 10 26 11 3 31.39 0.271218 0.731284 0.81227 10
9.43768 3.11023 5.66 1.76 2015 8 15 7 1 41.97 0.271218 0.731284 0.81227 10
11.4361 2.01663 5.84 1.76 2015 10 25 11 25 47.92 0.271218 0.731284 0.81227 10
7.93714 4.20784 5.66 1.73 2014 10 11 6 52 13.87 0.271218 0.731284 0.81227 10
9.79347 2.92832 5.48 1.73 2015 9 19 3 33 23.34 0.271218 0.731284 0.81227 10
11.281 2.39169 5.75 1.71 2015 8 24 13 6 52.63 0.271218 0.731284 0.81227 10
8.68701 3.74682 5.53 1.68 2015 8 15 9 23 42.97 0.271218 0.731284 0.81227 10
9.6268 3.11646 5.8 1.68 2015 10 24 18 37 7.84 0.271218 0.731284 0.81227 10
11.7296 1.96548 5.77 1.68 2015 10 25 2 43 6.89 0.271218 0.731284 0.81227 10
7.86395 4.22052 5.31 1.65 2015 6 4 8 23 51.47 0.271218 0.731284 0.81227 10
9.58771 3.0672 5.65 1.65 2015 8 19 8 16 32.27 0.271218 0.731284 0.81227 10
8.27913 3.6314 5.42 1.65 2015 8 22 9 1 53.17 0.271218 0.731284 0.81227 10
11.3195 2.35911 5.8 1.62 2015 8 17 17 55 35.32 0.271218 0.731284 0.81227 10
10.2362 2.97269 5.55 1.61 2015 9 18 16 15 17.34 0.271218 0.731284 0.81227 10
8.67837 3.64186 5.7 1.6 2014 11 11 18 31 44.64 0.271218 0.731284 0.81227 10
9.83407 2.88573 5.49 1.6 2015 9 19 3 35 4.16 0.271218 0.731284 0.81227 10
8.51312 3.72826 5.68 1.59 2014 12 2 3 26 13.1 0.271218 0.731284 0.81227 10
9.95721 3.08166 5.52 1.59 2015 9 17 18 27 25.26 0.271218 0.731284 0.81227 10
8.31243 3.62462 5.32 1.58 2015 8 15 7 28 50.11 0.271218 0.731284 0.81227 10
7.80011 4.18071 5.23 1.58 2017 6 7 3 6 25.43 0.271218 0.731284 0.81227 10
10.3036 2.63009 5.6 1.57 2015 8 5 2 5 3.42 0.271218 0.731284 0.81227 10
11.7056 1.98905 5.74 1.57 2015 10 25 1 49 55.91 0.271218 0.731284 0.81227 10
7.55668 4.13678 5.35 1.55 2015 8 20 2 51 49.67 0.271218 0.731284 0.81227 10
7.53059 4.11555 5.22 1.55 2015 8 20 5 20 29.87 0.271218 0.731284 0.81227 10
7.43203 4.02548 5.5 1.54 2015 8 20 7 39 22.53 0.271218 0.731284 0.81227 10
13.0831 1.53838 6.1 1.54 2015 8 28 12 40 48.62 0.271218 0.731284 0.81227 10
7.92191 4.15357 5.39 1.5 2014 10 12 1 29 27.39 0.271218 0.731284 0.81227 10
8.8609 3.68344 5.49 1.5 2015 2 13 8 1 48.76 0.271218 0.731284 0.81227 10
7.84142 4.22863 5.3 1.5 2015 7 14 14 42 47.52 0.271218 0.731284 0.81227 10
11.2905 2.39036 5.9 1.49 2016 4 20 13 51 21.2 0.271218 0.731284 0.81227 10
11.981 2.01252 5.83 1.49 2017 10 11 19 23 23.02 0.271218 0.731284 0.81227 10
7.87481 4.22229 5.3 1.48 2015 4 30 15 6 37.59 0.271218 0.731284 0.81227 10
8.88699 3.71914 5.78 1.47 2015 10 6 17 56 10.16 0.271218 0.731284 0.81227 10
7.37843 4.02414 5.49 1.46 2015 8 20 12 22 15.9 0.271218 0.731284 0.81227 10
11.6593 1.99673 5.76 1.45 2015 11 4 10 8 11.58 0.271218 0.731284 0.81227 10
11.392 2.32698 5.84 1.43 2015 8 17 18 6 16.14 0.271218 0.731284 0.81227 10
7.83563 4.19472 5.26 1.42 2015 4 30 12 29 9 0.271218 0.731284 0.81227 10
11.7665 1.98038 5.73 1.42 2015 10 26 3 49 1.46 0.271218 0.731284 0.81227 10
8.87327 3.38889 5.37 1.41 2015 8 29 11 5 50.86 0.271218 0.731284 0.81227 10
10.2022 3.00026 5.54 1.41 2015 9 18 5 53 50.25 0.271218 0.731284 0.81227 10
11.7846 1.9885 5.73 1.38 2015 11 17 7 0 51.57 0.271218 0.731284 0.81227 10
8.3313 3.65042 5.35 1.35 2015 8 15 7 46 0.31 0.271218 0.731284 0.81227 10
8.64213 3.71825 5.54 1.35 2015 8 22 12 24 46.92 0.271218 0.731284 0.81227 10
9.55726 3.11702 5.54 1.35 2016 8 6 7 56 20.82 0.271218 0.731284 0.81227 10
7.377 3.98934 5.44 1.34 2015 8 20 9 0 3.29 0.271218 0.731284 0.81227 10
13.0621 1.51937 6.1 1.34 2015 8 28 5 4 32.48 0.271218 0.731284 0.81227 10
8.29142 3.6671 5.79 1.32 2014 10 8 5 8 52.86 0.271218 0.731284 0.81227 10
7.22555 4.04494 5.41 1.32 2015 8 20 7 55 13.05 0.271218 0.731284 0.81227 10
8.47546 3.64675 5.39 1.31 2015 8 22 12 17 59.74 0.271218 0.731284 0.81227 10
8.49282 3.64819 5.41 1.3 2015 8 19 17 18 1.12 0.271218 0.731284 0.81227 10
11.7513 1.9438 5.83 1.3 2015 11 5 5 53 54.18 0.271218 0.731284 0.81227 10
11.2745 2.39169 5.92 1.3 2016 4 20 20 5 36 0.271218 0.731284 0.81227 10
10.1297 3.03773 5.51 1.29 2015 9 20 17 19 10.44 0.271218 0.731284 0.81227 10
12.0448 1.94191 5.87 1.28 2016 2 17 2 27 54.3 0.271218 0.731284 0.81227 10
11.297 2.37679 5.97 1.28 2016 4 6 10 28 28.71 0.271218 0.731284 0.81227 10
13.0679 1.73064 5.83 1.27 2016 2 6 21 34 24.92 0.271218 0.731284 0.81227 10
7.44512 4.05172 5.47 1.26 2015 8 20 7 38 29.76 0.271218 0.731284 0.81227 10
13.0455 1.79902 5.89 1.24 2016 4 5 0 30 44.16 0.271218 0.731284 0.81227 10
11.4463 2.14506 5.71 1.23 2016 3 1 17 44 20.28 0.271218 0.731284 0.81227 10
7.86902 4.20417 5.25 1.22 2015 5 8 11 4 17.4 0.271218 0.731284 0.81227 10
12.0252 1.95058 5.89 1.22 2016 3 3 22 20 38.36 0.271218 0.731284 0.81227 10
11.9564 2.36634 5.85 1.21 2016 11 12 16 27 48.95 0.271218 0.731284 0.81227 10
10.1529 2.62287 5.56 1.19 2015 8 19 16 16 30.29 0.271218 0.731284 0.81227 10
9.57685 3.102 5.56 1.18 2015 8 15 1 42 34.65 0.271218 0.731284 0.81227 10
13.036 1.6895 5.79 1.18 2016 2 6 21 32 6.7 0.271218 0.731284 0.81227 10
9.83407 2.85815 5.47 1.17 2015 8 13 9 28 40.57 0.271218 0.731284 0.81227 10
8.3914 3.70746 5.77 1.17 2015 8 19 8 0 36.24 0.271218 0.731284 0.81227 10
13.7736 1.34702 5.97 1.16 2013 11 5 20 14 15.56 0.271218 0.731284 0.81227 10
7.55668 4.08119 5.51 1.15 2014 9 11 3 31 28.05 0.271218 0.731284 0.81227 10
7.95735 4.27211 5.41 1.15 2014 10 15 3 23 19.3 0.271218 0.731284 0.81227 10
11.9847 2.01385 5.77 1.15 2015 12 12 20 40 17.8 0.271218 0.731284 0.81227 10
14.1229 1.02121 5.95 1.14 2014 9 7 3 9 54.92 0.271218 0.731284 0.81227 10
8.74577 3.74449 5.76 1.14 2014 12 9 15 56 43.33 0.271218 0.731284 0.81227 10
8.59138 3.80376 5.7 1.14 2014 12 9 16 1 20.89 0.271218 0.731284 0.81227 10
9.50366 3.16539 5.47 1.14 2015 8 14 14 30 13.9 0.271218 0.731284 0.81227 10
8.43058 3.63774 5.47 1.14 2015 8 15 7 55 34.06 0.271218 0.731284 0.81227 10
8.41749 3.67344 5.35 1.14 2015 8 15 8 2 42.25 0.271218 0.731284 0.81227 10
11.3506 2.45096 5.58 1.14 2015 8 24 12 7 7.42 0.271218 0.731284 0.81227 10
10.3673 2.53057 5.58 1.14 2015 8 24 17 16 7.96 0.271218 0.731284 0.81227 10
9.68841 2.92376 5.52 1.14 2015 9 19 4 37 45.97 0.271218 0.731284 0.81227 10
8.43129 3.70969 5.29 1.13 2015 8 31 2 5 27.01 0.271218 0.731284 0.81227 10
7.80011 4.17348 5.21 1.11 2015 5 8 11 3 22.16 0.271218 0.731284 0.81227 10
7.39873 4.05261 5.26 1.11 2015 8 19 21 57 48.04 0.271218 0.731284 0.81227 10
10.458 2.503 5.53 1.1 2015 6 22 2 41 24.09 0.271218 0.731284 0.81227 10
9.36236 3.19619 5.59 1.1 2015 8 19 1 54 21.68 0.271218 0.731284 0.81227 10
8.45952 3.64319 5.42 1.1 2015 8 19 16 43 16.28 0.271218 0.731284 0.81227 10
9.9703 2.87172 5.5 1.1 2015 8 23 21 45 57.42 0.271218 0.731284 0.81227 10
12.2831 1.7134 6.09 1.09 2016 2 11 0 57 49.68 0.271218 0.731284 0.81227 10
14.2149 0.918915 6.14 1.08 2014 6 20 18 23 9.92 0.271218 0.731284 0.81227 10
8.54357 3.70557 5.61 1.08 2015 9 27 23 23 1.6 0.271218 0.731284 0.81227 10
11.2876 2.38035 5.96 1.08 2016 4 20 10 6 5.24 0.271218 0.731284 0.81227 10
8.70223 3.64275 5.67 1.07 2014 11 11 23 5 51.34 0.271218 0.731284 0.81227 10
7.52623 4.03271 5.53 1.07 2015 8 20 7 40 19.25 0.271218 0.731284 0.81227 10
8.68487 3.74138 5.75 1.06 2014 12 18 11 20 23.25 0.271218 0.731284 0.81227 10
9.2783 3.22643 5.62 1.05 2015 8 15 1 35 18.78 0.271218 0.731284 0.81227 10
8.2907 3.61917 5.31 1.05 2015 8 15 19 2 55.98 0.271218 0.731284 0.81227 10
8.62548 3.65987 5.6 1.05 2015 9 27 23 16 59.44 0.271218 0.731284 0.81227 10
8.83125 3.62595 5.42 1.04 2015 8 22 17 14 39.16 0.271218 0.731284 0.81227 10
9.79784 2.92243 5.55 1.04 2015 10 2 11 2 26.3 0.271218 0.731284 0.81227 10
11.8607 2.0342 5.71 1.04 2015 12 12 0 4 1.35 0.271218 0.731284 0.81227 10
11.7839 1.97315 5.77 1.03 2015 10 29 11 3 17.26 0.271218 0.731284 0.81227 10
9.5667 3.10478 5.56 1.03 2016 8 6 7 14 6.79 0.271218 0.731284 0.81227 10
8.58488 3.69023 5.49 1.01 2015 8 31 3 14 2.45 0.271218 0.731284 0.81227 10
11.297 2.36456 5.99 1.01 2016 4 20 10 30 20.18 0.271218 0.731284 0.81227 10
8.16748 3.58982 5.38 1 2015 8 19 13 1 14.37 0.271218 0.731284 0.81227 10
11.7187 2.03287 5.72 1 2015 10 25 0 2 50.36 0.271218 0.731284 0.81227 10
7.8936 4.24131 5.27 0.99 2015 5 15 4 56 2.73 0.271218 0.731284 0.81227 10
9.97466 3.06542 5.49 0.99 2015 9 18 2 56 22.03 0.271218 0.731284 0.81227 10
10.0398 3.04596 5.54 0.99 2015 9 19 0 50 32.63 0.271218 0.731284 0.81227 10
8.63563 3.68522 5.63 0.98 2015 9 27 23 34 53.12 0.271218 0.731284 0.81227 10
7.59506 4.14001 5.44 0.97 2015 8 20 0 42 35.3 0.271218 0.731284 0.81227 10
12.9555 1.52293 6.19 0.97 2016 2 25 10 54 42.59 0.271218 0.731284 0.81227 10
8.85947 3.7744 5.46 0.96 2014 10 2 5 28 55.05 0.271218 0.731284 0.81227 10
7.80741 4.21418 5.27 0.96 2015 7 15 4 28 35.67 0.271218 0.731284 0.81227 10
10.2014 2.64055 5.55 0.96 2015 8 22 5 18 18.16 0.271218 0.731284 0.81227 10
9.98553 3.06309 5.5 0.95 2015 9 17 15 18 6.99 0.271218 0.731284 0.81227 10
7.95379 4.2114 5.6 0.94 2014 10 7 18 24 4.18 0.271218 0.731284 0.81227 10
10.9651 2.78165 5.7 0.94 2015 8 6 17 11 42.2 0.271218 0.731284 0.81227 10
11.2876 2.40704 5.7 0.94 2015 8 24 12 1 7.1 0.271218 0.731284 0.81227 10
13.0809 1.73965 5.77 0.94 2016 1 27 5 57 59.23 0.271218 0.731284 0.81227 10
7.91176 4.18515 5.85 0.93 2015 8 16 0 54 0.89 0.271218 0.731284 0.81227 10
10.1311 3.02194 5.61 0.93 2015 9 18 18 15 54.48 0.271218 0.731284 0.81227 10
11.555 2.32564 5.85 0.93 2015 10 26 11 13 48 0.271218 0.731284 0.81227 10
11.418 2.18987 5.85 0.93 2016 3 2 4 18 51.45 0.271218 0.731284 0.81227 10
8.44144 3.59337 5.57 0.92 2015 8 15 13 12 14.18 0.271218 0.731284 0.81227 10
9.18197 3.25312 5.59 0.92 2015 8 21 14 54 56.96 0.271218 0.731284 0.81227 10
11.9266 2.03376 5.71 0.92 2015 12 24 4 56 4.27 0.271218 0.731284 0.81227 10
7.9204 4.24676 5.43 0.91 2014 10 7 18 58 20.88 0.271218 0.731284 0.81227 10
11.3463 2.41704 5.67 0.91 2015 8 18 17 37 37.78 0.271218 0.731284 0.81227 10
9.10807 3.33184 5.37 0.91 2015 8 29 19 32 37.64 0.271218 0.731284 0.81227 10
11.9679 2.03609 5.71 0.91 2015 12 27 17 8 20.4 0.271218 0.731284 0.81227 10
11.2231 2.17453 5.94 0.91 2016 1 9 23 56 38 0.271218 0.731284 0.81227 10
8.85591 3.7287 5.76 0.9 2015 9 17 22 32 21 0.271218 0.731284 0.81227 10
14.1656 0.934371 6.11 0.89 2014 6 30 8 17 13.81 0.271218 0.731284 0.81227 10
8.67401 3.82099 5.42 0.89 2014 11 22 9 50 26.83 0.271218 0.731284 0.81227 10
9.77896 2.91876 5.81 0.89 2015 8 18 5 3 52.64 0.271218 0.731284 0.81227 10
7.57983 4.13634 5.33 0.89 2015 8 20 0 42 14.43 0.271218 0.731284 0.81227 10
9.124 3.3016 5.81 0.88 2014 12 11 14 0 22.81 0.271218 0.731284 0.81227 10
9.73115 2.92109 5.57 0.88 2015 9 7 11 43 41.75 0.271218 0.731284 0.81227 10
9.97823 2.86494 5.48 0.87 2015 8 19 5 13 46.2 0.271218 0.731284 0.81227 10
12.2687 1.7144 6.12 0.87 2016 2 15 3 14 38.15 0.271218 0.731284 0.81227 10
8.54143 3.74771 5.53 0.86 2015 8 17 1 56 34.04 0.271218 0.731284 0.81227 10
8.74862 3.62829 5.34 0.86 2015 8 21 4 59 29.77 0.271218 0.731284 0.81227 10
8.54571 3.65086 5.63 0.85 2015 1 22 14 2 2.03 0.271218 0.731284 0.81227 10
8.2842 4.06762 5.37 0.85 2015 8 15 4 45 24.9 0.271218 0.731284 0.81227 10
8.66243 3.61461 5.33 0.85 2015 8 22 12 9 57.83 0.271218 0.731284 0.81227 10
11.7224 1.94914 5.86 0.85 2015 11 9 0 0 33.8 0.271218 0.731284 0.81227 10
9.15944 3.71691 5.62 0.84 2014 10 15 12 2 50.93 0.271218 0.731284 0.81227 10
8.78486 3.68756 5.72 0.84 2014 12 6 20 12 52.92 0.271218 0.731284 0.81227 10
10.8514 2.82101 5.72 0.84 2015 8 8 2 50 53.86 0.271218 0.731284 0.81227 10
10.7369 2.69481 5.79 0.84 2015 9 25 10 46 48.28 0.271218 0.731284 0.81227 10
10.3297 2.85404 5.59 0.84 2015 10 11 6 17 4.84 0.271218 0.731284 0.81227 10
7.50673 4.04772 5.46 0.83 2014 9 11 3 29 34.67 0.271218 0.731284 0.81227 10
8.53707 3.75127 5.49 0.83 2014 11 22 4 34 9.95 0.271218 0.731284 0.81227 10
10.813 2.8586 5.92 0.83 2015 11 24 7 43 43.28 0.271218 0.731284 0.81227 10
12.9788 1.53749 6.17 0.83 2016 2 25 10 58 2.69 0.271218 0.731284 0.81227 10
8.64935 3.63863 5.77 0.82 2014 11 12 9 58 26.84 0.271218 0.731284 0.81227 10
8.99356 3.64085 5.46 0.81 2015 2 13 7 14 47.52 0.271218 0.731284 0.81227 10
7.78275 4.16892 5.22 0.81 2015 5 15 2 3 36.21 0.271218 0.731284 0.81227 10
9.50001 3.22287 5.62 0.81 2015 8 14 21 34 46.52 0.271218 0.731284 0.81227 10
7.88273 4.23497 5.27 0.8 2015 4 30 15 54 41.72 0.271218 0.731284 0.81227 10
7.36828 3.97622 5.57 0.79 2014 9 12 1 54 12.6 0.271218 0.731284 0.81227 10
10.234 2.6143 5.58 0.79 2015 9 1 22 21 47.78 0.271218 0.731284 0.81227 10
10.1319 2.63243 5.57 0.78 2015 8 19 20 20 34.9 0.271218 0.731284 0.81227 10
11.4188 2.42472 5.67 0.78 2015 8 24 13 11 14.25 0.271218 0.731284 0.81227 10
10.3906 2.68714 5.89 0.78 2016 3 13 20 23 31.32 0.271218 0.731284 0.81227 10
9.64496 2.97446 5.54 0.77 2015 9 19 6 5 28.45 0.271218 0.731284 0.81227 10
10.0797 3.04552 5.66 0.76 2015 9 17 17 1 12.2 0.271218 0.731284 0.81227 10
8.79572 3.75272 5.47 0.76 2015 9 30 9 41 19.64 0.271218 0.731284 0.81227 10
11.6738 1.99584 5.75 0.75 2015 10 30 5 37 58 0.271218 0.731284 0.81227 10
11.1311 2.21978 5.99 0.75 2016 1 9 23 48 34.96 0.271218 0.731284 0.81227 10
13.0585 1.7134 5.77 0.75 2016 1 25 22 4 46.96 0.271218 0.731284 0.81227 10
11.3043 2.37635 5.93 0.75 2016 4 20 13 50 15.63 0.271218 0.731284 0.81227 10
10.2072 2.6441 5.5 0.74 2015 8 20 18 56 52.72 0.271218 0.731284 0.81227 10
10.1253 2.66901 5.5 0.73 2015 8 19 15 27 44.93 0.271218 0.731284 0.81227 10
10.3906 2.51523 5.64 0.71 2015 8 24 4 8 25.84 0.271218 0.731284 0.81227 10
8.81745 3.77029 5.76 0.71 2015 10 7 21 39 7.76 0.271218 0.731284 0.81227 10
10.5869 2.45685 5.8 0.7 2015 11 5 17 5 8.68 0.271218 0.731284 0.81227 10
11.4325 2.16185 5.7 0.68 2016 3 1 9 10 39.52 0.271218 0.731284 0.81227 10
7.36757 3.98567 5.5 0.67 2015 8 20 9 47 34.86 0.271218 0.731284 0.81227 10
11.2687 2.38713 5.96 0.67 2016 4 20 10 9 28.13 0.271218 0.731284 0.81227 10
8.55158 3.71914 5.8 0.66 2015 8 19 8 50 31.57 0.271218 0.731284 0.81227 10
8.47911 3.62507 5.29 0.66 2015 8 22 10 3 16.11 0.271218 0.731284 0.81227 10
13.0679 1.71974 5.73 0.66 2016 1 23 22 40 31.44 0.271218 0.731284 0.81227 10
13.1136 1.76277 5.71 0.66 2016 1 26 4 53 16.9 0.271218 0.731284 0.81227 10
10.5354 2.93821 5.78 0.65 2016 6 26 13 55 55.99 0.271218 0.731284 0.81227 10
13.1157 1.57597 6.11 0.64 2015 8 29 18 55 21.36 0.271218 0.731284 0.81227 10
7.31031 4.0585 5.33 0.64 2016 10 1 4 24 22.63 0.271218 0.731284 0.81227 10
11.3948 2.44095 5.61 0.6 2015 8 24 12 50 4.85 0.271218 0.731284 0.81227 10
11.513 2.33376 5.83 0.59 2015 10 26 10 58 12.03 0.271218 0.731284 0.81227 10
11.6013 2.00796 5.71 0.59 2015 10 28 1 41 24.61 0.271218 0.731284 0.81227 10
7.88416 4.20417 5.18 0.58 2015 5 15 2 21 4.41 0.271218 0.731284 0.81227 10
8.6595 3.79564 5.62 0.58 2015 8 15 5 0 26.43 0.271218 0.731284 0.81227 10
7.48349 4.09153 5.37 0.58 2015 8 20 8 42 22.8 0.271218 0.731284 0.81227 10
11.8788 1.95692 5.83 0.58 2015 11 11 3 23 41.15 0.271218 0.731284 0.81227 10
8.7131 3.74449 5.52 0.57 2015 9 5 0 51 45.48 0.271218 0.731284 0.81227 10
9.50223 3.17083 5.51 0.56 2015 8 15 13 26 0.7 0.271218 0.731284 0.81227 10
9.54711 3.1079 5.9 0.56 2015 8 17 16 47 39.08 0.271218 0.731284 0.81227 10
9.60658 3.08533 5.69 0.56 2015 8 18 10 47 9.21 0.271218 0.731284 0.81227 10
11.2724 2.36634 6.01 0.55 2016 4 21 7 4 18.07 0.271218 0.731284 0.81227 10
9.24349 3.17895 5.54 0.54 2015 8 15 12 49 30 0.271218 0.731284 0.81227 10
7.26464 4.00424 5.58 0.53 2015 8 25 9 49 11.37 0.271218 0.731284 0.81227 10
8.58996 3.58704 5.31 0.53 2015 9 23 11 54 25.2 0.271218 0.731284 0.81227 10
7.89075 4.23364 5.46 0.52 2014 10 7 18 3 10.12 0.271218 0.731284 0.81227 10
7.95664 4.27211 5.41 0.51 2014 10 7 18 23 55.16 0.271218 0.731284 0.81227 10
8.30014 3.61239 5.35 0.5 2015 8 15 10 2 26.39 0.271218 0.731284 0.81227 10
8.6327 3.69023 5.51 0.5 2015 8 16 6 4 4.46 0.271218 0.731284 0.81227 10
11.5781 2.1256 5.85 0.5 2016 2 8 0 5 20.45 0.271218 0.731284 0.81227 10
9.17182 3.30471 5.39 0.49 2015 8 18 10 34 34 0.271218 0.731284 0.81227 10
11.7275 1.95458 5.79 0.49 2015 10 25 3 19 59.24 0.271218 0.731284 0.81227 10
7.80741 4.24453 5.67 0.48 2014 10 11 7 8 7.17 0.271218 0.731284 0.81227 10
8.47839 3.77073 5.59 0.47 2014 12 7 8 22 22.9 0.271218 0.731284 0.81227 10
10.4058 2.51245 5.65 0.47 2015 8 24 3 25 54.7 0.271218 0.731284 0.81227 10
13.0816 1.74109 5.78 0.47 2016 1 25 4 39 35.54 0.271218 0.731284 0.81227 10
7.48643 4.00602 5.74 0.46 2014 8 13 11 12 57.27 0.271218 0.731284 0.81227 10
7.48207 4.02003 5.56 0.46 2014 9 11 23 51 23.08 0.271218 0.731284 0.81227 10
8.48926 3.63997 5.43 0.46 2015 8 15 9 8 40.26 0.271218 0.731284 0.81227 10
7.37335 3.99746 5.5 0.46 2015 8 20 9 9 41.67 0.271218 0.731284 0.81227 10
8.70882 3.71825 5.69 0.46 2015 10 6 19 8 7.04 0.271218 0.731284 0.81227 10
13.0592 1.71885 5.89 0.46 2016 2 25 9 3 10.07 0.271218 0.731284 0.81227 10
7.42045 3.97933 5.62 0.45 2014 9 12 0 59 52.87 0.271218 0.731284 0.81227 10
8.62976 3.68122 5.63 0.45 2014 12 21 1 11 28.22 0.271218 0.731284 0.81227 10
8.07479 4.10109 5.45 0.45 2015 8 13 22 44 45.42 0.271218 0.731284 0.81227 10
13.0875 1.75277 5.8 0.44 2016 1 31 20 4 42.92 0.271218 0.731284 0.81227 10
8.38775 3.76628 5.35 0.43 2014 11 22 4 37 49.23 0.271218 0.731284 0.81227 10
10.7818 2.64555 5.57 0.43 2015 10 25 22 18 18.4 0.271218 0.731284 0.81227 10
7.87989 4.17615 5.71 0.42 2015 8 16 4 40 42.94 0.271218 0.731284 0.81227 10
9.65796 3.00971 5.47 0.42 2015 8 21 23 11 37.24 0.271218 0.731284 0.81227 10
13.0455 1.71752 5.91 0.42 2016 2 6 23 25 5.58 0.271218 0.731284 0.81227 10
12.973 1.53705 6.19 0.42 2016 2 25 10 22 17.68 0.271218 0.731284 0.81227 10
10.4427 2.50433 5.58 0.41 2015 8 14 22 18 37.42 0.271218 0.731284 0.81227 10
9.69642 3.02105 5.56 0.41 2015 8 14 22 29 55.92 0.271218 0.731284 0.81227 10
11.7202 1.95236 5.79 0.4 2015 10 25 4 51 46.26 0.271218 0.731284 0.81227 10
8.79937 3.65943 5.7 0.39 2014 12 21 9 11 45.75 0.271218 0.731284 0.81227 10
8.80293 3.66087 5.67 0.39 2014 12 23 13 44 51.25 0.271218 0.731284 0.81227 10
12.7368 1.29353 5.89 0.39 2015 7 22 9 44 40.29 0.271218 0.731284 0.81227 10
13.0926 1.54739 6.13 0.39 2015 8 28 8 39 3.32 0.271218 0.731284 0.81227 10
11.3615 2.38491 5.72 0.39 2015 9 13 10 24 35.33 0.271218 0.731284 0.81227 10
13.0599 1.75188 5.99 0.39 2016 6 22 6 59 29.35 0.271218 0.731284 0.81227 10
8.56316 3.67977 5.9 0.38 2014 10 8 5 35 53.63 0.271218 0.731284 0.81227 10
12.2643 1.74243 6.06 0.38 2016 2 11 5 30 12.49 0.271218 0.731284 0.81227 10
11.5412 2.32342 5.87 0.36 2015 10 25 3 13 18.99 0.271218 0.731284 0.81227 10
10.2514 2.62331 5.54 0.35 2015 8 22 13 37 39.24 0.271218 0.731284 0.81227 10
9.00443 3.65309 5.67 0.35 2015 9 4 0 43 26.87 0.271218 0.731284 0.81227 10
11.71 1.97182 5.76 0.35 2015 10 28 6 32 28.21 0.271218 0.731284 0.81227 10
7.4915 4.03993 5.48 0.34 2014 9 11 3 32 43.9 0.271218 0.731284 0.81227 10
11.7006 2.00484 5.7 0.34 2015 10 24 23 8 43.8 0.271218 0.731284 0.81227 10
7.51323 4.0436 5.5 0.33 2014 9 11 4 20 24.39 0.271218 0.731284 0.81227 10
9.73845 3.00615 5.5 0.33 2015 8 16 11 54 24.14 0.271218 0.731284 0.81227 10
9.38408 3.26624 5.6 0.33 2015 8 21 0 42 58.21 0.271218 0.731284 0.81227 10
10.5303 2.93955 5.79 0.33 2016 6 19 7 16 6.59 0.271218 0.731284 0.81227 10
8.75441 3.64953 5.64 0.32 2014 12 20 5 43 16.98 0.271218 0.731284 0.81227 10
9.94564 3.06898 5.54 0.32 2015 9 8 6 24 19.18 0.271218 0.731284 0.81227 10
12.9194 1.79535 5.92 0.32 2016 2 13 7 37 23.43 0.271218 0.731284 0.81227 10
9.16095 3.79608 5.62 0.31 2015 2 24 4 44 7.37 0.271218 0.731284 0.81227 10
7.70742 4.16936 5.47 0.31 2015 8 20 0 25 29.59 0.271218 0.731284 0.81227 10
11.3644 2.08313 5.92 0.31 2016 2 26 13 27 40.61 0.271218 0.731284 0.81227 10
11.5484 2.32153 5.85 0.3 2014 12 27 6 31 23.81 0.271218 0.731284 0.81227 10
9.18045 3.72648 5.69 0.3 2015 1 31 3 21 43.47 0.271218 0.731284 0.81227 10
7.46684 4.08519 5.26 0.3 2015 8 19 23 6 42.48 0.271218 0.731284 0.81227 10
13.0831 1.7402 5.82 0.3 2016 2 9 2 16 32.62 0.271218 0.731284 0.81227 10
12.2803 1.70762 6.12 0.3 2016 2 12 9 45 37.66 0.271218 0.731284 0.81227 10
8.53921 3.67032 5.73 0.29 2014 12 21 6 38 43.48 0.271218 0.731284 0.81227 10
9.73266 2.87083 5.57 0.29 2015 8 23 22 44 22.94 0.271218 0.731284 0.81227 10
7.56247 4.07752 5.48 0.28 2014 9 11 4 27 59.21 0.271218 0.731284 0.81227 10
9.67968 3.05864 5.53 0.28 2015 8 15 3 53 3.45 0.271218 0.731284 0.81227 10
10.2703 2.60074 5.57 0.28 2015 8 21 5 25 9.99 0.271218 0.731284 0.81227 10
7.47984 4.02915 5.5 0.26 2014 9 11 3 48 14.06 0.271218 0.731284 0.81227 10
11.7259 2.18087 6.11 0.26 2014 12 27 20 36 46.66 0.271218 0.731284 0.81227 10
9.56305 3.19163 5.94 0.26 2015 1 6 2 54 51.12 0.271218 0.731284 0.81227 10
7.91826 4.25899 5.38 0.26 2015 7 14 16 0 40.19 0.271218 0.731284 0.81227 10
8.42257 3.63863 5.32 0.26 2015 8 16 3 30 48.99 0.271218 0.731284 0.81227 10
7.51323 4.05128 5.46 0.26 2015 8 20 7 39 57.14 0.271218 0.731284 0.81227 10
13.0635 1.70806 5.69 0.26 2016 2 1 2 11 53.59 0.271218 0.731284 0.81227 10
8.41028 3.64085 5.56 0.24 2015 8 15 13 34 47.62 0.271218 0.731284 0.81227 10
8.67178 3.72058 5.6 0.24 2015 8 17 19 12 51.04 0.271218 0.731284 0.81227 10
13.1049 1.57819 6.1 0.23 2015 8 31 6 37 36.87 0.271218 0.731284 0.81227 10
8.77765 3.65854 5.65 0.22 2014 12 20 5 37 19.5 0.271218 0.731284 0.81227 10
8.51606 3.72192 5.45 0.22 2015 8 31 3 55 33.65 0.271218 0.731284 0.81227 10
8.70953 3.72781 5.68 0.22 2016 1 10 22 50 52.62 0.271218 0.731284 0.81227 10
7.5313 4.06484 5.54 0.21 2014 9 11 3 36 53.63 0.271218 0.731284 0.81227 10
8.56672 3.69245 5.45 0.21 2015 8 16 3 19 8.33 0.271218 0.731284 0.81227 10
10.1319 2.63921 5.55 0.2 2015 8 19 14 26 3.1 0.271218 0.731284 0.81227 10
8.69645 3.65398 5.41 0.2 2015 8 21 6 11 39.86 0.271218 0.731284 0.81227 10
8.23639 3.61917 5.43 0.19 2015 8 15 21 40 53.28 0.271218 0.731284 0.81227 10
10.0529 2.9699 5.56 0.19 2015 9 19 5 14 57.95 0.271218 0.731284 0.81227 10
7.52623 4.11332 5.35 0.18 2015 8 20 0 41 48.97 0.271218 0.731284 0.81227 10
13.0469 1.72386 5.87 0.17 2016 2 11 1 11 28.35 0.271218 0.731284 0.81227 10
9.77469 2.95089 5.58 0.16 2014 11 7 2 19 5.71 0.271218 0.731284 0.81227 10
8.58488 3.68656 5.51 0.16 2015 8 15 9 37 8.3 0.271218 0.731284 0.81227 10
7.3697 3.99112 5.56 0.16 2015 8 20 10 30 34.54 0.271218 0.731284 0.81227 10
10.0587 3.04685 5.57 0.16 2015 9 18 3 15 27.38 0.271218 0.731284 0.81227 10
7.44948 4.00246 5.56 0.15 2014 9 11 4 2 45.2 0.271218 0.731284 0.81227 10
8.61747 3.7386 5.74 0.15 2015 1 31 8 14 9.8 0.271218 0.731284 0.81227 10
11.5245 2.33287 5.87 0.15 2015 8 24 2 40 8.42 0.271218 0.731284 0.81227 10
8.61311 3.67622 5.64 0.14 2015 8 22 14 54 20.14 0.271218 0.731284 0.81227 10
8.29792 3.79886 5.39 0.13 2014 11 17 4 49 5.45 0.271218 0.731284 0.81227 10
8.31822 3.64497 5.32 0.13 2015 8 15 8 55 8.42 0.271218 0.731284 0.81227 10
10.7862 2.54236 5.81 0.12 2015 8 9 5 52 18.43 0.271218 0.731284 0.81227 10
8.52977 3.64408 5.41 0.12 2015 8 16 22 50 3.04 0.271218 0.731284 0.81227 10
7.91105 4.19605 5.65 0.11 2014 10 12 6 39 10.31 0.271218 0.731284 0.81227 10
13.72 1.29942 6.17 0.1 2013 11 18 1 25 41.01 0.271218 0.731284 0.81227 10
7.91826 4.22641 5.29 0.1 2015 5 31 4 35 41.58 0.271218 0.731284 0.81227 10
8.44358 3.65353 5.7 0.1 2015 6 4 3 36 40.46 0.271218 0.731284 0.81227 10
8.49433 3.64453 5.46 0.09 2015 8 15 9 34 51.04 0.271218 0.731284 0.81227 10
7.84365 4.15669 5.76 0.09 2015 8 16 2 26 41.25 0.271218 0.731284 0.81227 10
7.51973 4.05217 5.48 0.08 2014 9 11 4 17 39.99 0.271218 0.731284 0.81227 10
9.83185 2.88762 5.5 0.08 2015 8 15 0 32 56.15 0.271218 0.731284 0.81227 10
8.52977 3.65264 5.52 0.08 2015 8 15 4 25 25.69 0.271218 0.731284 0.81227 10
8.33202 3.58748 5.29 0.08 2015 8 15 4 44 38.91 0.271218 0.731284 0.81227 10
7.68489 4.09331 5.7 0.07 2014 6 15 10 55 16.48 0.271218 0.731284 0.81227 10
8.42043 3.66031 5.29 0.07 2015 8 19 11 15 20.72 0.271218 0.731284 0.81227 10
12.6085 1.70217 5.92 0.06 2016 2 16 5 45 3.6 0.271218 0.731284 0.81227 10
8.60153 3.70157 5.53 0.05 2015 8 15 9 36 15.91 0.271218 0.731284 0.81227 10
9.49351 3.07487 5.92 0.05 2015 9 4 2 16 33.38 0.271218 0.731284 0.81227 10
10.1608 3.02784 5.51 0.05 2015 9 20 22 36 54.94 0.271218 0.731284 0.81227 10
11.6158 2.08769 6.04 0.04 2015 4 15 5 18 2.47 0.271218 0.731284 0.81227 10
8.62468 3.72736 5.37 0.02 2015 8 31 3 5 39.73 0.271218 0.731284 0.81227 10
8.50083 3.65264 5.48 0.01 2015 8 15 7 50 2.25 0.271218 0.731284 0.81227 10
7.36614 3.97122 5.54 0.01 2015 8 20 9 37 47.57 0.271218 0.731284 0.81227 10
9.57898 3.13914 5.63 0 2015 8 18 11 11 30.16 0.271218 0.731284 0.81227 10
7.94364 4.20562 5.65 -0.02 2014 10 12 6 43 6.77 0.271218 0.731284 0.81227 10
8.81308 3.55902 5.5 -0.02 2015 9 5 11 30 30.25 0.271218 0.731284 0.81227 10
7.8262 4.20517 5.28 -0.03 2015 8 11 10 15 7.74 0.271218 0.731284 0.81227 10
7.3567 3.98156 5.51 -0.03 2015 8 20 9 27 29.06 0.271218 0.731284 0.81227 10
7.37122 3.98256 5.45 -0.04 2015 8 20 8 58 56.28 0.271218 0.731284 0.81227 10
8.58702 3.6721 5.46 -0.06 2015 8 16 12 11 41.27 0.271218 0.731284 0.81227 10
7.39508 4.02915 5.37 -0.08 2015 8 20 0 23 15.31 0.271218 0.731284 0.81227 10
7.49293 4.02681 5.54 -0.1 2015 8 20 7 45 12.3 0.271218 0.731284 0.81227 10
7.4176 4.02503 5.5 -0.12 2015 8 20 6 35 55.88 0.271218 0.731284 0.81227 10
7.40817 4.01647 5.5 -0.13 2015 8 20 8 12 55.28 0.271218 0.731284 0.81227 10
7.60743 4.14768 5.38 -0.15 2015 8 20 1 22 54.56 0.271218 0.731284 0.81227 10
8.4182 3.7128 5.35 -0.18 2015 8 16 12 58 50.18 0.271218 0.731284 0.81227 10
7.63129 4.15669 5.26 -0.19 2015 8 20 3 52 39.62 0.271218 0.731284 0.81227 10
5.48078 5.3666 5.55 3.36 2014 6 23 13 44 59.48 0.625391 0.741402 0.0617744 11
5.67132 5.29232 5.4 3.3 2014 6 23 9 48 1.05 0.625391 0.741402 0.0617744 11
3.92574 5.93981 5.16 3.22 2014 8 10 14 54 27.36 0.625391 0.741402 0.0617744 11
5.54889 5.35526 5.56 3.04 2014 10 3 0 19 11.26 0.625391 0.741402 0.0617744 11
5.52636 5.33669 5.1 2.85 2014 6 23 15 26 14.91 0.625391 0.741402 0.0617744 11
4.58008 5.85252 5.46 2.85 2014 10 1 19 24 16.16 0.625391 0.741402 0.0617744 11
5.55468 5.32991 5.34 2.76 2014 6 23 9 43 47.82 0.625391 0.741402 0.0617744 11
4.16124 5.92713 5.27 2.73 2014 8 10 14 19 15.34 0.625391 0.741402 0.0617744 11
4.07506 5.95026 5.28 2.68 2014 10 1 1 30 50.47 0.625391 0.741402 0.0617744 11
5.09382 5.5593 5.13 2.63 2014 7 2 9 0 37.59 0.625391 0.741402 0.0617744 11
5.4481 5.3666 5.15 2.61 2014 10 3 0 17 57.98 0.625391 0.741402 0.0617744 11
5.78796 5.20414 5.35 2.57 2014 6 21 21 56 11.22 0.625391 0.741402 0.0617744 11
4.29676 5.88099 5.02 2.54 2014 8 26 7 59 4.68 0.625391 0.741402 0.0617744 11
5.40901 5.41408 5.27 2.52 2014 6 23 15 26 44.95 0.625391 0.741402 0.0617744 11
4.09678 5.91134 5.16 2.52 2014 8 10 14 7 11.36 0.625391 0.741402 0.0617744 11
4.95466 5.60867 5.31 2.5 2014 10 2 1 20 14.21 0.625391 0.741402 0.0617744 11
3.94168 5.94348 5.2 2.48 2014 10 1 3 49 10.05 0.625391 0.741402 0.0617744 11
5.79739 5.22038 5.17 2.45 2014 6 23 9 48 57.83 0.625391 0.741402 0.0617744 11
3.78088 5.96472 5.15 2.44 2014 8 10 8 1 0.73 0.625391 0.741402 0.0617744 11
4.39604 5.87876 5.13 2.4 2014 8 11 2 54 42.52 0.625391 0.741402 0.0617744 11
3.61491 6.01987 5.15 2.4 2014 10 25 18 11 34.64 0.625391 0.741402 0.0617744 11
3.79388 5.96972 5.2 2.39 2014 8 10 8 39 31.94 0.625391 0.741402 0.0617744 11
5.15971 5.5484 5.01 2.38 2014 8 17 6 58 21.16 0.625391 0.741402 0.0617744 11
4.33229 5.89011 5.17 2.31 2014 8 10 17 40 46.72 0.625391 0.741402 0.0617744 11
4.30691 5.90089 5.29 2.25 2014 8 10 18 19 57.04 0.625391 0.741402 0.0617744 11
4.28082 5.90456 5.23 2.21 2014 10 1 14 37 41.15 0.625391 0.741402 0.0617744 11
5.91038 5.15477 5.46 2.18 2014 6 29 9 57 28.47 0.625391 0.741402 0.0617744 11
5.64594 5.28965 5.32 2.17 2014 6 23 9 11 38.04 0.625391 0.741402 0.0617744 11
5.46698 5.33536 5.56 2.12 2014 6 23 11 48 50.66 0.625391 0.741402 0.0617744 11
4.34457 5.92491 5.48 2.12 2014 10 1 7 2 49.96 0.625391 0.741402 0.0617744 11
4.51633 5.83395 5.08 2.11 2014 8 11 2 39 52.05 0.625391 0.741402 0.0617744 11
5.18295 5.53628 5.27 2.08 2014 6 27 23 15 19.2 0.625391 0.741402 0.0617744 11
3.95771 5.92213 5.26 2.01 2014 8 10 0 30 4.5 0.625391 0.741402 0.0617744 11
5.80826 5.19647 5.51 1.97 2014 6 21 16 14 39.34 0.625391 0.741402 0.0617744 11
4.2794 5.89778 5.18 1.96 2014 8 13 19 5 26.4 0.625391 0.741402 0.0617744 11
4.4004 5.87421 5.27 1.95 2014 8 10 18 28 44.52 0.625391 0.741402 0.0617744 11
4.00116 5.9308 5.24 1.94 2014 8 13 2 0 34.91 0.625391 0.741402 0.0617744 11
5.36841 5.41719 5.4 1.91 2014 6 30 2 18 30.12 0.625391 0.741402 0.0617744 11
5.45976 5.34937 5.55 1.88 2014 6 23 10 22 12.38 0.625391 0.741402 0.0617744 11
3.9569 5.89544 5.06 1.85 2014 8 5 14 36 50.49 0.625391 0.741402 0.0617744 11
3.96857 5.96561 5.32 1.85 2014 8 17 12 27 3.72 0.625391 0.741402 0.0617744 11
4.88806 5.63758 5.04 1.85 2014 9 8 23 5 30.6 0.625391 0.741402 0.0617744 11
4.03009 5.9665 5.27 1.84 2014 12 16 16 52 56.04 0.625391 0.741402 0.0617744 11
4.28011 5.90323 5.26 1.83 2014 8 10 14 48 3.09 0.625391 0.741402 0.0617744 11
4.74533 5.79048 5.58 1.83 2014 9 19 14 41 41.85 0.625391 0.741402 0.0617744 11
4.51704 5.77736 5.03 1.82 2014 4 30 17 34 11.8 0.625391 0.741402 0.0617744 11
4.61703 5.77102 4.98 1.81 2014 9 10 18 6 5.36 0.625391 0.741402 0.0617744 11
4.22143 5.92847 5.45 1.8 2014 10 1 1 46 14 0.625391 0.741402 0.0617744 11
4.34751 5.87065 5.08 1.78 2014 8 10 15 59 6.31 0.625391 0.741402 0.0617744 11
4.42506 5.9457 5.61 1.76 2014 10 1 4 37 18.63 0.625391 0.741402 0.0617744 11
4.71417 5.7987 5.54 1.73 2014 9 19 14 57 17.06 0.625391 0.741402 0.0617744 11
5.09747 5.51816 5.14 1.66 2014 7 30 13 45 17.05 0.625391 0.741402 0.0617744 11
5.16843 5.52172 5.2 1.64 2014 10 3 2 49 37.4 0.625391 0.741402 0.0617744 11
3.70404 5.98874 5.23 1.63 2014 8 17 1 32 55.52 0.625391 0.741402 0.0617744 11
5.02277 5.59511 5.3 1.61 2014 10 2 1 3 39.72 0.625391 0.741402 0.0617744 11
3.74028 5.95249 5.09 1.61 2014 10 4 18 22 53.94 0.625391 0.741402 0.0617744 11
4.49531 5.85753 5.34 1.6 2014 10 1 17 1 18.96 0.625391 0.741402 0.0617744 11
5.2199 5.54485 5.21 1.58 2014 6 27 23 47 32.72 0.625391 0.741402 0.0617744 11
5.02713 5.59644 5.01 1.58 2014 8 17 6 22 25.82 0.625391 0.741402 0.0617744 11
4.90907 5.63714 5.1 1.56 2014 9 9 1 54 24.67 0.625391 0.741402 0.0617744 11
4.17362 5.94481 5.41 1.56 2014 10 1 1 40 10.31 0.625391 0.741402 0.0617744 11
4.85395 5.66972 5.29 1.56 2014 10 2 0 32 21.99 0.625391 0.741402 0.0617744 11
3.89894 5.95471 5.2 1.55 2014 8 10 11 27 8.78 0.625391 0.741402 0.0617744 11
5.48363 5.34303 5.25 1.55 2014 10 1 20 45 52.08 0.625391 0.741402 0.0617744 11
4.44607 5.87243 5.41 1.55 2014 10 2 0 32 45.34 0.625391 0.741402 0.0617744 11
5.81983 5.18424 5.53 1.53 2014 6 21 17 21 36.88 0.625391 0.741402 0.0617744 11
5.22426 5.50815 5.18 1.52 2014 7 2 9 3 20.95 0.625391 0.741402 0.0617744 11
4.61845 5.83896 5.49 1.52 2014 10 1 19 23 38 0.625391 0.741402 0.0617744 11
4.12429 5.9367 5.28 1.51 2014 10 1 0 49 13.06 0.625391 0.741402 0.0617744 11
4.95252 5.60912 5.28 1.51 2014 10 2 0 41 24.57 0.625391 0.741402 0.0617744 11
4.23951 5.96249 5.55 1.49 2014 10 1 7 9 34.99 0.625391 0.741402 0.0617744 11
5.30324 5.47201 5.35 1.48 2014 7 14 15 45 37.66 0.625391 0.741402 0.0617744 11
5.19523 5.51004 5.18 1.46 2014 6 28 0 55 45.66 0.625391 0.741402 0.0617744 11
4.08806 5.94481 5.29 1.46 2014 8 11 1 20 6.4 0.625391 0.741402 0.0617744 11
4.23595 5.91268 5.29 1.46 2014 9 7 3 31 36.17 0.625391 0.741402 0.0617744 11
4.57865 5.86286 5.54 1.44 2014 9 6 14 59 42.73 0.625391 0.741402 0.0617744 11
4.44456 5.91134 5.66 1.42 2014 9 20 5 52 45.24 0.625391 0.741402 0.0617744 11
4.59459 5.84029 5.44 1.41 2014 10 1 19 3 11.52 0.625391 0.741402 0.0617744 11
5.74593 5.24529 5.4 1.4 2014 6 21 22 4 44.6 0.625391 0.741402 0.0617744 11
4.49531 5.85386 5.3 1.4 2014 8 10 21 12 20.72 0.625391 0.741402 0.0617744 11
5.23076 5.49236 5.24 1.4 2014 10 7 7 10 51.16 0.625391 0.741402 0.0617744 11
4.81415 5.69552 5.13 1.39 2014 9 7 3 55 19.81 0.625391 0.741402 0.0617744 11
3.99243 5.89144 5.1 1.37 2014 8 5 2 7 32.33 0.625391 0.741402 0.0617744 11
5.56331 5.27965 5.66 1.36 2014 6 23 13 25 24.28 0.625391 0.741402 0.0617744 11
4.44607 5.8801 5.38 1.35 2014 9 7 9 9 3.86 0.625391 0.741402 0.0617744 11
4.03303 5.97239 5.47 1.35 2014 10 2 13 25 38.97 0.625391 0.741402 0.0617744 11
5.34161 5.44255 5.4 1.34 2014 6 27 1 57 5.66 0.625391 0.741402 0.0617744 11
4.09678 5.91635 5.22 1.34 2014 8 26 13 44 59.73 0.625391 0.741402 0.0617744 11
5.16701 5.53172 5.38 1.33 2014 7 13 13 57 23.54 0.625391 0.741402 0.0617744 11
4.60474 6.15197 5.39 1.32 2014 2 13 17 26 28.24 0.625391 0.741402 0.0617744 11
3.94097 5.91179 5.13 1.32 2014 8 5 20 42 53.4 0.625391 0.741402 0.0617744 11
4.40761 5.87065 5.2 1.32 2014 8 10 15 9 29.1 0.625391 0.741402 0.0617744 11
5.09961 5.5484 5.25 1.31 2014 7 2 9 41 15.97 0.625391 0.741402 0.0617744 11
3.61785 6.0321 5.19 1.31 2014 10 25 18 6 34.06 0.625391 0.741402 0.0617744 11
5.3547 5.37828 5.53 1.3 2014 6 26 4 23 14.8 0.625391 0.741402 0.0617744 11
5.29887 5.49459 5.03 1.3 2014 7 3 16 25 11.64 0.625391 0.741402 0.0617744 11
3.89244 5.95705 5.21 1.3 2014 8 13 2 15 12.35 0.625391 0.741402 0.0617744 11
4.58444 5.86331 5.63 1.3 2014 10 1 23 35 23.08 0.625391 0.741402 0.0617744 11
3.69033 5.99774 5.18 1.3 2014 10 25 18 45 38.24 0.625391 0.741402 0.0617744 11
4.81994 5.74211 5.44 1.3 2014 11 10 10 53 28.2 0.625391 0.741402 0.0617744 11
4.27868 5.90267 5.24 1.29 2014 8 13 14 20 48.41 0.625391 0.741402 0.0617744 11
5.27929 5.4381 5.4 1.28 2014 6 23 18 17 19.6 0.625391 0.741402 0.0617744 11
4.47715 5.85163 5.18 1.28 2014 8 12 18 39 46.6 0.625391 0.741402 0.0617744 11
5.87201 5.1471 5.55 1.28 2014 9 25 11 14 21.77 0.625391 0.741402 0.0617744 11
4.84532 5.68506 5.37 1.28 2014 10 2 0 20 52.93 0.625391 0.741402 0.0617744 11
4.88441 5.66838 5.41 1.28 2014 10 2 2 0 19.17 0.625391 0.741402 0.0617744 11
5.21919 5.44977 5.42 1.27 2014 6 23 16 12 27.57 0.625391 0.741402 0.0617744 11
4.11201 5.90223 5.13 1.27 2014 8 6 0 17 47.59 0.625391 0.741402 0.0617744 11
3.77073 5.97873 5.31 1.27 2014 8 23 21 2 40.24 0.625391 0.741402 0.0617744 11
4.30833 5.86831 5.03 1.27 2014 8 26 7 56 58.37 0.625391 0.741402 0.0617744 11
5.10762 5.54618 5.28 1.27 2014 10 2 1 22 51.85 0.625391 0.741402 0.0617744 11
5.20904 5.458 5.25 1.26 2014 6 23 18 21 30.84 0.625391 0.741402 0.0617744 11
5.96336 5.08383 5.36 1.26 2014 7 16 12 5 5.98 0.625391 0.741402 0.0617744 11
4.29097 5.90679 5.34 1.26 2014 8 10 16 54 53.77 0.625391 0.741402 0.0617744 11
4.45694 5.85697 5.19 1.26 2014 8 11 2 42 8.49 0.625391 0.741402 0.0617744 11
4.46201 5.88555 5.46 1.26 2014 8 21 14 31 4.71 0.625391 0.741402 0.0617744 11
5.21482 5.47969 5.38 1.25 2014 6 28 1 28 45.19 0.625391 0.741402 0.0617744 11
4.04603 5.95382 5.3 1.25 2014 8 10 10 47 10.96 0.625391 0.741402 0.0617744 11
4.56708 5.76379 5.09 1.24 2014 8 10 15 33 31.26 0.625391 0.741402 0.0617744 11
4.6424 5.83073 5.54 1.24 2014 10 1 19 23 48.4 0.625391 0.741402 0.0617744 11
3.92503 5.94437 5.18 1.23 2014 8 10 15 20 6.15 0.625391 0.741402 0.0617744 11
5.34962 5.44166 5.32 1.22 2014 6 23 14 29 52.5 0.625391 0.741402 0.0617744 11
4.01059 5.96472 5.38 1.22 2014 8 18 7 55 4.3 0.625391 0.741402 0.0617744 11
5.86764 5.16256 5.34 1.21 2014 6 21 21 28 43.56 0.625391 0.741402 0.0617744 11
3.95477 5.94204 5.2 1.21 2014 8 10 3 25 11.01 0.625391 0.741402 0.0617744 11
5.33654 5.43532 5.24 1.21 2014 10 2 22 44 1.44 0.625391 0.741402 0.0617744 11
3.87072 5.92669 5.08 1.2 2014 8 5 18 42 24.78 0.625391 0.741402 0.0617744 11
3.97578 5.95471 5.36 1.2 2014 8 12 13 27 7.81 0.625391 0.741402 0.0617744 11
4.64525 5.76968 5.13 1.2 2014 10 4 11 21 47.04 0.625391 0.741402 0.0617744 11
4.01202 5.92713 5.17 1.19 2014 8 13 0 49 55.81 0.625391 0.741402 0.0617744 11
4.79822 5.69863 5.26 1.19 2014 10 2 12 24 19.92 0.625391 0.741402 0.0617744 11
5.2134 5.5394 5.13 1.18 2014 6 29 23 13 59.88 0.625391 0.741402 0.0617744 11
5.05108 5.60589 5.08 1.18 2014 7 2 12 58 55.79 0.625391 0.741402 0.0617744 11
4.85039 5.67472 5.32 1.18 2014 10 2 2 30 53.96 0.625391 0.741402 0.0617744 11
5.47713 5.37383 5.26 1.17 2014 8 17 6 48 34.91 0.625391 0.741402 0.0617744 11
4.64027 5.8344 5.56 1.17 2014 9 20 16 46 3.56 0.625391 0.741402 0.0617744 11
5.38871 5.39596 5.08 1.16 2014 8 17 7 50 1.26 0.625391 0.741402 0.0617744 11
4.74675 5.7987 5.66 1.16 2014 10 5 11 52 9.86 0.625391 0.741402 0.0617744 11
5.78511 5.10685 5.48 1.16 2015 2 15 5 19 51.69 0.625391 0.741402 0.0617744 11
5.53295 5.29466 5.67 1.15 2014 6 23 12 33 1.21 0.625391 0.741402 0.0617744 11
4.38375 5.87787 5.2 1.13 2014 8 10 14 59 53.61 0.625391 0.741402 0.0617744 11
3.96777 5.97962 5.41 1.13 2014 8 17 12 33 31.14 0.625391 0.741402 0.0617744 11
4.64027 5.74077 4.98 1.13 2014 9 10 4 28 54.54 0.625391 0.741402 0.0617744 11
4.09821 5.90501 5.15 1.13 2014 10 1 2 1 41.13 0.625391 0.741402 0.0617744 11
4.66484 5.82584 5.56 1.12 2014 9 19 14 42 53.28 0.625391 0.741402 0.0617744 11
5.74451 5.22672 5.06 1.11 2014 6 23 16 11 13.8 0.625391 0.741402 0.0617744 11
4.96988 5.59688 5.22 1.11 2014 7 2 12 10 33.18 0.625391 0.741402 0.0617744 11
5.03515 5.59644 5.47 1.11 2014 10 2 10 29 9.26 0.625391 0.741402 0.0617744 11
4.8438 5.72632 5.62 1.11 2014 10 6 5 5 15.81 0.625391 0.741402 0.0617744 11
5.23655 5.50326 5.4 1.1 2014 7 1 7 15 15.42 0.625391 0.741402 0.0617744 11
4.40832 5.87643 5.38 1.1 2014 10 1 14 52 41.39 0.625391 0.741402 0.0617744 11
4.80685 5.70408 5.14 1.08 2014 10 3 3 1 24.85 0.625391 0.741402 0.0617744 11
5.6706 5.26019 5.09 1.07 2014 6 23 16 4 14.35 0.625391 0.741402 0.0617744 11
4.49166 5.85386 5.27 1.07 2014 8 10 21 9 0.56 0.625391 0.741402 0.0617744 11
5.32354 5.458 5.36 1.07 2014 10 2 22 42 50.08 0.625391 0.741402 0.0617744 11
5.51986 5.32223 5.23 1.07 2015 1 13 13 54 47.43 0.625391 0.741402 0.0617744 11
4.04754 5.95249 5.31 1.06 2014 8 17 12 37 14.99 0.625391 0.741402 0.0617744 11
5.35319 5.39874 5.68 1.06 2014 9 30 9 25 34.05 0.625391 0.741402 0.0617744 11
4.52069 5.86831 5.46 1.06 2014 10 1 7 12 27.34 0.625391 0.741402 0.0617744 11
5.31775 5.45022 5.33 1.05 2014 6 23 14 43 27.46 0.625391 0.741402 0.0617744 11
3.76708 5.97828 5.31 1.05 2014 8 10 12 28 2.2 0.625391 0.741402 0.0617744 11
5.47926 5.35259 5.17 1.05 2014 8 18 19 38 50.62 0.625391 0.741402 0.0617744 11
4.81487 5.70185 5.23 1.05 2014 9 7 5 13 19.05 0.625391 0.741402 0.0617744 11
4.1917 5.93169 5.4 1.05 2014 10 1 1 35 19.8 0.625391 0.741402 0.0617744 11
4.8235 5.68006 5.28 1.05 2014 10 2 0 52 35.9 0.625391 0.741402 0.0617744 11
4.79457 5.70452 5.21 1.05 2014 10 2 12 25 35.04 0.625391 0.741402 0.0617744 11
5.84886 5.12631 5.75 1.04 2014 6 23 15 51 30.09 0.625391 0.741402 0.0617744 11
5.31989 5.46245 5.29 1.04 2014 7 1 13 37 52.54 0.625391 0.741402 0.0617744 11
4.3939 5.8801 5.2 1.04 2014 8 10 16 8 14.71 0.625391 0.741402 0.0617744 11
4.41999 5.83618 5.01 1.04 2014 8 11 1 40 56.13 0.625391 0.741402 0.0617744 11
4.74025 5.72265 5.32 1.04 2014 9 7 12 15 51.59 0.625391 0.741402 0.0617744 11
5.36485 5.39963 5.44 1.04 2014 9 30 14 13 38.4 0.625391 0.741402 0.0617744 11
4.63804 5.84118 5.61 1.04 2014 10 1 10 25 44.59 0.625391 0.741402 0.0617744 11
5.01048 5.61501 5.3 1.03 2014 7 2 16 3 16.09 0.625391 0.741402 0.0617744 11
4.78735 5.75389 5.54 1.02 2014 9 20 1 37 30.85 0.625391 0.741402 0.0617744 11
4.73438 5.90134 5.58 1.02 2014 10 1 9 35 38.46 0.625391 0.741402 0.0617744 11
4.683 5.74122 5.01 1.01 2014 11 15 17 20 10.6 0.625391 0.741402 0.0617744 11
5.76258 5.12264 5.59 1 2014 6 6 5 51 38.7 0.625391 0.741402 0.0617744 11
4.07942 5.92402 5.21 1 2014 8 11 7 37 37.08 0.625391 0.741402 0.0617744 11
4.91343 5.63491 5.15 1 2014 8 22 21 3 48.44 0.625391 0.741402 0.0617744 11
5.16915 5.48513 5.38 1 2014 10 2 4 18 29.05 0.625391 0.741402 0.0617744 11
4.02431 5.95516 5.31 0.99 2014 8 11 1 44 11.71 0.625391 0.741402 0.0617744 11
3.73449 5.9824 5.29 0.99 2014 8 23 19 44 15.96 0.625391 0.741402 0.0617744 11
4.53734 5.86876 5.45 0.99 2014 9 6 15 0 3.98 0.625391 0.741402 0.0617744 11
5.83292 5.13398 5.71 0.99 2014 9 25 5 44 12.67 0.625391 0.741402 0.0617744 11
4.83517 5.6874 5.34 0.99 2014 10 3 2 58 6.25 0.625391 0.741402 0.0617744 11
4.77284 5.70686 5.28 0.99 2014 10 3 3 35 38.27 0.625391 0.741402 0.0617744 11
6.19156 4.77927 5.5 0.99 2015 7 21 23 49 34.06 0.625391 0.741402 0.0617744 11
5.40394 5.30778 5.69 0.97 2014 6 24 4 1 18.66 0.625391 0.741402 0.0617744 11
5.25391 5.48057 5.03 0.97 2014 7 3 14 39 17.12 0.625391 0.741402 0.0617744 11
5.29745 5.46657 5.42 0.97 2014 7 4 12 26 20.57 0.625391 0.741402 0.0617744 11
4.34172 5.88911 5.24 0.97 2014 8 13 14 55 9.27 0.625391 0.741402 0.0617744 11
4.76777 5.71497 5.14 0.97 2014 9 7 4 1 44.05 0.625391 0.741402 0.0617744 11
4.86482 5.71998 5.66 0.97 2014 9 24 6 32 29.78 0.625391 0.741402 0.0617744 11
4.72788 5.7371 5.25 0.97 2014 10 3 15 21 9.01 0.625391 0.741402 0.0617744 11
5.24964 5.50682 5.21 0.96 2014 7 2 6 21 58.41 0.625391 0.741402 0.0617744 11
5.24964 5.50726 5.16 0.95 2014 7 14 14 32 11.01 0.625391 0.741402 0.0617744 11
5.09747 5.5086 5.11 0.95 2014 7 30 2 58 35.08 0.625391 0.741402 0.0617744 11
5.30252 5.43765 5.44 0.95 2014 10 18 22 23 1.2 0.625391 0.741402 0.0617744 11
4.19606 5.91134 5.21 0.94 2014 8 10 12 15 23.78 0.625391 0.741402 0.0617744 11
5.85242 5.16612 5.53 0.93 2014 6 21 16 4 38.99 0.625391 0.741402 0.0617744 11
5.66188 5.2693 5.16 0.93 2014 6 23 13 16 35.74 0.625391 0.741402 0.0617744 11
5.25106 5.43221 5.45 0.93 2014 6 23 15 34 38.11 0.625391 0.741402 0.0617744 11
5.68218 5.2534 5.05 0.93 2014 6 25 5 38 53.82 0.625391 0.741402 0.0617744 11
4.04461 5.95427 5.3 0.93 2014 8 13 2 18 36.11 0.625391 0.741402 0.0617744 11
4.85324 5.65204 5.08 0.93 2014 9 14 3 31 26.41 0.625391 0.741402 0.0617744 11
4.97567 5.60411 5.34 0.92 2014 7 2 12 11 15.91 0.625391 0.741402 0.0617744 11
3.99679 6.04656 5.54 0.92 2014 10 1 2 53 59.04 0.625391 0.741402 0.0617744 11
5.64452 5.27965 5.47 0.91 2014 6 23 13 36 36.07 0.625391 0.741402 0.0617744 11
5.07281 5.50137 5.11 0.91 2014 7 31 4 46 11.79 0.625391 0.741402 0.0617744 11
4.85039 5.72131 5.55 0.91 2014 9 22 19 16 28 0.625391 0.741402 0.0617744 11
5.33289 5.4073 5.48 0.91 2014 9 30 10 47 37.34 0.625391 0.741402 0.0617744 11
5.75029 5.22182 5.44 0.9 2014 6 21 16 35 56.66 0.625391 0.741402 0.0617744 11
5.75466 5.1987 5.51 0.9 2014 7 13 15 7 10.02 0.625391 0.741402 0.0617744 11
3.72149 5.98373 5.27 0.9 2014 8 13 0 7 33.72 0.625391 0.741402 0.0617744 11
4.64525 5.84796 5.68 0.9 2014 9 19 8 11 57.43 0.625391 0.741402 0.0617744 11
4.06562 5.84974 4.99 0.88 2014 8 5 19 58 16.7 0.625391 0.741402 0.0617744 11
4.49745 5.8245 5.01 0.88 2014 8 11 2 41 52.85 0.625391 0.741402 0.0617744 11
6.0394 5.03357 5.3 0.88 2014 8 15 9 2 18.21 0.625391 0.741402 0.0617744 11
3.79459 5.9258 5.03 0.87 2014 8 14 23 37 22.44 0.625391 0.741402 0.0617744 11
4.39239 5.87287 5.1 0.87 2014 8 26 13 41 44.2 0.625391 0.741402 0.0617744 11
5.2467 5.41997 5.57 0.86 2014 6 26 3 29 48.65 0.625391 0.741402 0.0617744 11
4.09171 5.93625 5.24 0.86 2014 8 10 0 33 13.38 0.625391 0.741402 0.0617744 11
4.56628 5.77424 4.96 0.85 2014 4 30 17 27 25.46 0.625391 0.741402 0.0617744 11
4.82279 5.69274 5.36 0.85 2014 10 2 1 40 38.83 0.625391 0.741402 0.0617744 11
5.64665 5.28109 5.46 0.84 2014 6 23 9 31 34.77 0.625391 0.741402 0.0617744 11
4.94308 5.61768 5.09 0.84 2014 8 17 8 49 20.34 0.625391 0.741402 0.0617744 11
4.82938 5.73666 5.45 0.84 2014 10 2 1 44 46.59 0.625391 0.741402 0.0617744 11
5.78217 5.10952 5.59 0.83 2014 6 23 10 36 1.85 0.625391 0.741402 0.0617744 11
4.38731 5.85697 5.02 0.79 2014 8 10 15 32 43.42 0.625391 0.741402 0.0617744 11
4.71194 5.73844 5.27 0.79 2014 10 2 2 41 42.07 0.625391 0.741402 0.0617744 11
4.81843 5.74033 5.62 0.79 2014 10 6 8 19 50.48 0.625391 0.741402 0.0617744 11
5.21625 5.55975 5.37 0.78 2014 10 2 8 6 57.3 0.625391 0.741402 0.0617744 11
3.61856 6.043 5.2 0.77 2014 10 24 23 6 55.26 0.625391 0.741402 0.0617744 11
4.93364 5.62624 4.98 0.76 2014 7 17 7 43 52.58 0.625391 0.741402 0.0617744 11
4.93364 5.61901 4.99 0.76 2014 7 28 22 43 54 0.625391 0.741402 0.0617744 11
4.70758 5.81716 5.64 0.76 2014 9 19 11 3 12.2 0.625391 0.741402 0.0617744 11
4.84096 5.73399 5.69 0.76 2014 9 26 2 4 2.28 0.625391 0.741402 0.0617744 11
5.32932 5.41542 5.46 0.76 2014 9 30 9 44 27.92 0.625391 0.741402 0.0617744 11
3.90259 5.92491 5.12 0.74 2014 8 10 8 56 24.85 0.625391 0.741402 0.0617744 11
5.28436 5.45656 5.41 0.74 2014 10 18 22 28 43.34 0.625391 0.741402 0.0617744 11
3.83154 5.95838 5.23 0.73 2014 8 10 16 10 51.07 0.625391 0.741402 0.0617744 11
5.11483 5.55574 5.46 0.73 2014 9 25 1 18 9.03 0.625391 0.741402 0.0617744 11
5.16478 5.53395 5.37 0.72 2014 7 1 18 58 13.88 0.625391 0.741402 0.0617744 11
4.25545 5.93481 5.54 0.72 2014 8 19 18 45 44.38 0.625391 0.741402 0.0617744 11
5.89952 5.13487 5.42 0.72 2014 9 25 11 15 51.59 0.625391 0.741402 0.0617744 11
5.44089 5.43943 5.5 0.7 2014 9 30 3 24 45.24 0.625391 0.741402 0.0617744 11
3.80768 5.94982 5.14 0.7 2014 10 1 4 11 2.4 0.625391 0.741402 0.0617744 11
5.56189 5.29232 5.39 0.69 2014 6 23 11 19 12.81 0.625391 0.741402 0.0617744 11
4.05769 5.96149 5.47 0.69 2014 10 2 12 59 54.73 0.625391 0.741402 0.0617744 11
4.06491 5.94348 5.27 0.68 2014 8 13 2 6 21.87 0.625391 0.741402 0.0617744 11
4.84959 5.67561 5.36 0.68 2014 10 2 0 5 21.6 0.625391 0.741402 0.0617744 11
3.75114 5.93981 5.05 0.68 2014 10 4 18 42 56.06 0.625391 0.741402 0.0617744 11
4.68078 5.753 5.16 0.66 2014 8 11 7 16 18.12 0.625391 0.741402 0.0617744 11
4.51775 5.84207 5.29 0.66 2014 8 11 23 10 2.22 0.625391 0.741402 0.0617744 11
4.21921 5.91134 5.21 0.66 2014 10 1 14 42 1.47 0.625391 0.741402 0.0617744 11
4.81843 5.68784 5.37 0.65 2014 10 3 7 36 14.31 0.625391 0.741402 0.0617744 11
3.82433 5.91679 5.03 0.64 2014 8 15 9 52 56.62 0.625391 0.741402 0.0617744 11
4.51339 5.82539 5.08 0.64 2014 8 26 8 52 53.53 0.625391 0.741402 0.0617744 11
4.67722 5.81672 5.56 0.64 2014 10 1 10 28 7.71 0.625391 0.741402 0.0617744 11
4.85111 5.66794 5.33 0.64 2014 10 3 3 10 30.94 0.625391 0.741402 0.0617744 11
3.61785 6.04166 5.21 0.64 2014 11 3 10 2 4.76 0.625391 0.741402 0.0617744 11
5.23005 5.42398 5.33 0.63 2014 6 23 15 30 49.96 0.625391 0.741402 0.0617744 11
5.0185 5.57876 5.26 0.63 2014 10 2 1 55 37.76 0.625391 0.741402 0.0617744 11
6.02417 5.05892 5.76 0.61 2015 5 26 8 13 13 0.625391 0.741402 0.0617744 11
5.29522 5.46657 5.55 0.6 2014 7 14 5 24 22.26 0.625391 0.741402 0.0617744 11
4.79964 5.68328 5.26 0.6 2014 10 3 3 2 54.05 0.625391 0.741402 0.0617744 11
5.16843 5.52261 5.23 0.58 2014 7 1 17 45 27.84 0.625391 0.741402 0.0617744 11
3.72069 5.9824 5.19 0.58 2014 10 25 18 36 58.52 0.625391 0.741402 0.0617744 11
5.42709 5.37427 5.42 0.57 2014 6 23 10 54 25.82 0.625391 0.741402 0.0617744 11
5.88509 5.13765 5.44 0.57 2014 9 25 11 2 33.49 0.625391 0.741402 0.0617744 11
5.2329 5.51316 5.11 0.57 2015 3 6 13 57 23.43 0.625391 0.741402 0.0617744 11
5.19239 5.51271 5.25 0.56 2014 7 2 12 16 59.75 0.625391 0.741402 0.0617744 11
3.59613 6.03032 5.1 0.55 2014 9 21 5 33 35.4 0.625391 0.741402 0.0617744 11
5.08803 5.56653 5.36 0.54 2014 7 2 9 39 30.77 0.625391 0.741402 0.0617744 11
5.89302 5.16022 5.34 0.53 2014 6 21 22 44 57.56 0.625391 0.741402 0.0617744 11
4.46851 5.85386 5.17 0.53 2014 10 1 19 34 33.36 0.625391 0.741402 0.0617744 11
4.92349 5.66205 5.46 0.53 2014 10 2 1 25 58.22 0.625391 0.741402 0.0617744 11
5.75323 5.12631 5.48 0.52 2015 2 15 5 28 56.1 0.625391 0.741402 0.0617744 11
5.61042 5.24851 5.69 0.51 2014 6 23 12 13 15.72 0.625391 0.741402 0.0617744 11
5.18295 5.50904 5.33 0.51 2014 6 25 9 47 57.3 0.625391 0.741402 0.0617744 11
5.2329 5.49103 5.26 0.5 2014 7 1 17 48 27.76 0.625391 0.741402 0.0617744 11
4.70829 5.78458 5.28 0.5 2014 9 8 10 17 36.5 0.625391 0.741402 0.0617744 11
4.90328 5.64437 5.15 0.5 2014 10 2 1 38 7.9 0.625391 0.741402 0.0617744 11
5.18001 5.51949 5.19 0.49 2014 6 25 8 47 15.8 0.625391 0.741402 0.0617744 11
4.88441 5.63258 5.22 0.49 2014 10 2 7 11 5 0.625391 0.741402 0.0617744 11
5.82713 5.18102 5.53 0.48 2014 6 22 3 31 5.81 0.625391 0.741402 0.0617744 11
4.06491 5.94481 5.26 0.46 2014 8 10 11 6 24.58 0.625391 0.741402 0.0617744 11
4.67428 5.77335 5.33 0.46 2014 10 19 23 8 51.42 0.625391 0.741402 0.0617744 11
5.30324 5.46612 5.2 0.45 2014 10 7 7 19 49.86 0.625391 0.741402 0.0617744 11
4.42934 5.82495 4.97 0.44 2014 8 11 3 1 54.75 0.625391 0.741402 0.0617744 11
5.83871 5.12953 5.65 0.44 2014 9 25 5 28 30.9 0.625391 0.741402 0.0617744 11
5.26121 5.48191 5.58 0.44 2014 10 18 3 58 43.95 0.625391 0.741402 0.0617744 11
4.2323 5.89589 5.19 0.43 2014 8 10 4 25 33.3 0.625391 0.741402 0.0617744 11
4.86268 5.67961 5.23 0.43 2014 10 2 2 49 29.68 0.625391 0.741402 0.0617744 11
4.51917 5.81227 5.01 0.41 2014 8 27 13 25 39.81 0.625391 0.741402 0.0617744 11
4.53226 5.87287 5.35 0.41 2014 10 1 6 17 15.18 0.625391 0.741402 0.0617744 11
4.98226 5.59055 5.25 0.41 2014 10 2 0 46 2.33 0.625391 0.741402 0.0617744 11
5.22711 5.49781 5.01 0.41 2015 3 30 4 24 46.63 0.625391 0.741402 0.0617744 11
4.95394 5.61401 5.03 0.4 2014 8 22 12 16 56.73 0.625391 0.741402 0.0617744 11
4.75539 5.72265 5.17 0.4 2014 8 27 10 3 55.59 0.625391 0.741402 0.0617744 11
4.15332 5.94114 5.4 0.39 2014 8 11 2 6 56.88 0.625391 0.741402 0.0617744 11
5.05251 5.56064 5.06 0.39 2014 8 17 7 10 36.18 0.625391 0.741402 0.0617744 11
4.81994 5.67695 5.18 0.39 2014 10 2 0 38 12.57 0.625391 0.741402 0.0617744 11
4.5149 5.83395 5.21 0.38 2014 8 11 7 8 30.32 0.625391 0.741402 0.0617744 11
3.88665 5.99908 5.23 0.38 2015 2 27 3 26 1.87 0.625391 0.741402 0.0617744 11
4.17789 5.88421 5.13 0.37 2014 8 9 9 33 27.43 0.625391 0.741402 0.0617744 11
5.13656 5.54118 5.18 0.35 2014 6 25 9 1 44.6 0.625391 0.741402 0.0617744 11
5.4351 5.36838 5.21 0.35 2014 6 25 9 15 20.93 0.625391 0.741402 0.0617744 11
4.84674 5.68962 5.06 0.33 2014 10 3 6 46 18.88 0.625391 0.741402 0.0617744 11
4.53013 5.82806 5.18 0.32 2014 8 26 2 47 52.04 0.625391 0.741402 0.0617744 11
5.16772 5.52539 5.23 0.31 2014 7 2 5 36 17.85 0.625391 0.741402 0.0617744 11
4.49674 5.84251 5.17 0.31 2014 8 26 2 54 7.68 0.625391 0.741402 0.0617744 11
4.05333 5.96739 5.43 0.3 2014 8 30 4 27 43.91 0.625391 0.741402 0.0617744 11
5.19888 5.50904 5.22 0.29 2014 10 7 7 29 44.87 0.625391 0.741402 0.0617744 11
5.83942 5.17245 5.49 0.27 2014 9 25 11 33 49.8 0.625391 0.741402 0.0617744 11
6.04883 4.97197 5.72 0.27 2014 12 30 5 39 32.33 0.625391 0.741402 0.0617744 11
4.96632 5.60867 5.34 0.24 2014 10 2 1 17 24.5 0.625391 0.741402 0.0617744 11
5.14885 5.4828 5.27 0.24 2014 10 2 4 38 21.14 0.625391 0.741402 0.0617744 11
4.27361 5.95071 5.49 0.23 2014 10 1 8 1 3.54 0.625391 0.741402 0.0617744 11
5.28436 5.45211 5.45 0.21 2014 7 14 8 31 33.54 0.625391 0.741402 0.0617744 11
5.2199 5.50226 5.21 0.15 2014 10 7 7 29 58.98 0.625391 0.741402 0.0617744 11
5.2938 5.44755 5.43 0.13 2014 10 18 22 27 47.22 0.625391 0.741402 0.0617744 11
4.31412 5.89689 5.24 0.07 2014 8 12 3 33 39.55 0.625391 0.741402 0.0617744 11
10.4659 0.349708 4.46 1.98 2014 9 13 2 2 22.14 0.318123 0.84537 0.144506 12
10.2456 0.762352 4.54 1.31 2014 12 12 22 6 26.48 0.318123 0.84537 0.144506 12
10.2797 0.729328 4.52 1.28 2014 12 15 6 9 54.15 0.318123 0.84537 0.144506 12
10.2558 0.763798 4.54 1.23 2014 12 13 5 22 2.27 0.318123 0.84537 0.144506 12
10.1514 0.846972 4.58 1.2 2014 12 7 6 57 45.91 0.318123 0.84537 0.144506 12
10.2326 0.785481 4.56 1.12 2014 12 13 4 0 19.77 0.318123 0.84537 0.144506 12
10.4499 0.338033 4.41 1.1 2014 9 13 1 25 26.15 0.318123 0.84537 0.144506 12
10.2638 0.745673 4.51 1.1 2014 12 13 8 34 55.35 0.318123 0.84537 0.144506 12
10.2065 0.78726 4.52 1.09 2014 12 12 20 21 10.24 0.318123 0.84537 0.144506 12
10.2109 0.725325 4.86 1.07 2014 12 13 4 8 3.71 0.318123 0.84537 0.144506 12
10.1384 0.854199 4.55 1.04 2014 12 6 22 43 8.72 0.318123 0.84537 0.144506 12
10.4673 0.339812 4.45 1.01 2014 9 13 2 0 35.39 0.318123 0.84537 0.144506 12
10.2007 0.804495 4.52 1.01 2014 12 12 19 28 39.5 0.318123 0.84537 0.144506 12
10.158 0.836186 4.54 1 2014 12 8 13 25 35.29 0.318123 0.84537 0.144506 12
10.1884 0.818506 4.57 0.97 2014 12 15 6 43 52.69 0.318123 0.84537 0.144506 12
10.1913 0.814392 4.56 0.92 2014 12 8 6 34 54.25 0.318123 0.84537 0.144506 12
10.5369 0.302228 4.47 0.86 2014 9 13 6 3 10.58 0.318123 0.84537 0.144506 12
10.1587 0.824844 4.49 0.8 2014 12 12 0 38 34.95 0.318123 0.84537 0.144506 12
10.1362 0.852865 4.53 0.79 2014 12 19 15 48 15.21 0.318123 0.84537 0.144506 12
10.5522 0.299559 4.5 0.72 2014 9 13 6 10 45.03 0.318123 0.84537 0.144506 12
10.1775 0.827068 4.56 0.58 2014 12 13 5 35 55.24 0.318123 0.84537 0.144506 12
10.6203 0.251634 4.62 0.58 2015 8 23 22 10 37.44 0.318123 0.84537 0.144506 12
10.458 0.631142 4.53 0.57 2015 7 2 6 56 54.26 0.318123 0.84537 0.144506 12
10.1869 0.82073 4.59 0.56 2014 12 15 6 45 21.76 0.318123 0.84537 0.144506 12
10.1797 0.828958 4.62 0.54 2014 12 15 1 21 43.61 0.318123 0.84537 0.144506 12
10.1826 0.860982 4.25 0.39 2015 5 2 4 52 13.18 0.318123 0.84537 0.144506 12
10.1703 0.808054 4.63 0.33 2014 12 8 3 37 40.44 0.318123 0.84537 0.144506 12
10.1819 0.794488 4.66 0.23 2014 12 7 19 10 43.2 0.318123 0.84537 0.144506 12
10.2079 0.798602 4.58 0.18 2014 12 8 7 5 9.3 0.318123 0.84537 0.144506 12
4.68514 5.62079 7.29 1.67 2015 4 12 8 8 59.78 0.119006 0.533995 0.641462 13
4.80249 5.53806 7.29 1.43 2015 10 4 23 17 9.62 0.119006 0.533995 0.641462 13
4.4475 5.70997 7.1 1.22 2015 6 20 5 11 0.55 0.119006 0.533995 0.641462 13
4.57135 5.65026 7.17 1.13 2015 2 3 6 37 51.05 0.119006 0.533995 0.641462 13
4.8105 5.54662 7.36 1.01 2015 10 5 12 8 58.82 0.119006 0.533995 0.641462 13
4.76919 5.55841 7.27 1.01 2015 10 5 12 9 5.39 0.119006 0.533995 0.641462 13
4.75904 5.55574 7.3 0.98 2015 10 4 23 19 19.38 0.119006 0.533995 0.641462 13
4.74382 5.5652 7.29 0.98 2015 10 9 0 54 5.94 0.119006 0.533995 0.641462 13
4.60688 5.64025 7.24 0.88 2015 2 3 6 37 4.19 0.119006 0.533995 0.641462 13
4.79964 5.54162 7.28 0.86 2015 10 4 22 30 59.98 0.119006 0.533995 0.641462 13
4.6692 5.61679 7.35 0.69 2015 7 3 17 24 2.28 0.119006 0.533995 0.641462 13
4.48587 5.65793 7.42 0.53 2015 6 17 6 19 51.75 0.119006 0.533995 0.641462 13
4.63154 5.64259 7.31 0.52 2015 2 3 6 37 39.2 0.119006 0.533995 0.641462 13
4.79528 5.53851 7.31 0.44 2015 10 4 23 24 43.84 0.119006 0.533995 0.641462 13
4.63875 5.6258 7.34 0.43 2015 2 2 8 26 14.14 0.119006 0.533995 0.641462 13
4.77062 5.56019 7.22 0.4 2015 10 4 22 53 10.24 0.119006 0.533995 0.641462 13
4.46415 5.66794 7.42 0.37 2015 6 18 1 46 9.62 0.119006 0.533995 0.641462 13
4.60688 5.66516 7.17 0.35 2015 2 3 6 38 31.61 0.119006 0.533995 0.641462 13
4.78584 5.55207 7.4 0.35 2015 9 26 9 50 22.35 0.119006 0.533995 0.641462 13
4.61925 5.63803 7.33 0.33 2015 2 2 8 47 28.07 0.119006 0.533995 0.641462 13
4.79243 5.57109 7.22 0.32 2015 9 26 13 38 22.78 0.119006 0.533995 0.641462 13
4.42862 5.67961 7.39 0.3 2015 6 20 5 28 32.67 0.119006 0.533995 0.641462 13
4.43156 5.68506 7.37 0.13 2015 6 19 11 47 0.3 0.119006 0.533995 0.641462 13
4.75112 5.46245 7.45 0.1 2015 5 19 1 30 14.35 0.119006 0.533995 0.641462 13
4.42355 5.68373 7.39 0.08 2015 6 19 5 23 17.26 0.119006 0.533995 0.641462 13
6.69222 4.20517 6.47 1.3 2014 4 11 12 41 6.02 0.267508 0.143793 0.829847 14
6.83503 3.76762 6.54 0.85 2015 1 9 13 10 37.63 0.267508 0.143793 0.829847 14
6.84011 4.13412 6.43 0.71 2015 1 6 5 48 40.25 0.267508 0.143793 0.829847 14
6.69302 4.1866 6.53 0.7 2014 7 23 2 54 42.59 0.267508 0.143793 0.829847 14
6.85961 4.12733 6.5 0.42 2014 3 13 9 47 42.75 0.267508 0.143793 0.829847 14
6.84946 4.12544 6.57 0.3 2014 4 25 3 19 23.82 0.267508 0.143793 0.829847 14
6.78286 4.15357 6.57 0.22 2014 3 13 9 9 50.32 0.267508 0.143793 0.829847 14
6.64806 4.21195 6.48 0.2 2014 4 20 7 19 12.95 0.267508 0.143793 0.829847 14
6.87483 4.11733 6.56 0.17 2014 3 13 13 19 56.99 0.267508 0.143793 0.829847 14
6.87991 4.12778 6.46 -0.04 2015 1 6 5 51 33.32 0.267508 0.143793 0.829847 14
18.8406 1.19223 7.95 3.65 2015 1 19 1 1 3.37 0.700146 0.36531 0.86587 15
18.7544 1.15242 7.94 3.62 2015 1 13 9 59 46.48 0.700146 0.36531 0.86587 15
18.582 0.999531 7.8 3.56 2015 1 1 14 44 8.55 0.700146 0.36531 0.86587 15
18.3494 0.975513 7.72 3.31 2019 1 7 16 43 7.32 0.700146 0.36531 0.86587 15
18.7037 1.12841 7.97 2.88 2016 1 2 5 8 11.54 0.700146 0.36531 0.86587 15
18.9087 1.33834 8.12 2.81 2014 12 31 4 49 33.49 0.700146 0.36531 0.86587 15
18.6798 1.13252 7.98 2.79 2014 11 28 3 35 25.92 0.700146 0.36531 0.86587 15
18.7994 1.19535 7.99 2.77 2014 11 26 5 57 10.83 0.700146 0.36531 0.86587 15
18.9754 1.28319 8.08 2.77 2015 1 16 0 15 57.82 0.700146 0.36531 0.86587 15
18.4212 1.02666 7.75 2.77 2019 4 13 13 38 3 0.700146 0.36531 0.86587 15
18.645 1.15153 8.09 2.75 2014 11 26 9 14 25.84 0.700146 0.36531 0.86587 15
18.3733 0.971844 7.74 2.57 2019 3 31 10 12 44.9 0.700146 0.36531 0.86587 15
18.7574 1.15109 8 2.54 2014 12 3 3 13 38.98 0.700146 0.36531 0.86587 15
18.4139 0.995417 7.97 2.46 2018 11 25 23 50 36.28 0.700146 0.36531 0.86587 15
18.8994 1.24649 8 2.42 2014 11 30 1 46 17.32 0.700146 0.36531 0.86587 15
18.4095 1.00765 7.7 2.4 2015 2 16 21 15 4.16 0.700146 0.36531 0.86587 15
18.4052 1.00487 7.71 2.35 2019 1 18 22 7 5.2 0.700146 0.36531 0.86587 15
18.6935 1.15198 7.99 2.28 2014 11 26 5 29 13.84 0.700146 0.36531 0.86587 15
18.348 0.986855 7.77 2.28 2015 3 3 11 10 59.68 0.700146 0.36531 0.86587 15
19.0523 1.26051 8 2.25 2014 12 23 16 21 4.12 0.700146 0.36531 0.86587 15
17.6958 1.00086 7.46 2.15 2014 9 8 20 50 41.8 0.700146 0.36531 0.86587 15
18.8414 1.19223 7.96 2.09 2015 1 24 12 30 37.56 0.700146 0.36531 0.86587 15
18.8747 1.23204 8.01 2.08 2014 11 19 0 46 4.37 0.700146 0.36531 0.86587 15
18.3936 1.00854 7.72 2.06 2019 5 30 8 22 1.59 0.700146 0.36531 0.86587 15
19.4001 1.48312 8.3 2.04 2015 2 11 8 48 32.8 0.700146 0.36531 0.86587 15
18.9356 1.24972 8.04 2.03 2014 11 12 8 44 22.49 0.700146 0.36531 0.86587 15
19.0029 1.30176 8.01 1.99 2015 1 8 15 36 41.58 0.700146 0.36531 0.86587 15
18.6639 1.1343 8.05 1.98 2014 11 25 9 33 43.56 0.700146 0.36531 0.86587 15
18.6849 1.13841 7.99 1.93 2015 1 19 0 42 56.94 0.700146 0.36531 0.86587 15
18.8516 1.21214 8.07 1.89 2014 11 23 5 14 32.35 0.700146 0.36531 0.86587 15
18.3363 0.952829 7.64 1.89 2019 1 7 17 20 34.92 0.700146 0.36531 0.86587 15
18.7508 1.15153 7.97 1.85 2015 1 4 14 45 20.43 0.700146 0.36531 0.86587 15
18.2407 1.27318 7.92 1.8 2018 3 6 1 11 33.05 0.700146 0.36531 0.86587 15
18.9689 1.27096 8.07 1.73 2014 11 25 21 38 6.24 0.700146 0.36531 0.86587 15
18.5711 1.07637 7.97 1.72 2015 8 13 4 31 20.87 0.700146 0.36531 0.86587 15
18.9066 1.24605 8.02 1.7 2014 11 5 15 25 42.66 0.700146 0.36531 0.86587 15
18.5704 1.09093 8.04 1.69 2015 1 4 19 58 24.94 0.700146 0.36531 0.86587 15
19.3848 1.47589 8.27 1.67 2015 3 13 1 44 2.14 0.700146 0.36531 0.86587 15
18.5718 1.08726 8.05 1.66 2015 1 28 0 30 33.89 0.700146 0.36531 0.86587 15
18.569 1.09138 8.03 1.62 2014 11 25 10 1 6.67 0.700146 0.36531 0.86587 15
18.9008 1.22481 7.98 1.62 2015 1 12 5 2 30.97 0.700146 0.36531 0.86587 15
18.5936 1.09316 7.99 1.58 2014 12 3 10 9 55.99 0.700146 0.36531 0.86587 15
18.5769 1.09316 8.05 1.57 2015 1 18 3 55 3 0.700146 0.36531 0.86587 15
19.1921 1.40439 8.06 1.55 2015 1 23 13 48 21.7 0.700146 0.36531 0.86587 15
18.582 1.09271 8.03 1.54 2015 6 19 1 52 18.44 0.700146 0.36531 0.86587 15
18.6313 1.11217 7.99 1.53 2014 11 22 1 11 10.11 0.700146 0.36531 0.86587 15
18.5958 1.08726 7.97 1.53 2014 11 30 22 37 6.52 0.700146 0.36531 0.86587 15
18.5653 1.09093 8 1.52 2014 11 20 23 7 41.2 0.700146 0.36531 0.86587 15
18.8364 1.17956 7.94 1.51 2015 3 20 16 47 17.47 0.700146 0.36531 0.86587 15
18.669 1.13752 8.05 1.5 2014 11 22 10 59 23.55 0.700146 0.36531 0.86587 15
18.782 1.16421 7.99 1.47 2014 12 7 9 32 3.5 0.700146 0.36531 0.86587 15
18.5914 1.09038 7.99 1.47 2014 12 31 12 42 26.53 0.700146 0.36531 0.86587 15
18.7131 1.33245 7.92 1.44 2014 9 2 22 41 6.54 0.700146 0.36531 0.86587 15
18.774 1.15287 7.97 1.43 2015 4 27 7 12 0.74 0.700146 0.36531 0.86587 15
18.9103 1.2515 8.02 1.41 2014 11 4 14 56 10.81 0.700146 0.36531 0.86587 15
19.1312 1.3777 8 1.4 2015 2 18 22 22 32.56 0.700146 0.36531 0.86587 15
18.6805 1.14342 8 1.39 2014 11 27 12 42 18.42 0.700146 0.36531 0.86587 15
18.9363 1.30576 7.98 1.39 2015 1 1 21 7 23.04 0.700146 0.36531 0.86587 15
19.2899 1.47 8 1.39 2015 1 25 19 43 40 0.700146 0.36531 0.86587 15
18.7639 1.14386 7.95 1.38 2014 12 14 0 14 15.94 0.700146 0.36531 0.86587 15
19.4479 1.49769 8.08 1.38 2015 1 24 23 34 52.58 0.700146 0.36531 0.86587 15
18.9385 1.2406 7.98 1.37 2015 1 9 10 20 31.47 0.700146 0.36531 0.86587 15
18.6537 1.1293 8.08 1.36 2014 11 21 2 3 16.64 0.700146 0.36531 0.86587 15
18.6009 1.06958 7.94 1.36 2014 12 31 5 21 52.53 0.700146 0.36531 0.86587 15
18.603 1.09227 7.98 1.35 2015 1 8 7 10 51.72 0.700146 0.36531 0.86587 15
18.6617 1.12618 7.98 1.33 2014 11 26 21 20 30.14 0.700146 0.36531 0.86587 15
18.8559 1.20124 7.98 1.33 2015 1 4 23 2 40.8 0.700146 0.36531 0.86587 15
18.6001 1.07236 7.96 1.31 2014 11 30 22 37 55.72 0.700146 0.36531 0.86587 15
18.5733 1.09405 8.05 1.3 2014 12 31 8 17 48.61 0.700146 0.36531 0.86587 15
18.5718 1.09994 8.04 1.29 2014 11 26 9 15 44.65 0.700146 0.36531 0.86587 15
18.8255 1.18589 7.98 1.29 2015 1 27 14 21 44.74 0.700146 0.36531 0.86587 15
18.9936 1.28953 7.93 1.26 2015 2 22 13 13 45.78 0.700146 0.36531 0.86587 15
19.1653 1.29309 7.98 1.25 2015 1 19 14 23 22.53 0.700146 0.36531 0.86587 15
19.0754 1.27463 8.03 1.22 2014 12 27 21 35 14.2 0.700146 0.36531 0.86587 15
18.5936 1.08993 7.98 1.22 2015 8 13 2 35 59.12 0.700146 0.36531 0.86587 15
18.7255 1.33289 7.91 1.21 2014 9 21 10 58 58.93 0.700146 0.36531 0.86587 15
18.8754 1.27507 7.98 1.21 2015 1 6 22 33 55.88 0.700146 0.36531 0.86587 15
18.4023 0.947047 7.61 1.21 2015 2 1 2 29 34.32 0.700146 0.36531 0.86587 15
18.4986 1.09583 7.96 1.21 2015 3 29 17 6 4.16 0.700146 0.36531 0.86587 15
18.5675 1.08504 7.99 1.2 2014 11 28 3 37 54.03 0.700146 0.36531 0.86587 15
17.1951 1.03845 7.36 1.2 2015 11 12 18 28 55.4 0.700146 0.36531 0.86587 15
18.6733 1.13708 8.03 1.19 2015 8 15 5 31 11.47 0.700146 0.36531 0.86587 15
18.5834 1.08593 7.98 1.18 2014 11 22 1 10 34.43 0.700146 0.36531 0.86587 15
19.2239 1.4243 8.09 1.18 2015 1 22 9 11 2.99 0.700146 0.36531 0.86587 15
18.5161 1.05513 7.81 1.18 2015 3 13 5 11 12.61 0.700146 0.36531 0.86587 15
18.9704 1.28586 8.1 1.17 2014 11 23 5 30 41.51 0.700146 0.36531 0.86587 15
19.0414 1.25194 7.99 1.17 2014 12 23 7 26 57.64 0.700146 0.36531 0.86587 15
19.4805 1.5157 8.09 1.15 2015 2 16 19 59 57.4 0.700146 0.36531 0.86587 15
18.4871 1.09994 8.11 1.14 2014 11 25 10 53 7.78 0.700146 0.36531 0.86587 15
18.6074 1.07548 7.89 1.13 2014 7 9 1 46 52.79 0.700146 0.36531 0.86587 15
18.561 1.06603 7.97 1.12 2014 12 1 9 14 9.29 0.700146 0.36531 0.86587 15
17.8074 0.975513 7.48 1.09 2014 9 8 22 12 31.22 0.700146 0.36531 0.86587 15
18.832 1.19724 7.99 1.08 2014 11 19 0 26 29.34 0.700146 0.36531 0.86587 15
19.4472 1.49624 8.08 1.07 2015 1 24 13 38 3.95 0.700146 0.36531 0.86587 15
19.1442 1.38905 8.07 1.07 2016 1 3 21 20 29.72 0.700146 0.36531 0.86587 15
18.59 1.08682 7.98 1.06 2014 11 22 2 31 19.78 0.700146 0.36531 0.86587 15
19.1754 1.31032 8.02 1.06 2014 12 24 2 18 17.6 0.700146 0.36531 0.86587 15
19.1138 1.35647 8 1.06 2015 2 5 16 25 54.65 0.700146 0.36531 0.86587 15
19.2015 1.41618 8.07 1.05 2015 1 22 6 44 22.38 0.700146 0.36531 0.86587 15
18.6277 1.11395 7.99 1.05 2016 1 2 23 6 2.92 0.700146 0.36531 0.86587 15
18.9414 1.2624 7.99 1.04 2014 12 6 8 9 42.15 0.700146 0.36531 0.86587 15
19.2856 1.45198 8.08 1.04 2015 2 18 11 28 40.09 0.700146 0.36531 0.86587 15
18.5762 1.09227 8.02 1.02 2014 11 28 3 38 35.64 0.700146 0.36531 0.86587 15
18.8798 1.21892 7.99 1.02 2014 12 31 3 46 19.84 0.700146 0.36531 0.86587 15
19.2051 1.42118 8.12 1.02 2015 6 26 19 33 39.16 0.700146 0.36531 0.86587 15
18.4487 1.08549 8.08 1.01 2015 2 8 20 34 10 0.700146 0.36531 0.86587 15
18.2328 0.894563 7.96 1.01 2015 2 18 16 6 36.2 0.700146 0.36531 0.86587 15
18.6139 1.28953 7.91 1 2014 9 2 22 46 57.44 0.700146 0.36531 0.86587 15
18.7341 1.38404 7.91 1 2014 11 25 21 20 1.4 0.700146 0.36531 0.86587 15
19.1442 1.38093 8 1 2015 1 21 1 20 0.94 0.700146 0.36531 0.86587 15
19.1631 1.28408 7.97 0.99 2015 1 24 23 28 35.96 0.700146 0.36531 0.86587 15
18.5697 1.09038 8.04 0.99 2016 1 2 22 35 42.52 0.700146 0.36531 0.86587 15
18.8008 1.17322 7.97 0.98 2014 12 23 22 31 32.24 0.700146 0.36531 0.86587 15
18.9327 1.26284 8.01 0.98 2015 1 14 1 22 37.88 0.700146 0.36531 0.86587 15
19.3428 1.16866 8.08 0.98 2015 1 24 20 8 8.58 0.700146 0.36531 0.86587 15
19.053 1.26051 8 0.97 2015 1 13 12 46 39.99 0.700146 0.36531 0.86587 15
18.6436 1.13797 8.12 0.97 2015 1 19 2 26 23.09 0.700146 0.36531 0.86587 15
19.0095 1.31032 8.08 0.96 2015 1 8 17 39 25.42 0.700146 0.36531 0.86587 15
18.7052 1.12162 7.97 0.96 2015 1 15 10 28 2.62 0.700146 0.36531 0.86587 15
18.6928 1.12207 7.97 0.95 2015 1 21 17 30 18.76 0.700146 0.36531 0.86587 15
18.7914 1.17822 7.99 0.94 2014 11 20 4 48 41.48 0.700146 0.36531 0.86587 15
17.1517 1.35424 7.22 0.93 2014 9 25 12 6 18.36 0.700146 0.36531 0.86587 15
17.2176 1.0628 7.56 0.93 2015 11 10 10 16 50.78 0.700146 0.36531 0.86587 15
18.908 1.24927 8.02 0.92 2014 11 4 5 32 16.27 0.700146 0.36531 0.86587 15
18.5508 1.07826 7.99 0.91 2015 1 18 3 54 32.8 0.700146 0.36531 0.86587 15
19.5138 1.53838 8.18 0.91 2015 2 12 1 13 55.3 0.700146 0.36531 0.86587 15
19.3957 1.33245 8.24 0.91 2015 3 22 6 23 8.77 0.700146 0.36531 0.86587 15
18.4827 1.3995 7.88 0.9 2014 9 3 5 0 54.03 0.700146 0.36531 0.86587 15
19.2305 1.43842 8.34 0.89 2016 4 12 6 41 9.89 0.700146 0.36531 0.86587 15
18.6935 1.14742 7.99 0.88 2014 11 24 3 31 57.83 0.700146 0.36531 0.86587 15
18.795 1.17366 7.98 0.88 2014 11 29 7 21 24.89 0.700146 0.36531 0.86587 15
19.158 1.28097 7.95 0.88 2015 1 15 18 36 51.96 0.700146 0.36531 0.86587 15
18.8653 1.19946 7.95 0.86 2015 12 31 3 46 26 0.700146 0.36531 0.86587 15
18.5928 1.09038 7.98 0.85 2014 11 29 10 56 17.56 0.700146 0.36531 0.86587 15
19.3544 1.49179 8.03 0.85 2015 3 13 1 46 35.7 0.700146 0.36531 0.86587 15
18.5718 1.09772 8.06 0.84 2013 12 26 4 44 14.04 0.700146 0.36531 0.86587 15
18.2755 1.01354 7.86 0.84 2014 9 7 0 48 34.7 0.700146 0.36531 0.86587 15
19.2153 1.41306 8.07 0.84 2015 2 10 7 55 53 0.700146 0.36531 0.86587 15
18.5928 1.12207 8.11 0.83 2015 1 4 21 4 52.6 0.700146 0.36531 0.86587 15
18.9087 1.23026 7.99 0.82 2015 1 5 1 39 47.84 0.700146 0.36531 0.86587 15
19.1066 1.26595 7.94 0.82 2015 1 15 14 41 18.39 0.700146 0.36531 0.86587 15
19.0979 1.35013 8.08 0.82 2015 2 10 4 46 11.06 0.700146 0.36531 0.86587 15
19.2899 1.45098 8.33 0.82 2015 3 13 1 47 37.48 0.700146 0.36531 0.86587 15
18.766 1.15331 7.98 0.81 2014 11 25 8 36 14.21 0.700146 0.36531 0.86587 15
18.811 1.18723 7.98 0.81 2014 12 22 22 7 58.64 0.700146 0.36531 0.86587 15
19.0283 1.31755 8.05 0.81 2015 1 8 19 47 47.16 0.700146 0.36531 0.86587 15
19.2994 1.47911 8 0.81 2015 2 9 3 41 26.99 0.700146 0.36531 0.86587 15
19.129 1.36692 8.03 0.8 2015 1 22 4 54 9.52 0.700146 0.36531 0.86587 15
18.6472 1.12296 7.98 0.78 2014 11 26 9 35 41.37 0.700146 0.36531 0.86587 15
19.2827 1.4551 8.12 0.77 2015 1 23 0 38 37.71 0.700146 0.36531 0.86587 15
18.8479 1.19635 7.96 0.77 2016 2 22 23 59 57.48 0.700146 0.36531 0.86587 15
18.203 0.973289 7.65 0.77 2016 9 23 4 11 33.26 0.700146 0.36531 0.86587 15
19.2015 1.40762 8.08 0.76 2015 1 31 14 15 50.14 0.700146 0.36531 0.86587 15
18.5958 1.12073 8.11 0.75 2015 2 9 2 46 50.54 0.700146 0.36531 0.86587 15
19.1225 1.27007 8.04 0.74 2014 12 24 11 44 23.21 0.700146 0.36531 0.86587 15
18.932 1.24561 7.99 0.74 2015 1 5 1 21 43.98 0.700146 0.36531 0.86587 15
19.4855 1.53026 8.21 0.74 2015 1 31 10 4 1.75 0.700146 0.36531 0.86587 15
18.7928 1.16732 7.98 0.73 2014 11 13 7 9 52.02 0.700146 0.36531 0.86587 15
18.4255 1.4402 7.93 0.72 2014 10 27 4 47 3.7 0.700146 0.36531 0.86587 15
18.7422 1.16821 8.1 0.72 2014 11 25 11 51 23.2 0.700146 0.36531 0.86587 15
18.5291 1.10717 8.2 0.72 2015 1 13 22 36 26.76 0.700146 0.36531 0.86587 15
18.9689 1.26284 7.99 0.7 2015 1 8 18 19 26.64 0.700146 0.36531 0.86587 15
18.8581 1.20124 7.96 0.7 2015 3 8 15 3 22.88 0.700146 0.36531 0.86587 15
18.666 1.26595 8.05 0.69 2015 5 27 10 3 0.57 0.700146 0.36531 0.86587 15
19.382 1.47778 8.25 0.68 2015 1 26 3 54 25.12 0.700146 0.36531 0.86587 15
19.0761 1.34246 8.01 0.67 2015 1 19 21 57 3 0.700146 0.36531 0.86587 15
18.9168 1.23749 7.99 0.67 2015 8 15 5 34 41.69 0.700146 0.36531 0.86587 15
19.0726 1.33289 8.09 0.65 2014 11 26 6 45 44.88 0.700146 0.36531 0.86587 15
19.3645 1.47367 8.29 0.65 2015 2 11 8 50 17.96 0.700146 0.36531 0.86587 15
18.7472 1.16554 8.04 0.64 2014 11 25 9 37 8.23 0.700146 0.36531 0.86587 15
18.8827 1.2158 7.98 0.64 2015 2 28 20 28 14.48 0.700146 0.36531 0.86587 15
18.795 1.16421 7.97 0.63 2015 1 9 23 27 20.04 0.700146 0.36531 0.86587 15
18.5501 1.12796 8.21 0.62 2014 11 1 0 12 31.74 0.700146 0.36531 0.86587 15
19.2363 1.41796 7.98 0.6 2016 2 21 2 45 41.51 0.700146 0.36531 0.86587 15
18.9276 1.23882 7.98 0.58 2015 1 13 13 24 50.17 0.700146 0.36531 0.86587 15
19.229 1.33245 8.21 0.58 2016 6 15 14 34 35.72 0.700146 0.36531 0.86587 15
18.8364 1.2108 7.99 0.57 2014 11 12 8 51 47.69 0.700146 0.36531 0.86587 15
18.5262 0.999531 7.97 0.56 2015 1 5 5 38 8.71 0.700146 0.36531 0.86587 15
18.7994 1.18278 7.99 0.55 2014 11 14 10 47 4.07 0.700146 0.36531 0.86587 15
19.0558 1.33478 8.05 0.55 2015 1 23 3 29 16.76 0.700146 0.36531 0.86587 15
18.8465 1.19768 7.98 0.54 2015 1 13 10 14 43.74 0.700146 0.36531 0.86587 15
18.6697 1.13519 7.98 0.53 2014 12 31 12 52 17.42 0.700146 0.36531 0.86587 15
19.1812 1.40261 8.12 0.53 2015 1 31 14 16 19.04 0.700146 0.36531 0.86587 15
19.1929 1.30765 8.18 0.53 2016 6 9 5 9 34.63 0.700146 0.36531 0.86587 15
18.8066 1.185 7.99 0.52 2015 2 3 11 17 37.57 0.700146 0.36531 0.86587 15
18.6653 1.16688 8.18 0.52 2015 5 27 10 42 41.26 0.700146 0.36531 0.86587 15
18.8378 1.20213 7.99 0.49 2014 12 10 14 30 53.57 0.700146 0.36531 0.86587 15
18.769 1.17544 8.06 0.49 2015 2 18 12 53 38.22 0.700146 0.36531 0.86587 15
18.7718 1.1601 7.98 0.48 2014 11 13 7 13 30.26 0.700146 0.36531 0.86587 15
18.8211 1.18901 7.98 0.44 2015 1 30 11 23 26.12 0.700146 0.36531 0.86587 15
18.5986 1.11306 8.04 0.38 2013 12 26 0 40 53.61 0.700146 0.36531 0.86587 15
18.6893 1.15065 8.06 0.36 2014 11 21 3 28 16.6 0.700146 0.36531 0.86587 15
18.8646 1.44109 8.01 0.36 2014 12 29 0 41 15.47 0.700146 0.36531 0.86587 15
18.8204 1.18856 7.99 0.34 2015 1 18 7 23 23.8 0.700146 0.36531 0.86587 15
17.5277 1.45599 7.82 0.27 2013 12 18 1 26 47.54 0.700146 0.36531 0.86587 15
19.2239 1.12663 8.51 0.2 2013 9 11 3 58 14.88 0.700146 0.36531 0.86587 15
18.8341 1.20991 8.2 0.18 2016 1 2 5 27 48.48 0.700146 0.36531 0.86587 15
10.0101 1.00765 4.86 2.66 2015 4 29 1 21 42.27 0.904097 0.993837 0.827547 16
10.96 1.22937 5.31 2.23 2014 5 1 14 10 8.25 0.904097 0.993837 0.827547 16
10.8877 1.20402 5.29 1.98 2014 3 2 13 47 7.34 0.904097 0.993837 0.827547 16
11.226 1.4144 5.32 1.92 2015 1 8 23 41 2.38 0.904097 0.993837 0.827547 16
11.0499 1.29987 5.34 1.89 2015 12 3 18 12 15.52 0.904097 0.993837 0.827547 16
10.5079 1.08315 4.89 1.78 2015 1 1 14 47 28.66 0.904097 0.993837 0.827547 16
10.4869 1.09861 4.95 1.72 2015 1 14 9 25 40.32 0.904097 0.993837 0.827547 16
11.1166 1.35013 5.25 1.7 2014 3 29 12 32 11.21 0.904097 0.993837 0.827547 16
10.9558 1.23382 5.38 1.67 2014 2 18 12 0 36.8 0.904097 0.993837 0.827547 16
10.8681 1.16599 5.33 1.64 2015 1 30 7 21 19.33 0.904097 0.993837 0.827547 16
10.4818 1.10172 4.88 1.63 2015 1 11 15 10 24.79 0.904097 0.993837 0.827547 16
10.7746 1.13341 5.09 1.58 2014 8 6 2 44 41.4 0.904097 0.993837 0.827547 16
10.9521 1.23382 5.32 1.49 2014 2 18 11 17 9.89 0.904097 0.993837 0.827547 16
11.2013 1.46599 5.2 1.47 2014 6 4 8 31 25.78 0.904097 0.993837 0.827547 16
9.72171 1.03978 5.13 1.45 2015 4 29 1 24 51.96 0.904097 0.993837 0.827547 16
10.7529 1.18956 4.95 1.42 2014 4 8 1 27 26.91 0.904097 0.993837 0.827547 16
10.3072 1.22159 4.66 1.33 2015 3 17 0 12 23.78 0.904097 0.993837 0.827547 16
10.5166 1.07637 4.93 1.32 2015 1 19 14 34 33.52 0.904097 0.993837 0.827547 16
11.063 1.34968 5.17 1.31 2014 8 26 15 1 37.71 0.904097 0.993837 0.827547 16
10.3862 1.17099 4.74 1.31 2015 6 12 9 43 29.31 0.904097 0.993837 0.827547 16
10.905 1.20991 5.3 1.27 2014 2 17 22 7 10.96 0.904097 0.993837 0.827547 16
10.8347 1.15654 5.27 1.25 2014 2 20 18 54 56.56 0.904097 0.993837 0.827547 16
10.9507 1.21847 5.26 1.24 2014 2 18 2 9 32.61 0.904097 0.993837 0.827547 16
10.7644 1.11528 5.2 1.22 2015 1 30 8 1 32.47 0.904097 0.993837 0.827547 16
10.7651 1.13341 5.16 1.2 2014 2 17 10 52 19.11 0.904097 0.993837 0.827547 16
11.0854 1.29175 5.28 1.19 2014 6 13 21 49 16.72 0.904097 0.993837 0.827547 16
10.1253 0.895898 4.7 1.19 2015 9 10 8 49 34.45 0.904097 0.993837 0.827547 16
11.0608 1.32522 5.17 1.14 2014 8 5 21 26 50.68 0.904097 0.993837 0.827547 16
10.7021 1.10539 5.05 1.14 2014 8 6 2 21 7.35 0.904097 0.993837 0.827547 16
10.0246 0.935261 4.76 1.14 2015 4 29 1 48 53.42 0.904097 0.993837 0.827547 16
10.9746 1.24605 5.32 1.14 2015 12 3 18 25 17.72 0.904097 0.993837 0.827547 16
10.8238 1.16188 5.22 1.13 2014 2 15 8 8 46.17 0.904097 0.993837 0.827547 16
10.8246 1.15965 5.19 1.13 2014 2 21 17 29 21.86 0.904097 0.993837 0.827547 16
10.7666 1.12841 5.09 1.12 2014 2 26 19 5 57.8 0.904097 0.993837 0.827547 16
10.8651 1.1601 5.33 1.12 2014 3 2 14 19 51.03 0.904097 0.993837 0.827547 16
9.97894 1.04468 5.03 1.12 2015 4 29 2 15 13.72 0.904097 0.993837 0.827547 16
10.7579 1.19768 4.94 1.11 2013 12 15 11 14 2.06 0.904097 0.993837 0.827547 16
10.9289 1.11351 5.48 1.1 2014 1 21 0 9 3.84 0.904097 0.993837 0.827547 16
10.9833 1.25561 5.24 1.09 2014 2 18 5 41 47.67 0.904097 0.993837 0.827547 16
11.2137 1.43886 5.26 1.07 2014 7 20 0 55 48.03 0.904097 0.993837 0.827547 16
11.3593 1.31299 5.14 1.05 2015 1 13 6 58 6.27 0.904097 0.993837 0.827547 16
10.8478 1.17455 5.23 1.03 2014 2 17 4 21 3.63 0.904097 0.993837 0.827547 16
11.1456 1.36325 5.3 1.03 2014 4 3 10 48 0.58 0.904097 0.993837 0.827547 16
10.813 1.15743 5.09 1.02 2014 8 6 1 59 38.84 0.904097 0.993837 0.827547 16
10.863 1.1601 5.35 1.01 2014 2 19 13 40 37.29 0.904097 0.993837 0.827547 16
10.8811 1.18812 5.23 0.99 2014 8 9 6 50 57.95 0.904097 0.993837 0.827547 16
10.7325 1.17733 4.87 0.98 2014 8 16 10 2 40.59 0.904097 0.993837 0.827547 16
10.8333 1.15465 5.27 0.96 2014 2 16 21 11 7.04 0.904097 0.993837 0.827547 16
10.8471 1.17366 5.22 0.94 2014 2 15 7 33 0.32 0.904097 0.993837 0.827547 16
10.9159 1.20624 5.25 0.94 2014 2 16 13 39 6.52 0.904097 0.993837 0.827547 16
10.0036 1.3836 4.97 0.94 2015 4 28 0 6 47.54 0.904097 0.993837 0.827547 16
10.9028 0.95105 5.51 0.93 2015 5 12 10 5 33.78 0.904097 0.993837 0.827547 16
10.6949 1.16821 5.18 0.92 2014 1 13 17 15 6.12 0.904097 0.993837 0.827547 16
10.8716 1.17144 5.19 0.92 2014 8 9 3 44 46.01 0.904097 0.993837 0.827547 16
11.2013 1.41707 5.31 0.91 2015 1 14 18 17 45.82 0.904097 0.993837 0.827547 16
10.9159 1.21258 5.21 0.9 2014 3 16 14 39 47.58 0.904097 0.993837 0.827547 16
10.934 1.21714 5.26 0.89 2014 2 18 1 9 33.13 0.904097 0.993837 0.827547 16
11.1419 1.36058 5.43 0.89 2015 1 13 7 53 20.62 0.904097 0.993837 0.827547 16
10.8739 1.18089 4.95 0.87 2014 8 10 3 58 31.27 0.904097 0.993837 0.827547 16
11.0673 1.30265 5.2 0.86 2014 5 11 19 21 34.82 0.904097 0.993837 0.827547 16
11.0485 1.30031 5.26 0.86 2015 11 28 13 9 16.56 0.904097 0.993837 0.827547 16
10.6942 1.1651 5.2 0.85 2014 1 13 16 58 1.71 0.904097 0.993837 0.827547 16
10.947 1.2207 5.29 0.85 2014 2 18 2 59 25.41 0.904097 0.993837 0.827547 16
10.6898 1.11084 5.12 0.84 2014 2 19 9 10 25.43 0.904097 0.993837 0.827547 16
10.8898 1.18723 5.35 0.84 2014 3 9 4 8 7.66 0.904097 0.993837 0.827547 16
10.9891 1.25194 5.19 0.84 2014 5 1 14 21 22.72 0.904097 0.993837 0.827547 16
10.8514 1.17778 5.25 0.83 2014 2 17 21 55 17.1 0.904097 0.993837 0.827547 16
10.7884 1.15242 5.13 0.83 2014 2 26 19 34 31.6 0.904097 0.993837 0.827547 16
11.0673 1.30354 5.21 0.83 2015 1 11 4 4 13.41 0.904097 0.993837 0.827547 16
10.9427 1.22392 5.3 0.82 2014 2 18 5 38 12.07 0.904097 0.993837 0.827547 16
11.147 1.45421 5.17 0.82 2014 5 17 5 50 54.8 0.904097 0.993837 0.827547 16
10.7716 1.27096 4.84 0.81 2013 12 10 20 5 26.4 0.904097 0.993837 0.827547 16
10.9456 1.2307 5.35 0.81 2014 2 18 11 6 41.77 0.904097 0.993837 0.827547 16
10.0022 1.40217 4.96 0.8 2015 4 28 13 16 50.93 0.904097 0.993837 0.827547 16
10.8 1.27229 4.82 0.79 2014 2 26 22 45 51.8 0.904097 0.993837 0.827547 16
10.7623 1.13652 5.16 0.76 2014 2 19 6 32 36.44 0.904097 0.993837 0.827547 16
10.4304 1.13519 4.83 0.75 2015 1 9 1 52 46.36 0.904097 0.993837 0.827547 16
10.7203 1.19357 4.86 0.74 2014 2 22 2 18 48.97 0.904097 0.993837 0.827547 16
11.0412 1.30854 5.41 0.73 2014 2 20 0 3 49.25 0.904097 0.993837 0.827547 16
10.1311 0.888225 4.77 0.73 2014 9 16 6 23 12.8 0.904097 0.993837 0.827547 16
10.5079 1.0787 4.93 0.73 2015 1 21 3 28 7.2 0.904097 0.993837 0.827547 16
10.9057 1.20902 5.29 0.71 2014 2 16 22 47 6.36 0.904097 0.993837 0.827547 16
10.8934 1.17188 5.29 0.71 2014 3 2 14 18 50.24 0.904097 0.993837 0.827547 16
10.8203 1.1452 5.27 0.69 2014 8 6 8 55 43 0.904097 0.993837 0.827547 16
10.1833 0.971399 4.87 0.69 2015 1 14 4 42 46.01 0.904097 0.993837 0.827547 16
10.7289 1.18367 4.91 0.68 2014 8 8 0 39 33.97 0.904097 0.993837 0.827547 16
10.5543 0.957833 5.14 0.68 2014 9 18 18 58 49.98 0.904097 0.993837 0.827547 16
10.905 1.19134 5.32 0.67 2014 3 2 16 13 32.38 0.904097 0.993837 0.827547 16
10.926 1.22937 5.38 0.66 2014 2 18 10 53 11.3 0.904097 0.993837 0.827547 16
11.0919 1.31299 5.25 0.63 2014 3 18 3 1 59.38 0.904097 0.993837 0.827547 16
9.93985 1.0578 4.81 0.63 2014 9 21 22 1 28.96 0.904097 0.993837 0.827547 16
10.4855 1.03067 5.08 0.63 2015 1 18 22 40 6.1 0.904097 0.993837 0.827547 16
10.7942 1.15242 5.11 0.62 2014 2 21 14 43 36.03 0.904097 0.993837 0.827547 16
10.455 1.1194 4.82 0.62 2015 1 9 4 31 7.24 0.904097 0.993837 0.827547 16
11.1013 1.31488 5.24 0.6 2014 3 18 2 47 54.04 0.904097 0.993837 0.827547 16
10.5108 1.07959 4.86 0.6 2015 1 1 21 56 5.16 0.904097 0.993837 0.827547 16
10.7529 1.19535 4.93 0.59 2013 11 6 22 27 6.12 0.904097 0.993837 0.827547 16
10.4449 1.48812 5.06 0.57 2015 3 8 23 48 22.88 0.904097 0.993837 0.827547 16
10.984 1.25283 5.29 0.54 2014 2 18 14 43 54.82 0.904097 0.993837 0.827547 16
10.7926 1.04568 5.39 0.53 2014 3 3 14 6 53.7 0.904097 0.993837 0.827547 16
10.8753 1.17589 5.36 0.52 2014 2 19 0 6 57.19 0.904097 0.993837 0.827547 16
10.855 1.16777 5.21 0.49 2014 2 16 16 54 54.42 0.904097 0.993837 0.827547 16
10.7101 1.10717 5.07 0.49 2014 2 26 19 49 30.22 0.904097 0.993837 0.827547 16
10.6847 1.09538 5.02 0.49 2014 2 27 13 50 15.49 0.904097 0.993837 0.827547 16
11.2246 1.44242 5.28 0.46 2014 11 24 10 47 20.32 0.904097 0.993837 0.827547 16
10.8231 1.25606 4.97 0.45 2013 11 8 13 40 28.63 0.904097 0.993837 0.827547 16
10.8999 0.943823 5.4 0.44 2015 1 28 11 48 10.06 0.904097 0.993837 0.827547 16
10.926 0.892228 5.31 0.43 2014 9 13 21 7 1.34 0.904097 0.993837 0.827547 16
10.7593 1.20124 4.96 0.42 2013 11 4 23 40 16.32 0.904097 0.993837 0.827547 16
10.9702 1.24338 5.2 0.42 2014 2 19 13 24 23.05 0.904097 0.993837 0.827547 16
10.9731 1.23704 5.17 0.42 2014 5 4 3 32 37.01 0.904097 0.993837 0.827547 16
11.1651 1.4144 5.16 0.41 2014 5 17 2 25 15.17 0.904097 0.993837 0.827547 16
10.9311 1.22114 5.32 0.4 2014 2 18 6 30 5.35 0.904097 0.993837 0.827547 16
10.7702 1.2257 4.95 0.4 2014 4 8 8 6 39.16 0.904097 0.993837 0.827547 16
10.3442 1.14431 4.96 0.38 2015 1 12 7 8 48.87 0.904097 0.993837 0.827547 16
10.9101 1.1502 5.33 0.37 2014 2 18 20 29 0.56 0.904097 0.993837 0.827547 16
10.7383 1.13519 5.19 0.37 2014 2 19 6 26 2.42 0.904097 0.993837 0.827547 16
10.7884 1.1452 5.06 0.35 2014 2 21 14 31 44.63 0.904097 0.993837 0.827547 16
10.813 1.16099 5.12 0.34 2014 2 26 20 42 56.64 0.904097 0.993837 0.827547 16
10.8616 1.18589 5.2 0.34 2014 3 21 7 13 33.74 0.904097 0.993837 0.827547 16
10.7296 1.12251 5.09 0.33 2014 2 16 7 5 43.51 0.904097 0.993837 0.827547 16
10.6572 1.08459 5.01 0.33 2014 2 26 23 58 1.72 0.904097 0.993837 0.827547 16
10.5181 1.07503 4.84 0.33 2015 1 3 20 45 13.74 0.904097 0.993837 0.827547 16
11.3216 1.23249 5.1 0.33 2015 1 10 5 1 46.26 0.904097 0.993837 0.827547 16
10.863 1.17644 5.22 0.32 2014 2 15 10 24 54.07 0.904097 0.993837 0.827547 16
11.1071 1.33834 5.4 0.31 2014 5 1 19 0 31.4 0.904097 0.993837 0.827547 16
10.3463 1.16821 4.77 0.3 2016 1 22 6 3 15.33 0.904097 0.993837 0.827547 16
10.8782 1.20446 5.24 0.29 2014 2 17 4 22 51.27 0.904097 0.993837 0.827547 16
10.7347 1.18178 4.87 0.29 2014 4 8 1 29 0.36 0.904097 0.993837 0.827547 16
10.7919 1.15598 5.14 0.28 2014 2 17 9 31 14.32 0.904097 0.993837 0.827547 16
10.9688 1.24649 5.33 0.28 2014 2 18 20 52 17.02 0.904097 0.993837 0.827547 16
11.2637 1.47322 5.35 0.27 2014 11 28 1 26 45.69 0.904097 0.993837 0.827547 16
10.8666 1.20491 5.25 0.24 2014 2 15 8 30 0.54 0.904097 0.993837 0.827547 16
10.934 1.22348 5.36 0.23 2014 2 18 12 12 52.96 0.904097 0.993837 0.827547 16
10.7304 1.11306 5.1 0.23 2014 2 19 12 33 3.55 0.904097 0.993837 0.827547 16
11.0217 1.27507 5.24 0.23 2015 1 11 5 11 45.17 0.904097 0.993837 0.827547 16
10.8369 1.35013 5.49 0.22 2015 1 11 6 56 49.52 0.904097 0.993837 0.827547 16
10.2384 1.17733 4.68 0.22 2015 1 13 22 56 55.88 0.904097 0.993837 0.827547 16
10.7716 1.22025 4.98 0.21 2013 11 6 13 12 0.82 0.904097 0.993837 0.827547 16
10.7985 1.15965 5.16 0.21 2014 2 19 5 58 37.14 0.904097 0.993837 0.827547 16
10.8572 1.16643 5.32 0.21 2014 3 9 3 35 45.6 0.904097 0.993837 0.827547 16
11.3535 1.45732 5.49 0.21 2015 12 29 1 22 52.32 0.904097 0.993837 0.827547 16
10.8506 1.16276 5.28 0.2 2014 2 20 3 22 47.01 0.904097 0.993837 0.827547 16
10.8514 1.16554 5.26 0.19 2014 2 16 7 43 54.68 0.904097 0.993837 0.827547 16
10.7311 0.991748 5.37 0.18 2015 8 2 23 59 32.44 0.904097 0.993837 0.827547 16
10.734 1.18089 4.89 0.17 2014 2 22 7 3 36.26 0.904097 0.993837 0.827547 16
10.7543 1.19901 4.94 0.16 2013 11 13 6 16 30.63 0.904097 0.993837 0.827547 16
10.8413 1.18456 5.16 0.16 2014 2 24 13 57 32.14 0.904097 0.993837 0.827547 16
10.8637 1.17911 5.13 0.16 2014 8 6 2 51 8.57 0.904097 0.993837 0.827547 16
11.0768 1.32611 5.4 0.16 2015 12 3 23 5 2.24 0.904097 0.993837 0.827547 16
10.8086 1.25561 5.04 0.15 2013 11 8 7 46 43.34 0.904097 0.993837 0.827547 16
10.7289 1.11528 5.08 0.15 2014 2 16 7 0 26.19 0.904097 0.993837 0.827547 16
10.7884 1.13474 5.05 0.15 2014 3 8 22 19 48.48 0.904097 0.993837 0.827547 16
10.5065 1.22793 4.73 0.14 2014 2 13 2 54 29.02 0.904097 0.993837 0.827547 16
10.8231 1.17956 5.19 0.14 2014 2 17 6 35 37.46 0.904097 0.993837 0.827547 16
10.9383 1.23249 5.38 0.14 2014 2 18 11 23 10.07 0.904097 0.993837 0.827547 16
11.081 1.3379 5.38 0.14 2014 3 20 9 3 50.66 0.904097 0.993837 0.827547 16
10.8877 1.19001 5.22 0.13 2014 5 2 8 41 21.5 0.904097 0.993837 0.827547 16
11.0673 1.41896 5.5 0.12 2013 12 18 6 20 38.52 0.904097 0.993837 0.827547 16
10.9688 0.921695 5.43 0.12 2015 4 12 12 53 27.06 0.904097 0.993837 0.827547 16
10.3123 1.12118 4.96 0.11 2014 4 4 7 50 38.56 0.904097 0.993837 0.827547 16
10.8651 1.17544 5.22 0.08 2014 2 15 9 31 46.81 0.904097 0.993837 0.827547 16
10.7471 1.12707 5.12 0.08 2014 2 19 6 13 4.44 0.904097 0.993837 0.827547 16
10.8296 1.17544 5.24 0.07 2014 2 15 7 6 26.48 0.904097 0.993837 0.827547 16
10.079 0.965506 5.08 0.07 2015 4 29 4 32 48.95 0.904097 0.993837 0.827547 16
10.7884 1.15109 5.29 0.04 2014 3 9 1 35 43.53 0.904097 0.993837 0.827547 16
10.5166 1.18411 5.09 0.03 2013 12 15 15 19 2.02 0.904097 0.993837 0.827547 16
10.7217 1.11306 5.08 0.01 2014 2 19 6 16 1.33 0.904097 0.993837 0.827547 16
11.0731 1.30576 5.25 0.01 2014 2 21 6 51 37.01 0.904097 0.993837 0.827547 16
10.742 1.18956 4.85 -0.03 2013 11 10 1 38 12.83 0.904097 0.993837 0.827547 16
10.721 1.11617 5 -0.05 2014 2 19 8 47 48.1 0.904097 0.993837 0.827547 16
10.7028 1.28997 5.4 -0.09 2015 1 11 5 12 3.33 0.904097 0.993837 0.827547 16
10.6956 1.11528 5.12 -0.1 2014 2 19 9 23 56.35 0.904097 0.993837 0.827547 16
14.2439 0.909019 6.4 2.55 2015 4 20 21 0 28.76 0.447551 0.722519 0.718712 17
14.3772 1.06736 6.27 1.88 2015 1 5 23 18 13.36 0.447551 0.722519 0.718712 17
14.2388 0.923919 6.43 1.65 2015 5 4 18 30 0.32 0.447551 0.722519 0.718712 17
14.3707 0.977737 6.36 1.37 2014 9 6 15 15 21.09 0.447551 0.722519 0.718712 17
14.3642 0.979071 6.36 1.32 2014 9 3 16 1 27.3 0.447551 0.722519 0.718712 17
14.2425 1.00631 6.5 1.3 2016 5 11 19 12 6.44 0.447551 0.722519 0.718712 17
14.262 1.00176 6.51 1.28 2016 5 11 19 14 30.48 0.447551 0.722519 0.718712 17
14.5453 1.16466 6.43 1.25 2015 5 10 0 56 36.6 0.447551 0.722519 0.718712 17
14.3845 1.08637 6.42 1.18 2015 5 14 3 4 28.86 0.447551 0.722519 0.718712 17
14.2446 1.00442 6.31 0.97 2014 11 3 6 31 14.6 0.447551 0.722519 0.718712 17
14.2555 1.00176 6.5 0.97 2016 5 11 19 6 9.32 0.447551 0.722519 0.718712 17
14.2823 0.951495 6.36 0.96 2014 12 31 1 39 15.37 0.447551 0.722519 0.718712 17
14.2642 0.982296 6.46 0.94 2015 5 28 23 12 37.16 0.447551 0.722519 0.718712 17
14.3453 0.976847 6.3 0.93 2014 9 6 10 9 13.4 0.447551 0.722519 0.718712 17
14.5229 1.18956 6.46 0.87 2015 5 10 17 11 16.08 0.447551 0.722519 0.718712 17
14.1867 1.01899 6.33 0.86 2014 10 30 16 55 3.3 0.447551 0.722519 0.718712 17
14.5229 1.17277 6.44 0.86 2015 5 5 7 49 42.52 0.447551 0.722519 0.718712 17
14.3033 0.985965 6.39 0.75 2014 12 18 3 41 59.99 0.447551 0.722519 0.718712 17
14.128 0.950161 6.6 0.69 2016 4 3 2 1 51.37 0.447551 0.722519 0.718712 17
14.5157 1.1293 6.42 0.66 2015 5 10 4 43 35.14 0.447551 0.722519 0.718712 17
14.4316 1.12073 6.43 0.65 2015 5 10 12 24 47.28 0.447551 0.722519 0.718712 17
14.2931 0.95472 6.37 0.64 2015 1 6 18 14 25.36 0.447551 0.722519 0.718712 17
14.5294 1.14108 6.43 0.6 2015 5 10 4 55 57.83 0.447551 0.722519 0.718712 17
14.4439 1.18723 6.64 0.6 2015 5 14 19 43 44.56 0.447551 0.722519 0.718712 17
14.4026 1.09449 6.38 0.47 2015 5 14 10 40 2.61 0.447551 0.722519 0.718712 17
14.4758 1.16143 6.52 0.17 2016 1 5 3 7 26.67 0.447551 0.722519 0.718712 17
8.97976 1.05246 4.3 1.34 2014 12 12 19 45 10.08 0.824635 0.840105 0.200678 18
8.91387 1.01488 4.26 1.25 2014 6 9 6 15 1.47 0.824635 0.840105 0.200678 18
9.03051 0.835741 4.6 1.22 2015 8 14 11 22 47.38 0.824635 0.840105 0.200678 18
8.87256 0.859648 4.32 1.21 2015 8 12 6 46 16.31 0.824635 0.840105 0.200678 18
8.77685 0.914022 4.4 1.17 2015 8 12 10 13 54.21 0.824635 0.840105 0.200678 18
8.87105 0.868321 4.37 1.01 2015 8 12 6 13 48.99 0.824635 0.840105 0.200678 18
8.86241 0.866876 4.34 1 2015 8 12 6 39 55.74 0.824635 0.840105 0.200678 18
9.02321 0.829403 4.54 0.88 2015 8 14 7 40 6.77 0.824635 0.840105 0.200678 18
8.57909 0.806719 4.37 0.84 2015 7 30 9 35 42.57 0.824635 0.840105 0.200678 18
8.85947 0.978627 4.27 0.83 2014 6 8 2 30 11.77 0.824635 0.840105 0.200678 18
8.53992 1.09182 4.33 0.74 2015 7 4 6 41 25.74 0.824635 0.840105 0.200678 18
8.84425 0.884111 4.37 0.28 2015 8 12 7 13 20.93 0.824635 0.840105 0.200678 18
8.74862 0.936595 4.41 0.25 2015 8 12 10 21 59.46 0.824635 0.840105 0.200678 18
8.88342 0.860093 4.33 0.24 2015 8 12 6 41 0.92 0.824635 0.840105 0.200678 18
8.76385 0.92036 4.41 0.04 2015 8 12 10 26 34.54 0.824635 0.840105 0.200678 18
9.41017 3.34408 6.61 3.42 2015 10 10 0 20 19.99 0.399699 0.443357 0.966411 19
9.01306 3.4446 6.56 3.34 2015 1 3 12 16 30.47 0.399699 0.443357 0.966411 19
8.91459 3.47807 6.62 2.88 2014 12 10 6 39 25.23 0.399699 0.443357 0.966411 19
9.44783 3.33095 6.75 2.74 2015 2 10 20 23 36.48 0.399699 0.443357 0.966411 19
9.29932 3.39022 6.72 2.52 2015 2 7 17 29 10.56 0.399699 0.443357 0.966411 19
9.14208 3.45816 6.59 2.3 2014 12 21 18 53 0.22 0.399699 0.443357 0.966411 19
9.41961 3.32239 6.69 2.22 2016 2 29 3 4 20.44 0.399699 0.443357 0.966411 19
9.42611 3.32918 6.77 2.2 2015 2 11 3 8 11.39 0.399699 0.443357 0.966411 19
9.50366 3.27391 6.92 2.15 2015 5 24 22 9 38.64 0.399699 0.443357 0.966411 19
9.38844 3.34007 6.72 2.14 2015 3 5 18 9 34.36 0.399699 0.443357 0.966411 19
9.43839 3.30115 6.64 2.1 2015 4 15 4 22 49.58 0.399699 0.443357 0.966411 19
9.29638 3.39889 6.78 2.07 2015 2 7 13 16 50.37 0.399699 0.443357 0.966411 19
9.34784 3.35453 6.62 1.98 2015 3 5 18 18 10.22 0.399699 0.443357 0.966411 19
9.38479 3.33507 6.93 1.89 2015 2 7 17 20 17.54 0.399699 0.443357 0.966411 19
9.39717 3.33051 6.68 1.89 2015 2 12 1 50 8.25 0.399699 0.443357 0.966411 19
9.2913 3.38299 6.67 1.86 2015 1 9 13 4 59 0.399699 0.443357 0.966411 19
9.1435 3.36676 6.62 1.86 2015 3 5 18 17 52.96 0.399699 0.443357 0.966411 19
9.49645 3.28214 6.95 1.81 2015 7 10 9 16 27.99 0.399699 0.443357 0.966411 19
9.48914 3.27936 6.96 1.74 2015 2 11 21 16 45.44 0.399699 0.443357 0.966411 19
8.97611 3.51198 6.4 1.71 2015 10 5 13 0 44.66 0.399699 0.443357 0.966411 19
9.60293 3.20342 6.53 1.68 2014 12 12 9 23 5.36 0.399699 0.443357 0.966411 19
9.30804 3.37755 6.68 1.67 2015 3 5 18 10 43 0.399699 0.443357 0.966411 19
9.73409 3.1536 6.57 1.64 2015 10 10 1 56 56 0.399699 0.443357 0.966411 19
9.55361 3.24767 6.58 1.64 2015 11 3 17 47 35.08 0.399699 0.443357 0.966411 19
9.51817 3.26902 6.96 1.59 2015 3 19 1 21 16.08 0.399699 0.443357 0.966411 19
9.11091 3.46539 6.63 1.57 2014 12 12 13 29 27.86 0.399699 0.443357 0.966411 19
9.32327 3.3731 6.71 1.56 2015 1 9 13 5 26.28 0.399699 0.443357 0.966411 19
9.54497 3.25312 6.98 1.56 2015 5 24 22 35 8.46 0.399699 0.443357 0.966411 19
8.52256 3.64408 6.14 1.56 2015 10 14 3 46 56.87 0.399699 0.443357 0.966411 19
9.20075 3.33963 6.65 1.55 2015 3 5 18 14 3.64 0.399699 0.443357 0.966411 19
9.34713 3.34819 6.95 1.48 2015 5 24 22 13 44.04 0.399699 0.443357 0.966411 19
9.26094 3.41202 6.75 1.46 2015 2 10 2 23 52.04 0.399699 0.443357 0.966411 19
9.44062 3.30115 6.66 1.45 2015 2 17 5 12 37.8 0.399699 0.443357 0.966411 19
9.34936 3.35453 6.74 1.45 2015 11 4 5 18 47.73 0.399699 0.443357 0.966411 19
9.15365 3.44504 6.52 1.43 2014 12 12 1 6 46.73 0.399699 0.443357 0.966411 19
8.53636 3.64041 6.18 1.4 2015 10 24 22 1 51.66 0.399699 0.443357 0.966411 19
9.09133 3.45905 6.69 1.38 2014 11 16 7 43 6.52 0.399699 0.443357 0.966411 19
9.33413 3.35898 6.96 1.37 2015 3 5 16 10 33.15 0.399699 0.443357 0.966411 19
9.32247 3.36353 6.71 1.37 2015 11 4 5 20 27.03 0.399699 0.443357 0.966411 19
9.30804 3.38166 6.68 1.35 2014 12 18 15 12 56.83 0.399699 0.443357 0.966411 19
9.47828 3.28214 6.64 1.35 2015 3 5 18 20 12.2 0.399699 0.443357 0.966411 19
9.33333 3.35275 6.91 1.33 2015 3 5 18 3 32.92 0.399699 0.443357 0.966411 19
9.42753 3.31694 6.71 1.29 2015 2 12 1 48 46.29 0.399699 0.443357 0.966411 19
9.35292 3.35319 6.68 1.28 2015 2 7 13 59 28.65 0.399699 0.443357 0.966411 19
9.003 3.4377 6.6 1.28 2015 8 15 3 23 44.53 0.399699 0.443357 0.966411 19
9.27973 3.39567 6.74 1.28 2015 10 10 3 27 48.74 0.399699 0.443357 0.966411 19
9.03915 3.49208 6.42 1.25 2015 10 5 14 55 5.64 0.399699 0.443357 0.966411 19
8.53564 3.66265 6.25 1.23 2015 10 24 22 28 51.72 0.399699 0.443357 0.966411 19
9.28338 3.39111 6.66 1.22 2014 12 17 2 34 30.08 0.399699 0.443357 0.966411 19
9.44427 3.31239 7 1.22 2015 7 10 9 6 17.9 0.399699 0.443357 0.966411 19
9.56091 3.24678 6.6 1.22 2016 2 29 13 29 22.01 0.399699 0.443357 0.966411 19
9.73694 3.14726 6.57 1.2 2014 9 15 15 55 9.31 0.399699 0.443357 0.966411 19
9.48264 3.28937 6.65 1.2 2016 2 29 3 3 46.29 0.399699 0.443357 0.966411 19
9.48914 3.28848 6.71 1.19 2016 2 29 3 3 52.32 0.399699 0.443357 0.966411 19
8.26675 3.5509 6.48 1.17 2015 5 24 22 10 43.3 0.399699 0.443357 0.966411 19
9.52467 3.25901 7 1.16 2016 1 13 6 35 55.1 0.399699 0.443357 0.966411 19
9.46306 3.28659 6.91 1.14 2015 1 20 18 55 57.16 0.399699 0.443357 0.966411 19
9.47178 3.29482 6.97 1.14 2015 3 18 18 28 36.84 0.399699 0.443357 0.966411 19
8.24138 3.65809 6.09 1.13 2015 9 26 22 45 5.98 0.399699 0.443357 0.966411 19
9.43919 3.30115 6.66 1.12 2015 2 7 18 34 8.68 0.399699 0.443357 0.966411 19
8.96525 3.46394 6.58 1.11 2015 8 15 3 55 35.28 0.399699 0.443357 0.966411 19
9.36886 3.34363 6.71 1.09 2014 12 18 18 53 39.62 0.399699 0.443357 0.966411 19
9.55726 3.24767 6.91 1.08 2015 7 10 10 36 22.21 0.399699 0.443357 0.966411 19
8.6059 3.64319 6.19 1.08 2015 10 14 4 28 7.32 0.399699 0.443357 0.966411 19
9.00728 3.50153 6.51 1.07 2014 5 20 9 31 53.21 0.399699 0.443357 0.966411 19
9.32683 3.35953 6.86 1.06 2015 2 7 8 41 21.96 0.399699 0.443357 0.966411 19
7.73057 3.73593 6.45 1.06 2015 12 11 2 52 10.85 0.399699 0.443357 0.966411 19
9.29789 3.38388 6.69 1.03 2014 12 18 8 25 42.31 0.399699 0.443357 0.966411 19
9.27029 3.4079 6.72 1.02 2015 2 7 23 19 39.72 0.399699 0.443357 0.966411 19
9.47463 3.2599 7 1 2015 6 19 23 19 58 0.399699 0.443357 0.966411 19
8.90586 3.47573 6.63 0.99 2014 11 28 1 55 8.12 0.399699 0.443357 0.966411 19
9.50001 3.27892 6.66 0.99 2015 4 15 4 24 12.57 0.399699 0.443357 0.966411 19
9.46448 3.30883 6.98 0.99 2015 7 10 9 7 54.68 0.399699 0.443357 0.966411 19
9.18704 3.32106 7.03 0.98 2015 2 17 1 34 34.61 0.399699 0.443357 0.966411 19
9.3116 3.27347 6.83 0.98 2015 3 18 12 2 51.76 0.399699 0.443357 0.966411 19
9.66019 3.18573 6.57 0.97 2015 10 28 2 32 46.68 0.399699 0.443357 0.966411 19
9.56091 3.24411 6.95 0.96 2015 3 19 1 44 22.44 0.399699 0.443357 0.966411 19
8.89429 3.48574 6.55 0.95 2014 12 10 12 13 21.69 0.399699 0.443357 0.966411 19
9.18268 3.34363 6.91 0.95 2015 3 18 18 35 53.44 0.399699 0.443357 0.966411 19
9.54853 3.25312 6.97 0.94 2015 7 10 9 34 21.34 0.399699 0.443357 0.966411 19
9.09133 3.46539 6.59 0.93 2014 12 12 13 20 35.28 0.399699 0.443357 0.966411 19
8.97326 3.43092 6.67 0.93 2014 12 13 10 12 19.93 0.399699 0.443357 0.966411 19
8.94424 3.46672 6.53 0.93 2014 12 17 5 9 24.35 0.399699 0.443357 0.966411 19
9.50001 3.28125 6.79 0.93 2015 2 11 0 59 30.54 0.399699 0.443357 0.966411 19
9.20948 3.4029 6.75 0.91 2014 12 10 18 18 56.82 0.399699 0.443357 0.966411 19
8.93916 3.47807 6.49 0.91 2014 12 11 17 9 23.32 0.399699 0.443357 0.966411 19
10.0203 3.20653 6.67 0.91 2015 2 17 10 6 23.27 0.399699 0.443357 0.966411 19
9.58335 3.2351 6.95 0.91 2015 3 20 8 11 54.15 0.399699 0.443357 0.966411 19
9.60507 3.2251 6.94 0.89 2015 5 26 3 38 14.98 0.399699 0.443357 0.966411 19
9.43047 3.29837 6.6 0.89 2015 6 25 8 49 46.87 0.399699 0.443357 0.966411 19
9.5667 3.25045 6.57 0.89 2016 2 29 13 21 41.88 0.399699 0.443357 0.966411 19
9.48193 3.2817 6.86 0.88 2015 2 11 22 56 15.38 0.399699 0.443357 0.966411 19
9.30226 3.36943 6.9 0.87 2015 2 7 14 45 3.27 0.399699 0.443357 0.966411 19
9.45006 3.31016 6.53 0.85 2015 1 3 13 34 12.51 0.399699 0.443357 0.966411 19
9.49351 3.29248 6.71 0.85 2015 5 25 16 49 22.91 0.399699 0.443357 0.966411 19
9.29638 3.38755 6.74 0.83 2015 1 10 8 9 40.12 0.399699 0.443357 0.966411 19
9.53625 3.2599 6.52 0.83 2015 10 11 6 48 24.12 0.399699 0.443357 0.966411 19
9.23922 3.40924 6.64 0.79 2014 12 10 18 40 24.6 0.399699 0.443357 0.966411 19
9.16745 3.42959 6.75 0.78 2014 12 13 10 13 33.32 0.399699 0.443357 0.966411 19
9.30226 3.37899 6.76 0.76 2015 10 10 3 27 11.26 0.399699 0.443357 0.966411 19
9.46377 3.28892 7 0.75 2015 2 10 21 58 46.02 0.399699 0.443357 0.966411 19
9.49645 3.28437 6.79 0.74 2016 2 29 3 10 36.1 0.399699 0.443357 0.966411 19
9.02179 3.36987 6.42 0.73 2015 2 7 13 31 15.02 0.399699 0.443357 0.966411 19
9.16095 3.45227 6.56 0.72 2014 12 11 10 53 6.04 0.399699 0.443357 0.966411 19
9.5797 3.23599 6.85 0.72 2015 3 18 12 1 44.82 0.399699 0.443357 0.966411 19
7.73057 3.73771 6.45 0.72 2015 12 10 5 41 0.68 0.399699 0.443357 0.966411 19
8.71461 3.66854 6.29 0.71 2015 5 27 7 51 52.78 0.399699 0.443357 0.966411 19
9.50508 3.26946 6.98 0.7 2015 5 24 22 25 43.32 0.399699 0.443357 0.966411 19
9.36814 3.34497 6.83 0.66 2015 3 5 18 9 17.16 0.399699 0.443357 0.966411 19
9.34936 3.34319 6.9 0.62 2015 1 27 4 8 55.08 0.399699 0.443357 0.966411 19
9.9297 3.37944 6.57 0.62 2015 3 8 20 52 6.98 0.399699 0.443357 0.966411 19
9.50873 3.26902 6.89 0.6 2015 1 22 8 26 6.64 0.399699 0.443357 0.966411 19
9.35221 3.35809 6.76 0.58 2015 1 7 5 15 2.35 0.399699 0.443357 0.966411 19
9.48407 3.28892 6.89 0.58 2015 1 21 2 23 50 0.399699 0.443357 0.966411 19
9.15152 3.35086 6.59 0.58 2015 3 5 18 15 37.94 0.399699 0.443357 0.966411 19
9.42611 3.31605 6.94 0.58 2015 7 10 9 18 21.96 0.399699 0.443357 0.966411 19
9.59643 3.20831 7.07 0.58 2016 1 5 17 22 34.72 0.399699 0.443357 0.966411 19
9.07183 3.46394 6.73 0.56 2014 11 15 6 27 20.92 0.399699 0.443357 0.966411 19
9.96158 3.35319 7.15 0.55 2014 11 9 21 43 2.08 0.399699 0.443357 0.966411 19
9.26744 3.37532 6.95 0.49 2015 3 5 16 42 45.45 0.399699 0.443357 0.966411 19
9.55218 3.25356 6.98 0.49 2015 5 24 22 24 51.08 0.399699 0.443357 0.966411 19
8.88414 3.48841 6.58 0.47 2014 12 10 14 43 40.04 0.399699 0.443357 0.966411 19
8.65585 3.64141 6.71 0.46 2015 4 8 13 56 4.54 0.399699 0.443357 0.966411 19
9.09133 3.4844 6.43 0.44 2015 10 5 14 44 11.23 0.399699 0.443357 0.966411 19
8.82902 3.47173 6.24 0.41 2014 12 17 2 43 32.57 0.399699 0.443357 0.966411 19
9.39352 3.31061 6.38 0.4 2015 10 10 0 47 41.36 0.399699 0.443357 0.966411 19
9.0631 3.48618 6.48 0.4 2015 11 18 11 4 37.91 0.399699 0.443357 0.966411 19
9.88981 3.09022 6.79 0.39 2015 10 10 13 17 5.52 0.399699 0.443357 0.966411 19
8.58346 3.62829 6.26 0.36 2015 1 4 1 3 16.1 0.399699 0.443357 0.966411 19
9.7486 3.29571 7.04 0.33 2015 7 22 6 8 58.47 0.399699 0.443357 0.966411 19
9.07183 3.45672 6.74 0.3 2015 1 30 12 23 46.45 0.399699 0.443357 0.966411 19
9.11599 3.45994 6.63 0.29 2014 12 8 8 43 38.61 0.399699 0.443357 0.966411 19
8.9559 3.43637 6.7 0.29 2014 12 10 9 17 31.75 0.399699 0.443357 0.966411 19
9.34936 3.24545 6.85 0.29 2015 3 18 10 47 29.29 0.399699 0.443357 0.966411 19
9.09355 3.63452 6.46 0.28 2015 2 12 2 56 50.49 0.399699 0.443357 0.966411 19
8.10809 3.63507 6.34 0.26 2014 12 18 7 34 0.83 0.399699 0.443357 0.966411 19
9.08625 3.40379 6.72 0.25 2015 1 11 7 5 34.67 0.399699 0.443357 0.966411 19
9.9232 3.20019 6.61 0.21 2015 10 10 10 29 9.84 0.399699 0.443357 0.966411 19
9.50001 3.2758 6.92 0.19 2015 3 19 1 24 0.91 0.399699 0.443357 0.966411 19
9.07975 3.39889 6.59 0.18 2014 12 4 19 59 4.24 0.399699 0.443357 0.966411 19
8.39212 3.48885 6.66 0.18 2015 5 26 3 40 15.52 0.399699 0.443357 0.966411 19
9.21963 3.40612 6.41 0.15 2015 10 10 6 6 57.62 0.399699 0.443357 0.966411 19
9.1232 3.38299 6.64 0.11 2014 12 18 13 58 42.86 0.399699 0.443357 0.966411 19
9.15294 3.34096 6.83 0.04 2015 10 10 1 49 36.24 0.399699 0.443357 0.966411 19
8.93702 3.45772 6.66 -0.03 2014 11 28 11 20 3.61 0.399699 0.443357 0.966411 19
9.03488 3.4287 6.58 -0.08 2014 12 10 6 53 38.86 0.399699 0.443357 0.966411 19
8.95946 3.43281 6.7 -0.09 2014 12 10 7 29 22.56 0.399699 0.443357 0.966411 19
8.86312 3.49297 6.68 -0.15 2014 11 15 5 41 58.9 0.399699 0.443357 0.966411 19
9.48986 3.25401 6.61 -0.17 2015 4 15 1 52 28.66 0.399699 0.443357 0.966411 19
9.08554 3.397 6.65 -0.2 2014 12 18 6 56 40.7 0.399699 0.443357 0.966411 19
2.12229 4.6187 4.88 2.9 2014 11 19 12 19 2.3 0.984865 0.833189 0.799588 20
0.461569 5.36838 4.28 2.9 2015 5 20 11 25 44.99 0.984865 0.833189 0.799588 20
3.85478 4.38519 5.34 2.84 2014 10 4 23 7 46.88 0.984865 0.833189 0.799588 20
3.78373 4.51463 5.11 2.61 2014 11 14 7 10 19.85 0.984865 0.833189 0.799588 20
1.44766 4.98465 4.2 2.52 2014 11 22 9 17 46.14 0.984865 0.833189 0.799588 20
2.28968 4.62004 5.04 2.48 2014 11 20 2 2 41.13 0.984865 0.833189 0.799588 20
3.88665 4.53219 4.93 2.32 2015 4 20 18 50 51.1 0.984865 0.833189 0.799588 20
2.29689 4.61092 4.88 2.29 2014 11 19 16 40 50.1 0.984865 0.833189 0.799588 20
3.82798 4.5789 4.9 2.2 2015 9 16 14 9 35.83 0.984865 0.833189 0.799588 20
2.20269 4.62815 4.9 2.18 2014 11 19 16 40 44.7 0.984865 0.833189 0.799588 20
2.20056 4.62682 4.98 2.16 2014 11 19 12 11 22.04 0.984865 0.833189 0.799588 20
3.93812 4.58245 5.13 2.1 2014 12 26 9 30 45.24 0.984865 0.833189 0.799588 20
0.470206 5.39051 4.24 2.08 2014 8 28 5 28 39.28 0.984865 0.833189 0.799588 20
3.82727 4.5313 5.06 2.04 2015 4 22 13 18 6.46 0.984865 0.833189 0.799588 20
0.613734 5.29143 4.45 2.02 2015 5 23 13 30 19.48 0.984865 0.833189 0.799588 20
0.571708 5.42898 4.09 2.01 2015 7 8 11 19 6.58 0.984865 0.833189 0.799588 20
4.07363 4.61092 5.43 1.92 2014 10 12 5 0 17.19 0.984865 0.833189 0.799588 20
3.91995 4.57745 5 1.92 2015 4 20 22 8 55.74 0.984865 0.833189 0.799588 20
0.326767 5.43621 4.32 1.89 2015 5 20 18 55 41.16 0.984865 0.833189 0.799588 20
4.01059 4.61092 5.04 1.79 2015 4 20 22 10 44.6 0.984865 0.833189 0.799588 20
4.42355 4.3743 5.73 1.76 2014 12 14 15 50 43.17 0.984865 0.833189 0.799588 20
0.553545 5.38606 4.14 1.73 2015 7 9 8 26 38.13 0.984865 0.833189 0.799588 20
0.583995 5.54262 4.16 1.72 2014 9 2 4 26 47.99 0.984865 0.833189 0.799588 20
1.37091 5.03268 4.22 1.72 2014 11 22 4 6 39.41 0.984865 0.833189 0.799588 20
3.90045 4.49606 5.5 1.72 2015 1 24 5 54 54.46 0.984865 0.833189 0.799588 20
0.607857 5.36838 4.3 1.69 2014 9 2 20 41 52.36 0.984865 0.833189 0.799588 20
0.491219 5.37294 4.42 1.69 2015 5 23 19 20 59.66 0.984865 0.833189 0.799588 20
3.13527 4.82819 4.8 1.68 2014 6 4 12 3 2.53 0.984865 0.833189 0.799588 20
3.8026 4.62449 5.14 1.66 2015 4 20 18 40 25.26 0.984865 0.833189 0.799588 20
2.20269 4.62093 5.02 1.65 2014 11 20 1 45 30.27 0.984865 0.833189 0.799588 20
3.88158 4.54265 5.09 1.64 2015 11 9 7 55 10.63 0.984865 0.833189 0.799588 20
0.610083 5.42765 4.23 1.63 2014 8 31 11 43 46.83 0.984865 0.833189 0.799588 20
3.83955 4.53675 5.27 1.63 2015 8 4 23 38 10.88 0.984865 0.833189 0.799588 20
0.568058 5.29644 4.5 1.62 2014 11 16 10 25 49.72 0.984865 0.833189 0.799588 20
1.33903 5.02946 4.27 1.62 2014 11 23 20 24 55.44 0.984865 0.833189 0.799588 20
1.2694 5.06526 4.31 1.62 2016 2 4 23 57 56.76 0.984865 0.833189 0.799588 20
1.64113 4.84221 4.55 1.6 2014 12 4 15 52 59.69 0.984865 0.833189 0.799588 20
3.16786 4.49783 4.82 1.58 2014 2 22 17 26 23.8 0.984865 0.833189 0.799588 20
0.381079 5.44388 4.23 1.58 2014 9 11 18 43 37.88 0.984865 0.833189 0.799588 20
0.557907 5.3815 4.2 1.56 2014 8 5 21 59 46.78 0.984865 0.833189 0.799588 20
1.6593 4.83175 4.6 1.56 2014 12 4 16 30 11.56 0.984865 0.833189 0.799588 20
0.565832 5.39918 4.13 1.55 2015 7 10 7 21 29.8 0.984865 0.833189 0.799588 20
0.573133 5.30144 4.45 1.53 2014 10 22 18 11 16.64 0.984865 0.833189 0.799588 20
4.47065 4.36396 5.72 1.53 2014 12 15 9 29 28.53 0.984865 0.833189 0.799588 20
3.99893 4.60102 5.04 1.52 2014 12 26 1 38 2.61 0.984865 0.833189 0.799588 20
0.41803 5.44622 4.11 1.51 2015 7 9 2 16 44.09 0.984865 0.833189 0.799588 20
0.368792 5.44488 4.33 1.5 2015 5 29 22 49 43.12 0.984865 0.833189 0.799588 20
0.696271 5.33491 4.38 1.48 2014 9 2 21 7 42.04 0.984865 0.833189 0.799588 20
0.285453 5.46067 4.38 1.48 2015 5 20 19 50 50.28 0.984865 0.833189 0.799588 20
0.544819 5.37249 4.23 1.47 2015 7 9 13 13 8.44 0.984865 0.833189 0.799588 20
4.31127 4.32048 5.45 1.46 2015 1 13 15 47 47.65 0.984865 0.833189 0.799588 20
4.3736 4.33638 5.57 1.45 2014 12 14 10 43 10.44 0.984865 0.833189 0.799588 20
0.322404 5.46834 4.3 1.45 2015 5 18 22 57 7.36 0.984865 0.833189 0.799588 20
3.81418 4.53764 5.01 1.44 2015 4 20 12 53 35.92 0.984865 0.833189 0.799588 20
2.123 4.62771 4.93 1.43 2014 11 19 10 24 2.63 0.984865 0.833189 0.799588 20
0.599221 5.37249 4.13 1.43 2015 7 9 12 51 21.89 0.984865 0.833189 0.799588 20
0.522382 5.31045 4.47 1.4 2015 5 21 0 43 15.55 0.984865 0.833189 0.799588 20
3.86929 4.49105 5.14 1.39 2014 11 16 9 14 46.19 0.984865 0.833189 0.799588 20
0.507869 5.39829 4.17 1.39 2015 5 20 19 53 49.48 0.984865 0.833189 0.799588 20
3.99029 4.60325 4.95 1.36 2015 4 20 22 15 51.22 0.984865 0.833189 0.799588 20
1.29193 4.7965 4.53 1.35 2014 9 7 3 42 55.82 0.984865 0.833189 0.799588 20
0.354992 5.44888 4.29 1.35 2015 5 19 0 49 4.78 0.984865 0.833189 0.799588 20
0.649171 5.43309 4.21 1.34 2014 9 1 4 49 46.25 0.984865 0.833189 0.799588 20
0.639822 5.38739 4.13 1.34 2015 4 24 23 28 17.6 0.984865 0.833189 0.799588 20
0.49852 5.31678 4.53 1.34 2015 5 21 2 41 12.2 0.984865 0.833189 0.799588 20
0.507156 5.39829 4.17 1.33 2014 8 4 4 13 14.04 0.984865 0.833189 0.799588 20
1.92374 4.72545 4.57 1.33 2014 11 20 23 46 23.12 0.984865 0.833189 0.799588 20
3.86929 4.50918 5.47 1.31 2014 9 20 23 23 57.52 0.984865 0.833189 0.799588 20
4.05262 4.6087 5.17 1.31 2014 10 12 8 12 4.52 0.984865 0.833189 0.799588 20
3.91203 4.56933 5.05 1.31 2015 7 26 21 55 1.12 0.984865 0.833189 0.799588 20
1.24047 5.08105 4.12 1.3 2014 11 22 12 7 50.13 0.984865 0.833189 0.799588 20
5.01992 4.23497 5.57 1.3 2015 10 29 23 37 15.72 0.984865 0.833189 0.799588 20
0.672409 5.37472 4.32 1.29 2014 9 2 8 59 27.61 0.984865 0.833189 0.799588 20
4.04968 4.63905 5.53 1.29 2014 10 12 5 0 43.11 0.984865 0.833189 0.799588 20
3.92067 4.49194 5.42 1.29 2015 7 9 16 52 28.44 0.984865 0.833189 0.799588 20
0.352142 5.37383 4.57 1.28 2015 5 23 10 14 35.15 0.984865 0.833189 0.799588 20
0.533956 5.36704 4.28 1.27 2014 8 28 20 49 10.56 0.984865 0.833189 0.799588 20
0.486143 5.4123 4.13 1.26 2014 8 4 16 23 53.3 0.984865 0.833189 0.799588 20
0.548469 5.3865 4.15 1.26 2014 8 6 0 31 53.28 0.984865 0.833189 0.799588 20
3.82068 4.47571 5.15 1.26 2014 9 17 3 20 11.2 0.984865 0.833189 0.799588 20
3.81489 4.47971 5.03 1.26 2014 9 20 16 25 47.89 0.984865 0.833189 0.799588 20
4.00837 4.61281 4.97 1.25 2015 4 20 22 10 10.12 0.984865 0.833189 0.799588 20
3.86493 4.51774 5.16 1.24 2014 9 20 23 34 17.16 0.984865 0.833189 0.799588 20
4.03303 4.26077 5.39 1.24 2014 10 7 3 58 34.66 0.984865 0.833189 0.799588 20
0.382593 5.35437 4.52 1.22 2015 5 22 10 57 4.83 0.984865 0.833189 0.799588 20
2.02951 4.71544 4.59 1.21 2014 11 21 20 56 25.24 0.984865 0.833189 0.799588 20
4.2997 4.36118 5.49 1.21 2015 1 8 22 13 7.92 0.984865 0.833189 0.799588 20
3.99172 4.64039 5.02 1.19 2015 5 12 7 48 53.48 0.984865 0.833189 0.799588 20
3.77358 4.4816 5.46 1.18 2014 10 4 21 4 33.6 0.984865 0.833189 0.799588 20
2.28389 4.60558 4.85 1.18 2014 11 19 13 7 23.15 0.984865 0.833189 0.799588 20
0.944863 5.11641 4.64 1.18 2014 12 8 8 7 26.56 0.984865 0.833189 0.799588 20
0.536895 5.41041 4.13 1.18 2015 5 21 6 46 20.62 0.984865 0.833189 0.799588 20
0.360779 5.45022 4.32 1.18 2015 5 23 3 19 15.13 0.984865 0.833189 0.799588 20
4.01638 4.61137 5 1.17 2014 12 26 4 42 44.09 0.984865 0.833189 0.799588 20
1.08323 5.33257 4.67 1.17 2015 1 16 14 5 20.68 0.984865 0.833189 0.799588 20
0.335492 5.47379 4.27 1.17 2015 5 20 15 57 50.47 0.984865 0.833189 0.799588 20
0.674546 5.41864 4.28 1.16 2014 8 31 12 52 18.08 0.984865 0.833189 0.799588 20
3.91853 4.49283 5.51 1.16 2014 10 4 20 40 30.76 0.984865 0.833189 0.799588 20
0.491931 5.45567 4.21 1.15 2014 8 28 0 12 37.67 0.984865 0.833189 0.799588 20
1.70925 4.81274 4.6 1.15 2014 12 12 12 24 6.08 0.984865 0.833189 0.799588 20
3.76352 4.58468 4.98 1.14 2014 9 23 9 31 44.76 0.984865 0.833189 0.799588 20
2.22593 4.59057 4.79 1.14 2014 11 19 12 37 16.01 0.984865 0.833189 0.799588 20
0.484719 5.41319 4.14 1.14 2015 7 9 2 34 33.49 0.984865 0.833189 0.799588 20
3.12877 4.57523 5.28 1.13 2015 1 28 18 49 53.44 0.984865 0.833189 0.799588 20
0.52532 5.44755 4.02 1.13 2015 1 30 6 4 28.63 0.984865 0.833189 0.799588 20
3.30551 4.52908 5.03 1.12 2014 10 4 0 39 47.05 0.984865 0.833189 0.799588 20
0.933199 5.16701 4.39 1.12 2015 6 11 6 22 1.86 0.984865 0.833189 0.799588 20
5.00033 4.17615 5.7 1.12 2015 10 29 18 40 22.52 0.984865 0.833189 0.799588 20
0 5.50092 4.34 1.11 2013 11 2 4 30 59.46 0.984865 0.833189 0.799588 20
0.433255 5.38239 4.31 1.11 2014 9 6 5 38 9.57 0.984865 0.833189 0.799588 20
0.77311 5.4987 4.25 1.11 2014 10 19 22 46 52.18 0.984865 0.833189 0.799588 20
3.92218 4.5789 4.86 1.11 2015 7 25 12 33 40.21 0.984865 0.833189 0.799588 20
0.431831 5.63758 4.24 1.11 2015 12 8 3 11 1.78 0.984865 0.833189 0.799588 20
1.59118 4.85299 4.58 1.09 2014 12 4 15 55 36.53 0.984865 0.833189 0.799588 20
4.30833 4.35628 5.47 1.09 2015 1 13 4 42 48.28 0.984865 0.833189 0.799588 20
3.12948 4.57701 5.12 1.09 2015 1 29 11 57 38.94 0.984865 0.833189 0.799588 20
0.937562 5.09062 4.6 1.09 2015 5 20 18 23 45.76 0.984865 0.833189 0.799588 20
0.387579 5.42398 4.33 1.09 2015 5 21 8 35 52.36 0.984865 0.833189 0.799588 20
0.858586 5.07516 4.69 1.09 2015 5 22 11 39 11.17 0.984865 0.833189 0.799588 20
2.23528 4.61326 4.87 1.08 2014 11 19 12 24 37.79 0.984865 0.833189 0.799588 20
2.30126 4.58746 4.83 1.08 2014 11 20 6 0 7.96 0.984865 0.833189 0.799588 20
0.294179 5.47969 4.3 1.08 2015 5 19 0 13 33.13 0.984865 0.833189 0.799588 20
0.342704 5.44666 4.31 1.06 2015 5 21 4 10 11.49 0.984865 0.833189 0.799588 20
3.36276 4.75581 4.71 1.05 2014 8 20 12 36 40.32 0.984865 0.833189 0.799588 20
0.584708 5.51227 4.18 1.05 2014 9 2 4 35 23.74 0.984865 0.833189 0.799588 20
3.51635 4.48471 4.86 1.05 2014 12 5 3 19 15.82 0.984865 0.833189 0.799588 20
3.85113 4.60236 4.93 1.05 2015 1 16 15 16 22.18 0.984865 0.833189 0.799588 20
2.12665 4.63138 4.95 1.04 2014 11 19 11 7 49.31 0.984865 0.833189 0.799588 20
2.22736 4.61092 4.67 1.04 2014 11 21 7 48 26.66 0.984865 0.833189 0.799588 20
3.99101 4.59335 5.05 1.04 2014 12 25 22 24 28.4 0.984865 0.833189 0.799588 20
0.465131 5.42264 4.2 1.04 2015 5 21 9 0 20.53 0.984865 0.833189 0.799588 20
4.15332 4.58512 5.4 1.03 2014 10 12 8 16 21.4 0.984865 0.833189 0.799588 20
3.76129 4.59924 4.81 1.03 2015 4 20 18 58 18.6 0.984865 0.833189 0.799588 20
4.03374 4.6485 5.54 1.01 2014 10 12 5 28 48.16 0.984865 0.833189 0.799588 20
3.74971 4.55399 5.05 1.01 2014 11 13 16 26 5.23 0.984865 0.833189 0.799588 20
0.946288 5.12264 4.61 1 2015 1 1 14 50 46.29 0.984865 0.833189 0.799588 20
3.97213 4.57256 4.98 1 2015 4 24 16 39 37.16 0.984865 0.833189 0.799588 20
3.98807 4.5114 5.28 1 2015 8 13 19 54 5.16 0.984865 0.833189 0.799588 20
1.62662 4.85077 4.54 0.99 2014 12 4 16 20 50.4 0.984865 0.833189 0.799588 20
3.97364 4.50417 5.56 0.98 2014 10 5 10 19 6.04 0.984865 0.833189 0.799588 20
4.02431 4.59602 5.55 0.98 2014 10 5 16 36 57.63 0.984865 0.833189 0.799588 20
1.28757 5.05981 4.19 0.98 2014 11 23 14 44 19.08 0.984865 0.833189 0.799588 20
4.26346 4.31781 5.4 0.98 2015 1 14 23 26 51.08 0.984865 0.833189 0.799588 20
0.606433 5.46701 4.23 0.98 2015 5 4 6 35 51.44 0.984865 0.833189 0.799588 20
0.36158 5.37694 4.5 0.98 2015 5 30 4 10 54.18 0.984865 0.833189 0.799588 20
3.89244 4.4915 5.51 0.97 2014 9 22 7 7 23.77 0.984865 0.833189 0.799588 20
4.01567 4.60458 5.56 0.97 2014 10 5 19 25 34.28 0.984865 0.833189 0.799588 20
3.83448 4.52908 4.93 0.97 2015 4 20 13 9 27.65 0.984865 0.833189 0.799588 20
0.461569 5.4163 4.21 0.97 2015 5 20 16 23 13.96 0.984865 0.833189 0.799588 20
3.96999 4.55666 5.38 0.96 2014 10 5 13 58 33.97 0.984865 0.833189 0.799588 20
3.98735 4.52541 5.37 0.96 2014 11 14 14 3 25.39 0.984865 0.833189 0.799588 20
0.60572 5.36616 4.23 0.96 2015 7 9 14 34 19.87 0.984865 0.833189 0.799588 20
4.17433 4.56166 5.19 0.95 2014 10 12 7 41 50.9 0.984865 0.833189 0.799588 20
0.419544 5.35114 4.47 0.95 2014 11 14 2 4 13.16 0.984865 0.833189 0.799588 20
3.98958 4.56577 5.32 0.95 2014 11 15 4 13 45.33 0.984865 0.833189 0.799588 20
4.39675 4.31914 5.65 0.95 2014 12 15 8 41 37.33 0.984865 0.833189 0.799588 20
3.20267 4.54443 5.13 0.94 2014 4 11 6 23 55.01 0.984865 0.833189 0.799588 20
4.03953 4.63227 5.51 0.94 2014 10 12 5 15 10.39 0.984865 0.833189 0.799588 20
4.44607 4.37619 5.46 0.94 2014 12 14 16 59 53.69 0.984865 0.833189 0.799588 20
0.712209 5.41908 4.3 0.94 2015 5 3 18 22 24.4 0.984865 0.833189 0.799588 20
0.544107 5.39551 4.13 0.94 2015 7 9 8 31 53.73 0.984865 0.833189 0.799588 20
1.1289 5.12408 4.12 0.93 2014 4 6 4 25 43.11 0.984865 0.833189 0.799588 20
1.34989 4.82997 4.55 0.93 2014 9 5 11 32 20.47 0.984865 0.833189 0.799588 20
3.80403 4.6435 4.87 0.93 2015 6 19 19 56 12.66 0.984865 0.833189 0.799588 20
3.81053 4.64539 4.91 0.93 2015 6 28 5 14 56.27 0.984865 0.833189 0.799588 20
3.7758 4.54987 5.43 0.92 2014 10 4 13 40 20.48 0.984865 0.833189 0.799588 20
1.98535 4.7091 4.65 0.92 2015 1 4 1 25 15.99 0.984865 0.833189 0.799588 20
2.90849 4.58701 4.91 0.92 2015 3 25 5 28 54.16 0.984865 0.833189 0.799588 20
3.89609 4.49961 5.24 0.91 2014 9 24 3 26 27.95 0.984865 0.833189 0.799588 20
3.9837 4.54943 5.05 0.91 2014 11 15 4 11 39.98 0.984865 0.833189 0.799588 20
3.67439 4.53319 5.17 0.91 2014 11 23 8 7 54.78 0.984865 0.833189 0.799588 20
0.902036 5.08872 4.57 0.9 2015 3 22 0 22 19.54 0.984865 0.833189 0.799588 20
3.89244 4.48794 5.24 0.89 2014 9 24 2 52 24.09 0.984865 0.833189 0.799588 20
3.84392 4.50595 5.18 0.89 2014 11 14 7 12 37.97 0.984865 0.833189 0.799588 20
1.2629 5.07471 4.22 0.89 2014 11 23 12 2 10.92 0.984865 0.833189 0.799588 20
0.93035 5.12898 4.66 0.88 2014 12 8 9 8 34.67 0.984865 0.833189 0.799588 20
3.77144 4.58746 4.84 0.88 2015 4 20 19 35 41.5 0.984865 0.833189 0.799588 20
0.619521 5.42765 4.26 0.88 2015 5 4 6 49 42.93 0.984865 0.833189 0.799588 20
3.95913 4.56978 4.96 0.88 2015 8 4 8 0 56.5 0.984865 0.833189 0.799588 20
3.77945 4.61959 4.94 0.86 2015 5 5 6 44 1.15 0.984865 0.833189 0.799588 20
3.15121 4.5472 5.04 0.85 2014 3 29 3 20 7.31 0.984865 0.833189 0.799588 20
1.16657 4.80284 4.52 0.85 2014 11 17 19 17 17.42 0.984865 0.833189 0.799588 20
3.92503 4.34172 5.48 0.81 2014 11 14 18 25 26.08 0.984865 0.833189 0.799588 20
3.97649 4.56122 4.98 0.81 2014 11 16 4 9 22.76 0.984865 0.833189 0.799588 20
1.7194 4.81863 4.55 0.81 2014 12 4 16 15 9.24 0.984865 0.833189 0.799588 20
3.86199 4.51096 5.17 0.81 2015 1 24 6 3 31.23 0.984865 0.833189 0.799588 20
3.20917 4.54576 5.16 0.8 2014 4 11 6 23 18.37 0.984865 0.833189 0.799588 20
0.472432 5.48869 3.97 0.8 2015 7 8 19 48 23.48 0.984865 0.833189 0.799588 20
3.85549 4.5481 5.07 0.79 2014 9 21 2 10 56.25 0.984865 0.833189 0.799588 20
4.43156 4.16625 5.6 0.79 2014 12 10 0 53 7.89 0.984865 0.833189 0.799588 20
3.12076 4.572 5.2 0.79 2015 1 28 23 58 1.88 0.984865 0.833189 0.799588 20
2.0158 4.64217 4.94 0.78 2014 11 19 12 32 13.49 0.984865 0.833189 0.799588 20
4.02724 4.63861 5.49 0.77 2014 10 12 5 14 19.7 0.984865 0.833189 0.799588 20
4.36051 4.33049 5.43 0.77 2015 1 24 19 27 32.38 0.984865 0.833189 0.799588 20
0.532532 5.44077 4.01 0.77 2015 2 2 19 8 36.64 0.984865 0.833189 0.799588 20
3.86858 4.48471 5.26 0.76 2014 9 19 7 15 15.26 0.984865 0.833189 0.799588 20
3.4396 4.46348 4.83 0.76 2014 11 14 8 15 58.99 0.984865 0.833189 0.799588 20
3.49391 4.47793 4.96 0.76 2014 11 14 8 16 14.83 0.984865 0.833189 0.799588 20
4.32071 4.40332 5.67 0.76 2014 11 15 15 40 25.02 0.984865 0.833189 0.799588 20
4.21493 4.36662 5.6 0.76 2015 1 16 17 27 9.84 0.984865 0.833189 0.799588 20
0.70286 5.37338 4.34 0.75 2014 9 2 8 58 10.96 0.984865 0.833189 0.799588 20
1.62235 4.8481 4.57 0.75 2014 12 4 16 31 48.58 0.984865 0.833189 0.799588 20
3.96269 4.51952 5.33 0.74 2014 11 14 15 36 52.05 0.984865 0.833189 0.799588 20
3.79174 4.57934 4.95 0.74 2014 11 16 0 50 22.93 0.984865 0.833189 0.799588 20
4.30326 4.41321 5.7 0.74 2014 11 16 2 2 40.66 0.984865 0.833189 0.799588 20
3.99243 4.56666 4.97 0.74 2014 11 16 4 9 14.08 0.984865 0.833189 0.799588 20
0.601358 5.28554 4.5 0.74 2014 11 16 10 4 57.7 0.984865 0.833189 0.799588 20
3.91417 4.54632 4.91 0.74 2015 4 21 11 2 14 0.984865 0.833189 0.799588 20
2.35343 4.5829 4.78 0.73 2014 11 20 6 10 9.04 0.984865 0.833189 0.799588 20
3.24612 4.49961 5 0.72 2014 2 21 16 2 2.1 0.984865 0.833189 0.799588 20
3.13162 4.57745 5.3 0.71 2014 2 21 20 11 30.32 0.984865 0.833189 0.799588 20
3.57431 4.47749 4.96 0.71 2014 11 14 8 45 56.36 0.984865 0.833189 0.799588 20
4.30326 4.40832 5.66 0.71 2014 11 15 6 35 30.71 0.984865 0.833189 0.799588 20
1.90923 4.77749 4.35 0.7 2014 12 6 4 23 29.04 0.984865 0.833189 0.799588 20
4.441 4.1965 5.59 0.7 2014 12 10 1 51 35.85 0.984865 0.833189 0.799588 20
3.31566 4.74624 4.72 0.7 2015 4 26 13 12 48.08 0.984865 0.833189 0.799588 20
3.26713 4.5223 5.05 0.69 2014 2 21 16 7 50.6 0.984865 0.833189 0.799588 20
4.29026 4.35439 5.61 0.69 2015 1 15 4 56 13.59 0.984865 0.833189 0.799588 20
3.11639 4.47393 5.01 0.67 2014 2 22 19 51 55.32 0.984865 0.833189 0.799588 20
4.09171 4.34261 5.51 0.67 2014 10 29 9 20 25.72 0.984865 0.833189 0.799588 20
3.11426 4.58156 5.16 0.67 2015 1 28 19 47 48.38 0.984865 0.833189 0.799588 20
3.91345 4.50373 5.5 0.66 2014 10 12 6 55 16.05 0.984865 0.833189 0.799588 20
4.14388 4.37118 5.55 0.66 2014 10 27 16 27 0.33 0.984865 0.833189 0.799588 20
3.8359 4.53631 4.84 0.66 2014 11 22 10 49 18.86 0.984865 0.833189 0.799588 20
0.501369 5.3249 4.42 0.65 2014 11 16 17 58 43.4 0.984865 0.833189 0.799588 20
1.19123 4.82675 4.5 0.65 2014 11 17 18 6 34.76 0.984865 0.833189 0.799588 20
0.538319 5.43765 4.01 0.64 2014 12 1 20 23 57.84 0.984865 0.833189 0.799588 20
4.2526 4.31781 5.52 0.64 2015 2 13 12 12 57.28 0.984865 0.833189 0.799588 20
3.38163 4.84132 4.76 0.63 2014 11 4 15 42 47.75 0.984865 0.833189 0.799588 20
1.33173 5.04124 4.23 0.63 2014 11 23 22 44 23.12 0.984865 0.833189 0.799588 20
0.365142 5.36749 4.49 0.62 2014 11 14 0 51 24.05 0.984865 0.833189 0.799588 20
0.313678 5.46701 4.25 0.61 2014 12 20 14 32 0.58 0.984865 0.833189 0.799588 20
3.84463 4.52819 5.02 0.6 2014 9 24 16 37 17.51 0.984865 0.833189 0.799588 20
3.39178 4.47882 4.98 0.6 2014 11 14 7 45 15.04 0.984865 0.833189 0.799588 20
3.75256 4.52641 4.95 0.6 2015 4 20 15 16 36.6 0.984865 0.833189 0.799588 20
3.27871 4.51774 5.05 0.59 2014 2 21 19 12 40.86 0.984865 0.833189 0.799588 20
0.37458 5.42498 4.17 0.59 2014 8 28 13 51 45.47 0.984865 0.833189 0.799588 20
3.29465 4.53319 5.28 0.59 2014 10 4 0 38 20 0.984865 0.833189 0.799588 20
3.79245 4.51952 4.85 0.59 2014 11 23 3 40 46.72 0.984865 0.833189 0.799588 20
1.31437 4.81229 4.51 0.58 2014 9 3 18 7 25.98 0.984865 0.833189 0.799588 20
0.50867 5.3249 4.51 0.58 2014 11 15 12 17 40.92 0.984865 0.833189 0.799588 20
4.36345 4.38341 5.64 0.58 2015 1 17 15 49 19.09 0.984865 0.833189 0.799588 20
4.2258 4.27433 5.59 0.58 2015 3 28 22 55 56.8 0.984865 0.833189 0.799588 20
3.10339 4.56522 5.08 0.57 2014 2 22 6 37 58.86 0.984865 0.833189 0.799588 20
4.00258 4.56077 5.01 0.57 2014 11 16 4 9 55.78 0.984865 0.833189 0.799588 20
2.33607 4.62404 5.06 0.57 2014 11 20 2 7 52.18 0.984865 0.833189 0.799588 20
2.02444 4.74669 4.54 0.57 2014 11 24 6 35 18.37 0.984865 0.833189 0.799588 20
4.34021 4.28289 5.43 0.57 2015 1 3 16 37 0.84 0.984865 0.833189 0.799588 20
4.1649 4.26299 5.52 0.57 2015 3 28 22 41 45.44 0.984865 0.833189 0.799588 20
3.85113 4.53042 4.91 0.57 2015 4 20 14 42 33.06 0.984865 0.833189 0.799588 20
0.285453 5.49414 4.05 0.57 2015 5 22 7 45 40.95 0.984865 0.833189 0.799588 20
3.93518 4.53586 5.53 0.56 2014 10 5 3 31 31.8 0.984865 0.833189 0.799588 20
0.466644 5.32813 4.59 0.56 2014 11 25 8 14 57.01 0.984865 0.833189 0.799588 20
3.77438 4.63038 4.93 0.56 2015 4 24 1 12 1.82 0.984865 0.833189 0.799588 20
4.39532 4.22452 5.2 0.55 2014 12 10 1 35 30.79 0.984865 0.833189 0.799588 20
0.496294 5.53439 4.09 0.54 2014 9 4 11 25 4.5 0.984865 0.833189 0.799588 20
3.96349 4.52363 5.56 0.54 2014 9 20 17 13 7.8 0.984865 0.833189 0.799588 20
3.30916 4.52819 5.3 0.54 2014 10 4 0 37 34.65 0.984865 0.833189 0.799588 20
4.07791 4.60458 5.42 0.54 2014 10 12 5 6 1.08 0.984865 0.833189 0.799588 20
3.13019 4.5879 5.06 0.53 2014 1 8 4 40 42.63 0.984865 0.833189 0.799588 20
1.63098 4.86122 4.49 0.53 2014 12 24 10 15 37.5 0.984865 0.833189 0.799588 20
3.20703 4.5223 5.11 0.52 2014 2 25 4 5 50.94 0.984865 0.833189 0.799588 20
0.124563 5.48958 3.91 0.52 2014 9 26 16 25 17.48 0.984865 0.833189 0.799588 20
4.41269 4.37708 5.74 0.52 2014 12 14 18 45 31.96 0.984865 0.833189 0.799588 20
1.17164 5.01545 4.5 0.51 2014 4 10 0 40 59.27 0.984865 0.833189 0.799588 20
4.33006 4.40054 5.7 0.51 2014 11 16 1 52 50.29 0.984865 0.833189 0.799588 20
3.35555 4.74669 4.71 0.51 2015 4 28 7 21 23.01 0.984865 0.833189 0.799588 20
3.99172 4.62549 5.23 0.5 2014 10 6 0 12 55.29 0.984865 0.833189 0.799588 20
2.20412 4.61726 4.68 0.5 2014 11 20 19 20 16.84 0.984865 0.833189 0.799588 20
3.09903 4.58746 5.16 0.5 2015 1 28 19 52 17.9 0.984865 0.833189 0.799588 20
0.765097 5.46701 4.27 0.49 2014 10 7 0 38 52.81 0.984865 0.833189 0.799588 20
2.25051 4.62137 4.63 0.49 2014 11 24 15 24 42.96 0.984865 0.833189 0.799588 20
0.897763 5.08383 4.72 0.48 2015 5 22 18 37 30.96 0.984865 0.833189 0.799588 20
4.54241 4.2522 5.63 0.48 2015 10 5 2 2 46.67 0.984865 0.833189 0.799588 20
3.14248 4.48749 4.76 0.47 2014 2 24 21 57 11.58 0.984865 0.833189 0.799588 20
0.156438 5.54073 4.11 0.47 2014 9 14 7 38 43.06 0.984865 0.833189 0.799588 20
3.31423 4.55944 5.04 0.46 2014 2 23 2 25 28.57 0.984865 0.833189 0.799588 20
3.05914 4.55666 4.87 0.46 2014 3 1 16 19 58.25 0.984865 0.833189 0.799588 20
1.42157 4.82953 4.55 0.46 2014 7 15 9 20 40.09 0.984865 0.833189 0.799588 20
3.90045 4.49383 5.54 0.46 2014 10 5 2 37 11.09 0.984865 0.833189 0.799588 20
0.757173 5.45934 4.26 0.46 2014 10 6 23 41 49.42 0.984865 0.833189 0.799588 20
4.08957 4.33049 5.55 0.46 2014 11 14 18 8 17.92 0.984865 0.833189 0.799588 20
0.530395 5.31901 4.52 0.46 2014 11 15 13 18 15.74 0.984865 0.833189 0.799588 20
1.58388 4.86389 4.51 0.46 2014 12 4 16 17 48.04 0.984865 0.833189 0.799588 20
3.26135 4.49016 4.98 0.45 2014 2 21 14 41 39.67 0.984865 0.833189 0.799588 20
3.93233 4.51596 5.46 0.45 2014 10 4 23 54 57.28 0.984865 0.833189 0.799588 20
2.19325 4.6187 5.01 0.45 2014 11 19 23 23 11.24 0.984865 0.833189 0.799588 20
0.574557 5.34214 4.27 0.45 2014 11 24 4 52 30.46 0.984865 0.833189 0.799588 20
3.82068 4.52319 4.86 0.44 2014 11 22 9 16 46.39 0.984865 0.833189 0.799588 20
4.22428 4.29969 5.61 0.44 2014 12 19 8 30 38.65 0.984865 0.833189 0.799588 20
4.26925 4.36751 5.64 0.44 2014 12 21 3 45 8.04 0.984865 0.833189 0.799588 20
1.38177 5.02312 4.25 0.43 2014 11 22 4 7 19.42 0.984865 0.833189 0.799588 20
3.77509 4.63271 4.91 0.43 2015 5 12 15 34 20.7 0.984865 0.833189 0.799588 20
4.34822 4.33727 5.45 0.42 2015 1 2 18 45 53.32 0.984865 0.833189 0.799588 20
4.09384 4.24498 5.41 0.41 2014 10 6 23 53 13.14 0.984865 0.833189 0.799588 20
4.23595 4.32459 5.61 0.41 2014 12 21 16 9 12.07 0.984865 0.833189 0.799588 20
1.63098 4.84621 4.46 0.4 2013 7 20 16 26 26.24 0.984865 0.833189 0.799588 20
3.94319 4.55076 4.99 0.4 2014 11 14 11 19 44.67 0.984865 0.833189 0.799588 20
3.96857 4.51952 5.36 0.4 2015 7 9 12 54 37.03 0.984865 0.833189 0.799588 20
0.478219 5.27742 4.51 0.39 2014 8 28 6 18 27.7 0.984865 0.833189 0.799588 20
4.12866 4.35717 5.47 0.39 2014 11 18 7 7 54.12 0.984865 0.833189 0.799588 20
0.497006 5.33402 4.53 0.39 2014 11 19 7 59 40.71 0.984865 0.833189 0.799588 20
3.80118 4.51907 5.04 0.39 2015 5 2 23 26 39.56 0.984865 0.833189 0.799588 20
3.10117 4.55265 4.95 0.37 2014 1 21 9 4 16.63 0.984865 0.833189 0.799588 20
2.07519 4.67653 4.63 0.37 2014 11 24 9 6 46 0.984865 0.833189 0.799588 20
0.388381 5.36338 4.46 0.36 2014 11 13 23 40 58.22 0.984865 0.833189 0.799588 20
4.2729 4.38063 5.57 0.36 2014 12 21 10 31 59.52 0.984865 0.833189 0.799588 20
4.39239 4.33638 5.53 0.36 2015 3 2 1 8 29.1 0.984865 0.833189 0.799588 20
0.367368 5.43899 4.32 0.36 2015 5 20 12 32 23.97 0.984865 0.833189 0.799588 20
3.19323 4.48605 4.8 0.35 2014 2 22 15 16 23.33 0.984865 0.833189 0.799588 20
3.05914 4.56666 4.96 0.35 2014 2 27 0 9 18.22 0.984865 0.833189 0.799588 20
0.645609 5.44933 4.23 0.35 2014 8 29 5 17 54.26 0.984865 0.833189 0.799588 20
3.89315 4.52541 5.15 0.35 2014 9 22 10 53 48.4 0.984865 0.833189 0.799588 20
0.914413 5.13265 4.66 0.35 2014 12 8 10 31 53.25 0.984865 0.833189 0.799588 20
0.630384 5.51771 4.16 0.34 2014 8 30 21 59 2.74 0.984865 0.833189 0.799588 20
3.57004 4.5988 5.11 0.34 2014 11 14 7 33 37.22 0.984865 0.833189 0.799588 20
2.38967 4.60013 4.7 0.34 2014 11 24 22 36 8.2 0.984865 0.833189 0.799588 20
4.23443 4.26799 5.65 0.34 2015 2 13 9 33 54.11 0.984865 0.833189 0.799588 20
2.87439 4.5789 4.76 0.33 2015 4 22 1 50 34.04 0.984865 0.833189 0.799588 20
3.38306 4.74213 4.77 0.33 2015 4 28 5 35 31.66 0.984865 0.833189 0.799588 20
3.91274 4.53086 5.16 0.32 2014 9 22 10 53 13.42 0.984865 0.833189 0.799588 20
3.89102 4.53764 5 0.32 2015 8 4 23 12 30.36 0.984865 0.833189 0.799588 20
4.24173 4.30602 5.49 0.31 2015 2 13 13 19 47.41 0.984865 0.833189 0.799588 20
4.36416 4.33994 5.43 0.3 2015 1 13 15 42 42.31 0.984865 0.833189 0.799588 20
3.98522 4.46848 5.22 0.3 2015 3 13 8 54 14.99 0.984865 0.833189 0.799588 20
4.09821 4.33682 5.5 0.29 2014 10 28 10 47 54.71 0.984865 0.833189 0.799588 20
1.28534 5.06337 4.21 0.29 2014 11 23 19 6 28.24 0.984865 0.833189 0.799588 20
0.859299 5.09239 4.68 0.29 2015 8 24 2 33 20.15 0.984865 0.833189 0.799588 20
3.90045 4.53631 5.15 0.28 2014 11 19 7 37 8.77 0.984865 0.833189 0.799588 20
4.41999 4.19105 5.51 0.27 2014 12 10 0 47 5.14 0.984865 0.833189 0.799588 20
4.20398 4.29379 5.57 0.26 2014 12 17 11 54 25.13 0.984865 0.833189 0.799588 20
3.99537 4.53631 5.21 0.26 2015 1 24 14 28 26.4 0.984865 0.833189 0.799588 20
3.24541 4.53809 5.12 0.25 2014 3 29 3 25 15.75 0.984865 0.833189 0.799588 20
4.45106 4.32504 5.27 0.25 2014 12 10 1 30 53.63 0.984865 0.833189 0.799588 20
4.42426 4.32726 5.57 0.25 2015 1 5 2 21 37.28 0.984865 0.833189 0.799588 20
3.88158 4.20017 5.25 0.25 2015 10 8 10 54 38.57 0.984865 0.833189 0.799588 20
2.6128 4.72545 5.13 0.21 2014 2 22 2 35 32.61 0.984865 0.833189 0.799588 20
4.44314 4.31637 5.55 0.2 2015 1 3 0 45 23.15 0.984865 0.833189 0.799588 20
4.35259 4.41777 5 0.19 2014 9 20 11 44 24.55 0.984865 0.833189 0.799588 20
3.93741 4.32137 5.42 0.18 2015 3 15 10 24 6.24 0.984865 0.833189 0.799588 20
3.34317 4.75214 4.71 0.16 2015 4 28 4 51 25.22 0.984865 0.833189 0.799588 20
4.38731 4.33638 5.51 0.14 2014 12 27 11 6 55.2 0.984865 0.833189 0.799588 20
0.42818 5.35303 4.59 0.14 2015 5 23 19 19 27.32 0.984865 0.833189 0.799588 20
4.04754 4.58924 5.49 0.13 2014 10 5 17 4 19.46 0.984865 0.833189 0.799588 20
4.38375 4.32949 5.45 0.13 2015 1 13 15 46 43.02 0.984865 0.833189 0.799588 20
3.09253 4.43545 4.83 0.12 2014 2 25 8 5 30.46 0.984865 0.833189 0.799588 20
0.57892 5.38461 4.28 0.12 2014 8 28 14 5 20.22 0.984865 0.833189 0.799588 20
3.0903 4.56433 4.99 0.11 2014 1 8 2 37 48.4 0.984865 0.833189 0.799588 20
1.91501 4.65985 4.82 0.11 2014 11 21 13 11 38.61 0.984865 0.833189 0.799588 20
1.57525 4.91726 4.23 0.11 2014 11 26 7 11 31.99 0.984865 0.833189 0.799588 20
3.15628 4.51184 4.82 0.1 2014 2 25 12 5 15.07 0.984865 0.833189 0.799588 20
3.0903 4.58701 5.36 0.08 2014 2 27 0 30 1.1 0.984865 0.833189 0.799588 20
2.04474 4.73357 4.57 0.08 2014 11 23 18 23 33.92 0.984865 0.833189 0.799588 20
1.82882 4.76437 4.62 0.07 2014 11 21 13 20 55.24 0.984865 0.833189 0.799588 20
4.01487 4.6028 5.01 0.07 2014 12 26 2 22 15.07 0.984865 0.833189 0.799588 20
0.702059 5.45022 4.28 0.07 2015 7 19 3 50 0.07 0.984865 0.833189 0.799588 20
3.26642 4.50962 5.04 0.05 2014 3 29 3 19 52.34 0.984865 0.833189 0.799588 20
3.89823 4.5422 4.87 0.05 2014 12 28 7 45 20.51 0.984865 0.833189 0.799588 20
3.84828 4.53408 4.85 0.02 2014 11 22 10 44 40.27 0.984865 0.833189 0.799588 20
1.28534 4.95029 4.57 0.02 2015 8 30 2 34 23.19 0.984865 0.833189 0.799588 20
3.10847 4.56433 5.05 0.01 2014 2 22 6 41 7.02 0.984865 0.833189 0.799588 20
2.91935 4.57834 4.78 0.01 2015 12 25 9 54 14.65 0.984865 0.833189 0.799588 20
4.40405 4.3684 5.42 0 2014 12 26 11 8 8.68 0.984865 0.833189 0.799588 20
2.66791 4.48115 4.93 -0.03 2015 4 22 6 46 15.68 0.984865 0.833189 0.799588 20
0.915125 5.16934 4.39 -0.03 2015 5 31 15 44 57.92 0.984865 0.833189 0.799588 20
4.06419 4.61237 5.37 -0.04 2014 10 12 5 44 13.15 0.984865 0.833189 0.799588 20
4.46121 4.30602 5.58 -0.14 2015 1 3 8 15 10.68 0.984865 0.833189 0.799588 20
2.01286 4.69743 4.62 -0.18 2015 1 13 8 55 32.77 0.984865 0.833189 0.799588 20
2.7273 3.74271 4.57 1.94 2015 11 22 23 58 28.96 0.443257 0.859914 0.190475 21
2.80414 3.77396 4.52 1.63 2014 11 26 23 28 59 0.443257 0.859914 0.190475 21
2.76211 3.75672 4.63 1.45 2015 11 22 22 47 43.28 0.443257 0.859914 0.190475 21
2.83744 3.77529 4.57 1.3 2015 11 22 22 30 42.2 0.443257 0.859914 0.190475 21
2.76648 3.76306 4.46 1.13 2015 11 22 23 29 27.14 0.443257 0.859914 0.190475 21
2.70121 3.70335 4.33 0.65 2015 12 19 12 9 49.24 0.443257 0.859914 0.190475 21
2.815 3.77751 4.61 0.62 2015 11 22 22 44 46.22 0.443257 0.859914 0.190475 21
2.79613 3.78296 4.47 0.53 2014 8 30 8 6 26.99 0.443257 0.859914 0.190475 21
2.63817 3.71469 4.13 0.34 2014 11 27 3 20 15.81 0.443257 0.859914 0.190475 21
2.67735 3.75172 4.34 0.34 2014 11 27 9 44 18.97 0.443257 0.859914 0.190475 21
2.78455 3.76172 4.53 0.31 2014 8 30 6 2 2.01 0.443257 0.859914 0.190475 21
2.49981 3.70746 4.19 0.2 2014 12 3 3 43 41.54 0.443257 0.859914 0.190475 21
2.59472 3.70201 4.13 0.14 2014 11 27 8 0 41.63 0.443257 0.859914 0.190475 21
2.74618 3.73092 4.59 0.11 2015 11 23 0 3 39.7 0.443257 0.859914 0.190475 21
2.92585 3.65309 4.51 0 2014 12 26 11 56 2.86 0.443257 0.859914 0.190475 21
5.75466 6.52214 4.51 1.62 2014 11 27 10 36 35.61 0.216152 0.885371 0.586098 22
5.94377 6.59953 4.54 1.58 2014 11 18 5 29 2.3 0.216152 0.885371 0.586098 22
5.70319 6.49323 4.54 1.28 2014 11 27 14 57 13.86 0.216152 0.885371 0.586098 22
5.88287 6.63166 4.62 1.26 2015 1 13 8 14 25.29 0.216152 0.885371 0.586098 22
5.87201 6.57774 4.54 1.24 2014 11 22 17 32 27.44 0.216152 0.885371 0.586098 22
5.63 6.43385 4.79 1.22 2015 6 6 16 45 37.09 0.216152 0.885371 0.586098 22
5.88358 6.62533 4.62 1.17 2015 1 13 17 50 24.72 0.216152 0.885371 0.586098 22
5.65102 6.39905 4.85 1.1 2015 6 1 2 57 49.02 0.216152 0.885371 0.586098 22
5.75323 6.51891 4.53 1.04 2014 11 27 10 31 24.62 0.216152 0.885371 0.586098 22
5.91546 6.5923 4.56 0.95 2014 11 18 9 4 6.46 0.216152 0.885371 0.586098 22
5.88358 6.63389 4.61 0.95 2015 1 13 4 46 1.71 0.216152 0.885371 0.586098 22
5.67274 6.48411 4.54 0.84 2014 11 27 15 8 52.89 0.216152 0.885371 0.586098 22
5.87637 6.56784 4.57 0.72 2014 11 22 13 6 15.14 0.216152 0.885371 0.586098 22
5.88509 6.58452 4.55 0.64 2014 11 22 15 11 58.46 0.216152 0.885371 0.586098 22
5.69954 6.48189 4.56 0.64 2014 12 27 10 37 22.22 0.216152 0.885371 0.586098 22
5.95463 6.60587 4.55 0.45 2014 11 18 8 2 24.4 0.216152 0.885371 0.586098 22
5.77424 6.53348 4.54 0.45 2014 11 27 10 30 42 0.216152 0.885371 0.586098 22
5.80104 6.52525 4.69 0.31 2014 12 2 1 0 32.01 0.216152 0.885371 0.586098 22
5.7242 6.49134 4.56 0.31 2014 12 27 14 52 32.93 0.216152 0.885371 0.586098 22
5.68797 6.485 4.52 0.28 2014 11 27 11 23 20.93 0.216152 0.885371 0.586098 22
5.74228 6.48322 4.66 0.19 2014 12 27 9 41 0.12 0.216152 0.885371 0.586098 22
5.72714 6.50312 4.49 0.11 2014 12 27 8 10 45.11 0.216152 0.885371 0.586098 22
5.71548 6.48689 4.59 -0.02 2014 12 29 7 17 5.48 0.216152 0.885371 0.586098 22
14.7902 3.91962 7.04 4.38 2016 11 25 15 19 35.75 0.800564 0.630463 0.61768 23
14.8163 3.72826 6.89 2.91 2016 12 29 23 6 4.64 0.800564 0.630463 0.61768 23
14.688 3.71146 7.07 2.7 2018 5 12 16 19 56.76 0.800564 0.630463 0.61768 23
10.9905 3.21787 6.01 2.58 2015 11 27 0 6 46.87 0.800564 0.630463 0.61768 23
16.201 3.78663 7.04 2.55 2019 2 23 14 38 19.68 0.800564 0.630463 0.61768 23
11.0057 3.24589 6.08 2.38 2015 11 23 12 35 48.33 0.800564 0.630463 0.61768 23
13.0353 3.46539 6.31 2.31 2014 10 1 19 37 32.16 0.800564 0.630463 0.61768 23
11.1782 3.19341 5.88 2.29 2015 11 23 2 19 22.08 0.800564 0.630463 0.61768 23
16.0162 3.70468 7.3 2.29 2019 8 17 3 24 59.42 0.800564 0.630463 0.61768 23
14.6997 3.73815 7.09 2.27 2018 10 12 9 49 15.1 0.800564 0.630463 0.61768 23
15.73 3.69289 7.15 2.27 2019 2 23 8 6 56.95 0.800564 0.630463 0.61768 23
12.3143 3.68255 6.25 2.09 2014 9 10 11 9 40.79 0.800564 0.630463 0.61768 23
13.47 3.52955 6.7 2.08 2016 1 2 12 27 29.08 0.800564 0.630463 0.61768 23
11.3426 3.08444 6.19 2.06 2015 9 4 5 54 20.79 0.800564 0.630463 0.61768 23
11.0282 3.23055 6.01 2.05 2015 12 5 2 53 36.29 0.800564 0.630463 0.61768 23
14.5982 3.65309 7.1 2.02 2018 5 12 19 25 31.4 0.800564 0.630463 0.61768 23
11.1702 3.19574 5.88 2.01 2015 10 23 22 57 49.26 0.800564 0.630463 0.61768 23
13.9149 3.99879 6.87 1.9 2015 4 14 9 14 51.97 0.800564 0.630463 0.61768 23
13.9309 3.88026 6.69 1.9 2015 4 22 8 48 49.3 0.800564 0.630463 0.61768 23
14.9982 3.86981 7.12 1.88 2016 12 8 15 40 33.31 0.800564 0.630463 0.61768 23
11.0818 3.22143 5.87 1.85 2015 11 18 18 6 1.2 0.800564 0.630463 0.61768 23
10.9332 3.37399 5.89 1.84 2015 11 18 18 4 2.68 0.800564 0.630463 0.61768 23
11.26 3.36353 5.82 1.81 2016 1 25 3 42 59.23 0.800564 0.630463 0.61768 23
16.0692 3.72459 7.36 1.81 2019 7 27 9 38 27.63 0.800564 0.630463 0.61768 23
13.191 3.70702 6.65 1.8 2015 4 2 2 39 49.27 0.800564 0.630463 0.61768 23
11.0434 3.23055 5.76 1.79 2015 10 19 4 12 47.59 0.800564 0.630463 0.61768 23
11.0854 3.21831 5.85 1.79 2015 10 24 1 30 1.6 0.800564 0.630463 0.61768 23
13.4396 3.49752 6.7 1.79 2016 1 2 12 27 2.09 0.800564 0.630463 0.61768 23
11.5513 3.53689 5.84 1.77 2015 12 1 8 34 55.49 0.800564 0.630463 0.61768 23
11.1144 3.22198 5.96 1.73 2015 11 30 13 42 35.62 0.800564 0.630463 0.61768 23
14.9757 3.86169 7.09 1.73 2016 12 19 12 12 53.12 0.800564 0.630463 0.61768 23
13.42 3.49252 6.66 1.71 2016 5 6 1 53 6.66 0.800564 0.630463 0.61768 23
14.6656 4.10465 7 1.66 2016 11 28 13 27 10.15 0.800564 0.630463 0.61768 23
13.4751 3.52054 6.73 1.6 2016 1 1 3 51 37.43 0.800564 0.630463 0.61768 23
11.5528 3.28703 5.91 1.6 2016 6 19 20 47 51.74 0.800564 0.630463 0.61768 23
15.0598 3.76128 7.2 1.57 2016 11 25 23 3 21.74 0.800564 0.630463 0.61768 23
11.4231 3.10745 6.05 1.56 2014 12 22 23 9 34.4 0.800564 0.630463 0.61768 23
15.0923 4.07029 7.2 1.55 2016 12 5 21 50 38.44 0.800564 0.630463 0.61768 23
11.0463 3.22643 5.8 1.52 2015 10 18 16 48 50.59 0.800564 0.630463 0.61768 23
11.531 3.28937 5.93 1.51 2016 6 11 1 37 28.49 0.800564 0.630463 0.61768 23
15.0823 3.94586 7.07 1.51 2016 12 12 10 2 50.32 0.800564 0.630463 0.61768 23
11.0673 3.21743 5.79 1.5 2015 10 18 15 23 6.17 0.800564 0.630463 0.61768 23
11.2948 3.1536 5.86 1.5 2015 10 24 17 19 39.48 0.800564 0.630463 0.61768 23
15.1322 4.03638 7.19 1.49 2016 12 24 19 49 16.78 0.800564 0.630463 0.61768 23
16.0902 3.73326 7.39 1.49 2019 7 27 18 15 51.46 0.800564 0.630463 0.61768 23
11.2586 3.16716 5.87 1.47 2015 11 23 1 4 50.69 0.800564 0.630463 0.61768 23
11.5832 3.50698 5.85 1.44 2015 11 30 22 0 38.24 0.800564 0.630463 0.61768 23
11.2289 3.17851 5.86 1.42 2015 10 24 18 25 21.6 0.800564 0.630463 0.61768 23
15.1054 4.0992 7.06 1.42 2017 1 20 3 32 26.09 0.800564 0.630463 0.61768 23
11.0637 3.19663 6.04 1.39 2015 12 7 3 57 6.67 0.800564 0.630463 0.61768 23
13.1599 3.71102 6.66 1.38 2015 4 6 22 27 32.4 0.800564 0.630463 0.61768 23
11.1006 3.20475 5.8 1.38 2015 10 24 16 21 37.45 0.800564 0.630463 0.61768 23
11.5716 3.50108 5.88 1.38 2015 12 5 13 56 25.96 0.800564 0.630463 0.61768 23
11.0166 3.19163 6.16 1.38 2015 12 7 20 59 23.44 0.800564 0.630463 0.61768 23
13.4729 3.53733 6.66 1.37 2016 1 2 14 46 53.87 0.800564 0.630463 0.61768 23
10.9803 3.25223 5.75 1.34 2015 10 18 21 14 28.6 0.800564 0.630463 0.61768 23
10.955 3.24545 5.93 1.34 2015 11 25 7 34 47.38 0.800564 0.630463 0.61768 23
14.504 4.15891 6.45 1.34 2015 6 1 17 2 57.72 0.800564 0.630463 0.61768 23
11.0274 3.29927 6.04 1.33 2016 8 27 1 55 54.9 0.800564 0.630463 0.61768 23
15.9858 3.70969 7.3 1.33 2019 8 17 1 11 22.88 0.800564 0.630463 0.61768 23
11.2528 3.17895 5.81 1.32 2015 11 22 20 1 7.9 0.800564 0.630463 0.61768 23
14.0142 3.92373 6.72 1.31 2015 8 8 3 53 17.17 0.800564 0.630463 0.61768 23
14.0729 4.00246 6.74 1.3 2015 5 22 2 36 9.15 0.800564 0.630463 0.61768 23
13.3381 3.45038 6.22 1.29 2015 2 21 9 46 8.03 0.800564 0.630463 0.61768 23
14.0091 3.99924 6.66 1.29 2015 4 8 17 47 29.92 0.800564 0.630463 0.61768 23
13.0555 3.47618 6.33 1.28 2014 10 1 20 59 18.72 0.800564 0.630463 0.61768 23
12.8925 3.70969 6.56 1.28 2015 4 8 10 24 13.98 0.800564 0.630463 0.61768 23
11.2897 3.3364 5.88 1.28 2015 12 11 8 50 0.84 0.800564 0.630463 0.61768 23
11.0593 3.20108 6 1.28 2015 12 13 7 18 19.97 0.800564 0.630463 0.61768 23
13.4092 3.48029 6.65 1.28 2016 5 5 14 26 1.29 0.800564 0.630463 0.61768 23
13.8424 3.78619 6.71 1.27 2015 4 24 9 24 27.94 0.800564 0.630463 0.61768 23
13.9389 3.85491 6.76 1.27 2015 7 12 8 42 51.15 0.800564 0.630463 0.61768 23
11.1281 3.21654 5.96 1.27 2015 11 8 7 21 25.01 0.800564 0.630463 0.61768 23
16.0539 3.82188 7.44 1.27 2019 7 30 20 21 47.76 0.800564 0.630463 0.61768 23
11.2579 3.16761 5.85 1.26 2015 10 24 2 54 5.98 0.800564 0.630463 0.61768 23
13.1244 3.33329 6.31 1.25 2014 10 4 22 29 47.16 0.800564 0.630463 0.61768 23
13.9287 3.89015 6.67 1.25 2015 4 20 13 58 24.51 0.800564 0.630463 0.61768 23
10.9448 3.29393 5.84 1.24 2015 11 18 11 33 0.73 0.800564 0.630463 0.61768 23
12.3057 3.61828 6.06 1.23 2014 9 10 11 48 59.07 0.800564 0.630463 0.61768 23
9.66303 2.99837 6.03 1.23 2015 11 15 22 41 23.08 0.800564 0.630463 0.61768 23
13.5925 3.6065 6.71 1.22 2016 1 5 14 32 18.6 0.800564 0.630463 0.61768 23
15.096 4.09242 7.19 1.22 2016 12 19 10 17 17.09 0.800564 0.630463 0.61768 23
11.0999 3.2351 6 1.2 2015 11 9 10 53 40.9 0.800564 0.630463 0.61768 23
11.0311 3.27714 5.67 1.2 2015 12 24 22 47 43.08 0.800564 0.630463 0.61768 23
13.3882 3.47984 6.58 1.2 2016 10 25 3 33 28.64 0.800564 0.630463 0.61768 23
10.9847 3.27169 5.88 1.19 2015 10 26 17 54 29.44 0.800564 0.630463 0.61768 23
10.8072 3.25223 6.22 1.19 2015 10 29 8 14 6.31 0.800564 0.630463 0.61768 23
11.0695 3.19841 6.04 1.17 2015 12 2 2 53 42.34 0.800564 0.630463 0.61768 23
11.3209 3.31739 5.82 1.17 2015 12 4 12 42 35.61 0.800564 0.630463 0.61768 23
13.844 3.84045 6.65 1.15 2015 4 28 15 51 10.72 0.800564 0.630463 0.61768 23
10.9985 3.26402 5.88 1.15 2015 10 25 17 15 11.98 0.800564 0.630463 0.61768 23
13.9063 3.85857 6.69 1.13 2015 4 22 19 49 20.68 0.800564 0.630463 0.61768 23
11.0412 3.18206 6.05 1.13 2015 11 30 11 9 58.36 0.800564 0.630463 0.61768 23
13.5272 3.55813 6.72 1.13 2016 1 2 20 53 40.8 0.800564 0.630463 0.61768 23
13.215 3.70557 6.61 1.11 2015 3 20 3 26 17.13 0.800564 0.630463 0.61768 23
13.8968 3.87481 6.66 1.11 2015 6 4 9 50 24.5 0.800564 0.630463 0.61768 23
13.8802 3.80654 6.78 1.11 2015 10 22 23 31 37.04 0.800564 0.630463 0.61768 23
11.0079 3.24589 5.76 1.11 2015 11 19 3 53 2.12 0.800564 0.630463 0.61768 23
11.081 3.20931 6.01 1.11 2015 12 2 10 20 33.49 0.800564 0.630463 0.61768 23
13.4845 3.54456 6.67 1.11 2016 1 2 13 5 30.84 0.800564 0.630463 0.61768 23
13.9287 3.89794 6.68 1.1 2015 4 14 18 45 49.14 0.800564 0.630463 0.61768 23
13.9794 3.91829 6.74 1.1 2015 4 28 19 26 15.4 0.800564 0.630463 0.61768 23
9.62973 3.02739 6 1.1 2015 11 17 3 6 10.67 0.800564 0.630463 0.61768 23
13.4468 3.51243 6.68 1.1 2016 1 2 12 50 55.26 0.800564 0.630463 0.61768 23
11.226 3.1884 5.79 1.09 2015 10 25 0 44 54.41 0.800564 0.630463 0.61768 23
11.6064 3.4893 5.91 1.09 2015 12 3 13 47 44.91 0.800564 0.630463 0.61768 23
13.4461 3.50698 6.74 1.09 2016 1 2 8 51 59.2 0.800564 0.630463 0.61768 23
11.5282 3.55179 5.8 1.09 2016 3 24 9 42 11.34 0.800564 0.630463 0.61768 23
13.1642 3.54956 6.27 1.06 2014 10 10 8 48 41.7 0.800564 0.630463 0.61768 23
13.978 3.88882 6.75 1.05 2015 5 14 10 59 54.42 0.800564 0.630463 0.61768 23
11.2861 3.16038 5.84 1.05 2015 10 26 15 10 0.77 0.800564 0.630463 0.61768 23
10.9833 3.25679 5.94 1.05 2015 11 22 9 59 43.17 0.800564 0.630463 0.61768 23
10.9637 3.25768 5.9 1.04 2015 10 23 1 58 1.84 0.800564 0.630463 0.61768 23
11.0071 3.24 6.05 1.04 2015 11 22 9 55 43.48 0.800564 0.630463 0.61768 23
11.5463 3.29204 5.92 1.04 2016 6 11 12 6 8.96 0.800564 0.630463 0.61768 23
13.5092 3.56079 6.66 1.02 2016 1 2 14 8 8.17 0.800564 0.630463 0.61768 23
11.4238 3.09567 6.08 1.01 2014 12 18 7 15 20.51 0.800564 0.630463 0.61768 23
11.1013 3.20342 5.79 1.01 2015 10 18 13 38 49.02 0.800564 0.630463 0.61768 23
10.8847 3.58203 5.93 1 2014 10 11 1 3 22.18 0.800564 0.630463 0.61768 23
11.2144 3.17806 5.88 0.99 2015 10 24 1 26 10.28 0.800564 0.630463 0.61768 23
11.2369 3.37165 5.87 0.99 2015 12 15 17 26 37.7 0.800564 0.630463 0.61768 23
15.5982 3.97933 7.18 0.98 2014 11 4 4 35 39.41 0.800564 0.630463 0.61768 23
13.8533 3.80965 6.72 0.98 2015 4 24 10 34 50.26 0.800564 0.630463 0.61768 23
11.4716 3.20831 6.43 0.98 2015 12 7 22 17 53.04 0.800564 0.630463 0.61768 23
10.0666 3.47395 5.94 0.98 2016 1 27 17 19 51.36 0.800564 0.630463 0.61768 23
11.3731 3.20519 6.05 0.97 2014 10 28 21 7 41.82 0.800564 0.630463 0.61768 23
13.8519 3.85313 6.64 0.97 2015 4 30 9 32 34.05 0.800564 0.630463 0.61768 23
13.3845 3.44993 6.68 0.97 2016 1 11 0 27 25.37 0.800564 0.630463 0.61768 23
11.0238 3.13692 6.1 0.97 2016 1 13 16 10 21.85 0.800564 0.630463 0.61768 23
11.2521 3.15816 6.01 0.96 2015 10 24 5 44 40.3 0.800564 0.630463 0.61768 23
14.0193 4.00646 6.65 0.95 2015 4 9 0 30 40.61 0.800564 0.630463 0.61768 23
11.1036 3.19975 5.81 0.95 2015 10 18 15 22 14.03 0.800564 0.630463 0.61768 23
11.0782 3.23644 5.94 0.95 2015 11 19 21 33 23.52 0.800564 0.630463 0.61768 23
13.9396 3.91462 6.67 0.94 2015 4 15 14 18 42.14 0.800564 0.630463 0.61768 23
11.0129 3.24678 5.74 0.94 2015 10 18 15 44 9.93 0.800564 0.630463 0.61768 23
11.3542 3.03418 6.22 0.93 2015 5 7 10 39 20.67 0.800564 0.630463 0.61768 23
11.5846 3.52143 5.86 0.93 2015 11 30 18 23 53.12 0.800564 0.630463 0.61768 23
13.2614 3.69334 6.66 0.92 2015 3 19 0 53 19.82 0.800564 0.630463 0.61768 23
13.1926 3.70646 6.63 0.92 2015 4 6 16 28 33.67 0.800564 0.630463 0.61768 23
13.8751 3.88337 6.64 0.92 2015 5 12 13 49 33.04 0.800564 0.630463 0.61768 23
14.0584 3.99112 6.73 0.92 2015 5 22 1 33 13.03 0.800564 0.630463 0.61768 23
11.0579 3.24233 5.9 0.91 2015 10 25 14 33 12.57 0.800564 0.630463 0.61768 23
13.2462 3.68611 6.68 0.9 2015 4 5 8 1 14.12 0.800564 0.630463 0.61768 23
13.2005 3.65398 6.84 0.9 2015 9 3 2 58 25.46 0.800564 0.630463 0.61768 23
13.5577 3.59471 6.64 0.9 2016 1 3 9 58 8.34 0.800564 0.630463 0.61768 23
13.3556 3.61917 6.62 0.9 2016 3 27 12 58 55.3 0.800564 0.630463 0.61768 23
13.9222 3.84545 6.8 0.89 2015 7 13 11 48 12.11 0.800564 0.630463 0.61768 23
13.0737 3.36265 6.35 0.87 2014 10 4 20 12 41.22 0.800564 0.630463 0.61768 23
13.1439 3.3364 6.3 0.87 2014 10 4 21 34 56.8 0.800564 0.630463 0.61768 23
13.8715 3.85668 6.67 0.87 2015 4 25 18 25 34.04 0.800564 0.630463 0.61768 23
11.618 3.48574 5.92 0.87 2015 12 7 14 40 44.25 0.800564 0.630463 0.61768 23
11.018 3.28759 5.67 0.87 2015 12 24 22 36 35.4 0.800564 0.630463 0.61768 23
11.6738 3.16583 6.14 0.87 2016 5 25 21 43 17.72 0.800564 0.630463 0.61768 23
12.6722 3.36487 6.33 0.86 2014 10 3 1 58 30.38 0.800564 0.630463 0.61768 23
11.1673 3.19975 5.92 0.86 2015 10 24 2 4 42.67 0.800564 0.630463 0.61768 23
11.0542 3.245 5.96 0.86 2015 10 26 7 44 39.12 0.800564 0.630463 0.61768 23
11.0463 3.24411 6.02 0.85 2015 11 19 21 30 54.72 0.800564 0.630463 0.61768 23
13.6729 3.46172 6.62 0.84 2014 11 14 12 23 3.42 0.800564 0.630463 0.61768 23
11.1188 3.2142 5.98 0.82 2015 12 3 15 9 53.26 0.800564 0.630463 0.61768 23
12.8897 3.69656 6.54 0.81 2015 3 7 19 35 47.8 0.800564 0.630463 0.61768 23
12.7606 3.8052 6.39 0.81 2015 3 17 6 56 31.57 0.800564 0.630463 0.61768 23
11.1311 3.21376 5.97 0.81 2015 10 24 13 23 27.42 0.800564 0.630463 0.61768 23
13.1244 3.36042 6.32 0.8 2014 10 4 21 45 17.78 0.800564 0.630463 0.61768 23
11.4093 3.11068 6.08 0.8 2014 12 18 6 57 16.55 0.800564 0.630463 0.61768 23
13.4563 3.92818 6.57 0.8 2015 9 27 0 30 7.66 0.800564 0.630463 0.61768 23
11.2216 3.18118 5.92 0.8 2015 10 24 2 12 19.98 0.800564 0.630463 0.61768 23
12.2129 3.60516 6.55 0.78 2015 3 31 11 30 28.16 0.800564 0.630463 0.61768 23
13.9744 3.90428 6.81 0.76 2015 4 29 23 25 20.8 0.800564 0.630463 0.61768 23
11.0304 3.23688 5.8 0.76 2015 10 18 15 49 47.96 0.800564 0.630463 0.61768 23
13.5425 3.57981 6.64 0.75 2016 1 3 17 29 5.8 0.800564 0.630463 0.61768 23
13.9744 3.90383 6.76 0.74 2015 5 11 8 54 20.36 0.800564 0.630463 0.61768 23
10.897 3.32417 5.79 0.74 2015 8 12 6 57 43.8 0.800564 0.630463 0.61768 23
14.9192 3.66988 7.04 0.74 2015 8 29 22 32 49.6 0.800564 0.630463 0.61768 23
11.3253 3.13825 5.88 0.74 2015 11 2 11 51 29.07 0.800564 0.630463 0.61768 23
13.0302 3.37755 6.28 0.73 2014 10 4 19 9 7.2 0.800564 0.630463 0.61768 23
11.247 3.16716 5.88 0.73 2015 10 26 11 47 28.09 0.800564 0.630463 0.61768 23
11.0745 3.23777 5.95 0.73 2015 10 30 21 21 41.36 0.800564 0.630463 0.61768 23
11.5463 3.29615 5.9 0.73 2016 6 19 23 9 42.68 0.800564 0.630463 0.61768 23
11.0934 3.21287 5.87 0.71 2015 10 19 4 27 33.42 0.800564 0.630463 0.61768 23
11.0623 3.24278 6.01 0.71 2015 10 28 8 14 59.77 0.800564 0.630463 0.61768 23
11.1477 3.20564 5.92 0.7 2015 10 26 3 43 17.75 0.800564 0.630463 0.61768 23
11.0934 3.23277 5.97 0.7 2015 11 8 6 52 43.75 0.800564 0.630463 0.61768 23
13.6244 3.65264 6.66 0.7 2016 1 3 21 29 31.1 0.800564 0.630463 0.61768 23
11.4209 3.11646 6.02 0.69 2014 12 23 1 32 29.88 0.800564 0.630463 0.61768 23
12.9679 3.72592 6.54 0.69 2015 2 14 0 29 7.96 0.800564 0.630463 0.61768 23
11.1434 3.20831 5.92 0.69 2015 10 24 2 56 22.1 0.800564 0.630463 0.61768 23
13.8983 3.82055 6.77 0.68 2015 7 15 0 26 11.63 0.800564 0.630463 0.61768 23
10.9898 3.26946 5.89 0.68 2015 11 18 7 21 10.88 0.800564 0.630463 0.61768 23
13.9744 3.90872 6.68 0.67 2015 5 1 22 6 16.26 0.800564 0.630463 0.61768 23
11.2122 3.18529 5.86 0.65 2015 10 24 1 18 29.34 0.800564 0.630463 0.61768 23
11.2629 3.17217 5.82 0.65 2015 10 24 15 18 5.2 0.800564 0.630463 0.61768 23
11.218 3.20252 5.75 0.63 2015 10 25 10 13 42.33 0.800564 0.630463 0.61768 23
13.9033 3.84812 6.71 0.61 2015 4 30 3 47 46.15 0.800564 0.630463 0.61768 23
10.8804 3.32918 5.78 0.61 2015 8 12 7 4 29.33 0.800564 0.630463 0.61768 23
11.3463 3.09255 6.31 0.61 2015 9 4 6 6 25.62 0.800564 0.630463 0.61768 23
11.247 3.16172 5.99 0.61 2015 12 26 10 20 30.91 0.800564 0.630463 0.61768 23
13.9555 3.85491 6.63 0.6 2015 10 27 5 12 44.91 0.800564 0.630463 0.61768 23
11.0709 3.23911 5.98 0.6 2015 10 28 7 51 25.14 0.800564 0.630463 0.61768 23
13.407 3.46717 6.69 0.58 2016 5 7 4 49 30.07 0.800564 0.630463 0.61768 23
13.4526 3.86391 6.56 0.55 2015 5 31 0 12 13.82 0.800564 0.630463 0.61768 23
13.1121 3.82911 6.52 0.54 2015 1 31 7 16 20.9 0.800564 0.630463 0.61768 23
13.9548 3.89249 6.87 0.53 2015 5 14 18 0 32.46 0.800564 0.630463 0.61768 23
13.0143 3.72103 6.53 0.49 2015 1 23 23 57 3 0.800564 0.630463 0.61768 23
13.2302 3.69567 6.66 0.48 2015 3 19 17 28 4.68 0.800564 0.630463 0.61768 23
11.3426 3.02873 6.21 0.48 2015 10 16 5 24 48.76 0.800564 0.630463 0.61768 23
10.9159 3.27213 6.24 0.48 2015 12 2 21 56 58.76 0.800564 0.630463 0.61768 23
11.6643 3.49975 5.92 0.47 2015 12 5 0 43 17.54 0.800564 0.630463 0.61768 23
13.8729 3.82822 6.75 0.46 2015 5 3 9 6 37.04 0.800564 0.630463 0.61768 23
11.0014 3.24233 6 0.45 2015 11 23 4 8 57.15 0.800564 0.630463 0.61768 23
10.8413 3.30427 6.3 0.45 2016 1 20 9 17 13.52 0.800564 0.630463 0.61768 23
11.1101 3.22832 6 0.43 2015 11 1 6 21 59.01 0.800564 0.630463 0.61768 23
13.4128 3.65131 6.63 0.43 2016 1 4 21 31 7.44 0.800564 0.630463 0.61768 23
11.0579 3.48485 6.06 0.42 2015 4 4 1 15 57.76 0.800564 0.630463 0.61768 23
11.0246 3.23644 5.95 0.42 2015 10 24 4 12 36.67 0.800564 0.630463 0.61768 23
10.947 3.28848 5.86 0.42 2015 11 18 1 12 22.45 0.800564 0.630463 0.61768 23
13.1577 3.57759 6.46 0.41 2014 2 16 2 38 24.48 0.800564 0.630463 0.61768 23
10.534 3.34497 6.02 0.41 2015 11 18 11 33 39.28 0.800564 0.630463 0.61768 23
11.7064 3.48029 5.92 0.41 2015 11 30 17 44 22.92 0.800564 0.630463 0.61768 23
10.6333 3.57937 6 0.38 2015 9 7 13 59 21.46 0.800564 0.630463 0.61768 23
11.5441 3.28848 5.93 0.36 2016 6 3 1 35 17.94 0.800564 0.630463 0.61768 23
11.0238 3.24456 5.98 0.35 2015 10 28 0 45 41.87 0.800564 0.630463 0.61768 23
11.2579 3.37899 5.8 0.33 2015 12 3 3 27 44.77 0.800564 0.630463 0.61768 23
11.0304 3.2102 6.05 0.32 2015 11 23 3 44 8.04 0.800564 0.630463 0.61768 23
11.376 3.06631 6.23 0.31 2015 9 4 6 6 46.63 0.800564 0.630463 0.61768 23
10.8528 3.28759 6.33 0.28 2016 1 8 9 21 34.02 0.800564 0.630463 0.61768 23
13.4599 3.53689 6.55 0.27 2014 11 21 10 52 40.63 0.800564 0.630463 0.61768 23
13.0157 3.29115 6.3 0.26 2014 11 7 10 11 27.65 0.800564 0.630463 0.61768 23
11.2195 3.18162 5.83 0.26 2015 10 24 1 22 34.35 0.800564 0.630463 0.61768 23
10.939 3.28703 5.88 0.25 2015 11 18 1 13 2.2 0.800564 0.630463 0.61768 23
11.4391 3.07765 6.1 0.24 2014 12 18 10 54 59.94 0.800564 0.630463 0.61768 23
13.4969 3.55535 6.66 0.24 2016 1 2 14 49 45.95 0.800564 0.630463 0.61768 23
13.5085 3.54856 6.64 0.24 2016 1 2 16 52 27.01 0.800564 0.630463 0.61768 23
13.9765 3.95676 6.67 0.23 2015 4 14 8 54 33.85 0.800564 0.630463 0.61768 23
10.9681 3.1496 6.16 0.21 2016 1 3 2 47 15.73 0.800564 0.630463 0.61768 23
11.1173 3.2102 5.93 0.2 2015 10 24 5 43 24.66 0.800564 0.630463 0.61768 23
10.8586 3.33729 5.89 0.2 2015 11 28 16 36 13.41 0.800564 0.630463 0.61768 23
11.1507 3.17306 5.95 0.2 2015 12 5 11 30 43.94 0.800564 0.630463 0.61768 23
11.4962 3.07988 5.98 0.2 2016 1 4 16 42 48.78 0.800564 0.630463 0.61768 23
10.8746 3.57169 5.98 0.15 2014 10 11 8 54 2.51 0.800564 0.630463 0.61768 23
11.0978 3.18573 6.02 0.15 2016 1 28 1 45 8.77 0.800564 0.630463 0.61768 23
11.9303 3.62373 6.39 0.14 2015 5 30 0 10 23.25 0.800564 0.630463 0.61768 23
10.8637 3.32506 5.92 0.14 2015 11 28 15 33 19.58 0.800564 0.630463 0.61768 23
15.5003 4.94306 6.42 0.13 2016 1 5 6 10 16.87 0.800564 0.630463 0.61768 23
12.8599 3.67533 6.57 0.12 2015 3 14 12 2 24.66 0.800564 0.630463 0.61768 23
14.0098 4.01236 6.62 0.11 2015 4 18 4 34 33.89 0.800564 0.630463 0.61768 23
13.5635 3.5857 6.78 0.11 2016 1 20 11 6 22.61 0.800564 0.630463 0.61768 23
12.8816 3.69745 6.54 0.09 2015 3 8 2 1 26.5 0.800564 0.630463 0.61768 23
13.5207 3.57258 6.68 0.08 2015 12 30 13 52 5.91 0.800564 0.630463 0.61768 23
13.2164 3.67077 6.66 0.07 2015 3 30 4 43 43.38 0.800564 0.630463 0.61768 23
11.0891 3.19797 6.02 0.07 2015 11 29 9 34 32.1 0.800564 0.630463 0.61768 23
11.3796 3.07176 6.22 0.02 2015 9 4 6 3 44.19 0.800564 0.630463 0.61768 23
9.21527 2.98625 5.34 -0.04 2015 8 15 11 45 33.86 0.800564 0.630463 0.61768 23
11.0565 3.23911 5.77 -0.05 2015 8 10 2 27 12.44 0.800564 0.630463 0.61768 23
19.424 4.63905 7.99 2.75 2015 5 24 19 22 6.94 0.593728 0.800278 0.694735 24
19.6543 4.31281 7.91 2.69 2018 11 9 5 25 34.32 0.593728 0.800278 0.694735 24
19.416 4.63861 8.01 2.57 2015 5 24 14 33 51.12 0.593728 0.800278 0.694735 24
19.9754 4.54309 7.97 2.3 2015 5 25 4 57 35.62 0.593728 0.800278 0.694735 24
19.5095 4.57745 8.08 2.23 2016 9 9 5 52 59.94 0.593728 0.800278 0.694735 24
19.4384 4.58245 7.98 2.2 2015 5 24 12 38 4.21 0.593728 0.800278 0.694735 24
19.5906 4.56622 8.04 2.13 2016 9 9 6 56 28.44 0.593728 0.800278 0.694735 24
20.1449 4.81052 7.99 2.03 2018 3 14 12 39 3 0.593728 0.800278 0.694735 24
19.4617 4.5074 7.77 1.97 2015 8 7 8 24 5.02 0.593728 0.800278 0.694735 24
18.6436 4.65573 7.92 1.91 2018 8 22 15 2 59.34 0.593728 0.800278 0.694735 24
19.9261 4.45391 7.98 1.86 2018 8 8 3 9 12.64 0.593728 0.800278 0.694735 24
19.3696 4.58701 7.95 1.79 2015 5 24 16 25 25.62 0.593728 0.800278 0.694735 24
19.8616 4.5481 8.04 1.77 2016 9 9 3 56 37.44 0.593728 0.800278 0.694735 24
19.9905 4.5422 8.06 1.76 2016 9 9 4 6 43.38 0.593728 0.800278 0.694735 24
20.1826 4.51685 8.17 1.75 2016 9 7 1 3 9.3 0.593728 0.800278 0.694735 24
19.5232 4.58423 7.99 1.74 2015 5 26 15 29 58.06 0.593728 0.800278 0.694735 24
19.5182 4.56033 7.95 1.72 2015 5 26 15 51 57.72 0.593728 0.800278 0.694735 24
19.5617 4.59246 7.99 1.69 2015 5 26 15 29 50.77 0.593728 0.800278 0.694735 24
19.5146 4.57745 8.03 1.69 2016 9 9 6 59 12.93 0.593728 0.800278 0.694735 24
19.5732 4.57067 8.01 1.59 2016 9 11 10 22 50.63 0.593728 0.800278 0.694735 24
20.1898 4.51596 8.14 1.55 2016 9 10 19 57 19.44 0.593728 0.800278 0.694735 24
19.929 4.28523 8 1.54 2018 9 3 10 53 52.42 0.593728 0.800278 0.694735 24
19.6305 4.42867 7.77 1.53 2015 8 9 19 50 5.28 0.593728 0.800278 0.694735 24
19.966 4.52096 7.99 1.52 2016 9 9 4 5 10.2 0.593728 0.800278 0.694735 24
18.5944 4.6137 8.03 1.51 2018 8 22 15 1 3.65 0.593728 0.800278 0.694735 24
19.2059 4.60914 7.84 1.45 2015 6 15 19 5 10.12 0.593728 0.800278 0.694735 24
19.5305 4.47393 7.77 1.44 2015 8 7 15 2 24.59 0.593728 0.800278 0.694735 24
18.5501 4.47526 7.88 1.43 2015 8 26 4 13 55.32 0.593728 0.800278 0.694735 24
19.7783 4.57111 7.96 1.42 2015 5 27 5 3 9.55 0.593728 0.800278 0.694735 24
19.6326 4.43901 7.77 1.39 2015 8 21 1 58 31.27 0.593728 0.800278 0.694735 24
19.6406 4.55666 8.02 1.34 2016 9 9 5 14 7.02 0.593728 0.800278 0.694735 24
19.8653 4.53675 8.03 1.33 2016 9 9 4 53 2.41 0.593728 0.800278 0.694735 24
19.8029 4.53953 8 1.33 2016 9 9 4 53 37.71 0.593728 0.800278 0.694735 24
19.5769 4.57256 8.01 1.33 2016 9 9 6 45 55.41 0.593728 0.800278 0.694735 24
20.0066 4.5273 8.03 1.29 2016 9 9 12 31 25.53 0.593728 0.800278 0.694735 24
20.1928 4.47615 8.05 1.29 2016 9 9 16 41 32.89 0.593728 0.800278 0.694735 24
19.9536 4.51273 7.97 1.27 2016 9 9 4 32 40.17 0.593728 0.800278 0.694735 24
19.5138 4.45936 7.85 1.24 2015 8 11 19 10 57.56 0.593728 0.800278 0.694735 24
19.616 4.56299 8.04 1.23 2016 9 9 5 23 0.91 0.593728 0.800278 0.694735 24
19.4761 4.67163 8.13 1.21 2015 5 24 18 1 41.84 0.593728 0.800278 0.694735 24
18.9588 4.52864 7.84 1.2 2015 3 31 4 22 1.69 0.593728 0.800278 0.694735 24
19.4805 4.59146 8.01 1.2 2015 5 28 6 24 0.01 0.593728 0.800278 0.694735 24
19.4501 4.61047 8.1 1.18 2014 11 3 2 29 6.9 0.593728 0.800278 0.694735 24
19.516 4.45847 7.76 1.16 2015 8 15 18 12 6.28 0.593728 0.800278 0.694735 24
20 4.50962 7.97 1.16 2016 9 9 4 32 9.44 0.593728 0.800278 0.694735 24
19.666 4.58879 7.95 1.15 2015 6 17 0 43 32.34 0.593728 0.800278 0.694735 24
19.358 4.55354 7.86 1.13 2015 8 7 13 33 26.92 0.593728 0.800278 0.694735 24
20.1906 4.48071 8.08 1.12 2016 9 9 16 18 25.52 0.593728 0.800278 0.694735 24
19.7312 4.54087 8 1.11 2016 9 9 5 19 30.36 0.593728 0.800278 0.694735 24
18.9537 4.52864 7.81 1.09 2015 5 3 6 44 4 0.593728 0.800278 0.694735 24
19.566 4.46214 7.78 1.09 2015 8 7 5 32 51.58 0.593728 0.800278 0.694735 24
19.9073 4.52864 8.02 1.09 2016 9 9 3 57 45.89 0.593728 0.800278 0.694735 24
19.4131 4.57389 8.1 1.08 2014 11 3 2 23 50.56 0.593728 0.800278 0.694735 24
19.7037 4.57745 7.99 1.08 2015 5 26 15 32 14.5 0.593728 0.800278 0.694735 24
19.5116 4.58879 7.97 1.08 2015 5 28 4 19 31.82 0.593728 0.800278 0.694735 24
19.8196 4.57656 7.99 1.06 2015 5 26 17 33 12.78 0.593728 0.800278 0.694735 24
19.4146 4.58879 8.12 1.05 2015 1 26 21 50 15.44 0.593728 0.800278 0.694735 24
19.5232 4.59102 7.95 1.05 2015 5 28 13 33 18.33 0.593728 0.800278 0.694735 24
19.5058 4.49561 7.76 1.05 2015 8 8 7 17 10.07 0.593728 0.800278 0.694735 24
19.4855 4.67841 8.11 1.03 2015 5 24 15 0 31.11 0.593728 0.800278 0.694735 24
19.7348 4.58568 8.01 1.03 2015 5 24 16 42 23.32 0.593728 0.800278 0.694735 24
20.1674 4.4856 8.07 1.02 2016 9 9 16 12 31.65 0.593728 0.800278 0.694735 24
19.5146 4.57567 7.99 1.01 2015 5 24 12 44 32.97 0.593728 0.800278 0.694735 24
19.5442 4.58657 8 1 2016 9 11 10 41 59.29 0.593728 0.800278 0.694735 24
18.7682 4.63716 7.66 0.99 2015 3 17 9 14 57.3 0.593728 0.800278 0.694735 24
19.4319 4.52819 7.78 0.99 2015 8 7 8 22 56.84 0.593728 0.800278 0.694735 24
19.0784 4.35806 7.73 0.98 2015 2 14 2 46 23.38 0.593728 0.800278 0.694735 24
19.4957 4.64083 8.11 0.96 2014 11 1 17 27 17.92 0.593728 0.800278 0.694735 24
19.829 4.56344 7.98 0.95 2015 5 26 18 39 38.88 0.593728 0.800278 0.694735 24
19.1472 4.54487 7.81 0.95 2015 7 12 4 37 20.46 0.593728 0.800278 0.694735 24
19.5776 4.46848 7.77 0.95 2015 8 7 16 47 37.1 0.593728 0.800278 0.694735 24
19.7145 4.41055 7.78 0.95 2015 8 9 11 57 42.17 0.593728 0.800278 0.694735 24
19.4522 4.6336 8.13 0.93 2014 11 5 22 28 59.86 0.593728 0.800278 0.694735 24
19.4855 4.66752 8.22 0.92 2015 5 24 13 6 1.89 0.593728 0.800278 0.694735 24
19.2059 4.58334 7.77 0.91 2015 7 10 18 4 34.76 0.593728 0.800278 0.694735 24
19.4472 4.60736 8.11 0.9 2015 1 26 21 52 46.56 0.593728 0.800278 0.694735 24
19.6247 4.65618 7.92 0.9 2015 5 29 12 28 3.52 0.593728 0.800278 0.694735 24
19.5123 4.60603 8.08 0.89 2015 5 26 15 27 44.85 0.593728 0.800278 0.694735 24
19.5349 4.41144 7.73 0.89 2015 9 18 4 44 49.19 0.593728 0.800278 0.694735 24
19.0675 4.45124 7.78 0.86 2015 6 8 17 7 26.28 0.593728 0.800278 0.694735 24
19.4544 4.60414 8.13 0.84 2015 5 24 12 45 32.89 0.593728 0.800278 0.694735 24
19.3428 4.53898 7.77 0.83 2015 8 7 8 54 17.55 0.593728 0.800278 0.694735 24
19.9334 4.57067 7.98 0.82 2015 5 27 0 39 52.26 0.593728 0.800278 0.694735 24
18.9682 4.59647 7.76 0.81 2015 9 17 13 27 49.44 0.593728 0.800278 0.694735 24
19.5834 4.60736 7.91 0.8 2015 5 29 5 48 25.02 0.593728 0.800278 0.694735 24
19.7826 4.57345 7.98 0.79 2015 5 26 19 20 25.58 0.593728 0.800278 0.694735 24
19.5667 4.57478 8.02 0.79 2016 9 11 10 5 18.94 0.593728 0.800278 0.694735 24
20.2413 4.72412 7.96 0.78 2014 7 7 10 3 50.46 0.593728 0.800278 0.694735 24
19.3761 4.56522 8.06 0.73 2015 5 24 12 58 1.3 0.593728 0.800278 0.694735 24
19.3855 4.58701 8.09 0.69 2015 5 24 12 55 20.19 0.593728 0.800278 0.694735 24
19.1095 4.54676 7.9 0.69 2015 6 10 13 37 32.44 0.593728 0.800278 0.694735 24
19.2139 4.5938 7.79 0.68 2015 6 17 2 23 6.41 0.593728 0.800278 0.694735 24
19.5711 4.47115 7.76 0.67 2015 8 29 11 57 8.9 0.593728 0.800278 0.694735 24
19.2675 4.47159 7.72 0.62 2015 8 7 10 21 33.47 0.593728 0.800278 0.694735 24
19.9587 4.57701 7.99 0.58 2015 5 27 7 14 45.01 0.593728 0.800278 0.694735 24
19.5392 4.59202 8.01 0.57 2015 5 27 0 13 10.36 0.593728 0.800278 0.694735 24
19.2638 4.67653 7.86 0.46 2015 6 7 23 59 26.58 0.593728 0.800278 0.694735 24
20.0058 4.61459 7.78 0.41 2014 12 28 0 18 54.1 0.593728 0.800278 0.694735 24
19.229 4.56933 7.84 0.39 2016 1 5 13 6 29.95 0.593728 0.800278 0.694735 24
18.908 4.63038 7.81 0.35 2015 6 6 8 34 54.52 0.593728 0.800278 0.694735 24
19.5942 4.45258 7.82 0.31 2015 8 29 10 35 25.72 0.593728 0.800278 0.694735 24
19.3979 4.58379 7.94 0.29 2014 11 9 4 42 26.73 0.593728 0.800278 0.694735 24
4.6424 2.2686 4.3 2.05 2014 11 23 17 32 22.18 0.0888977 0.335315 0.448881 25
4.88004 2.24959 4.33 1.26 2015 5 15 4 44 17.79 0.0888977 0.335315 0.448881 25
4.58809 2.34466 4.3 1.12 2014 11 28 12 32 23.04 0.0888977 0.335315 0.448881 25
4.7163 2.32019 4.62 1.05 2014 12 24 1 15 13.45 0.0888977 0.335315 0.448881 25
4.69671 2.31119 4.25 0.95 2014 11 23 17 19 45.6 0.0888977 0.335315 0.448881 25
4.8909 2.26637 4.57 0.83 2014 11 28 18 56 44.58 0.0888977 0.335315 0.448881 25
4.53947 2.35644 4.44 0.8 2015 4 4 8 21 6.77 0.0888977 0.335315 0.448881 25
4.97647 2.2487 4.56 0.78 2014 11 28 17 1 58.66 0.0888977 0.335315 0.448881 25
4.6627 2.32108 4.25 0.72 2014 11 23 6 16 44.79 0.0888977 0.335315 0.448881 25
4.56271 2.34733 4.31 0.65 2014 11 28 12 36 26.59 0.0888977 0.335315 0.448881 25
4.60616 2.33921 4.28 0.62 2014 11 23 10 25 34.35 0.0888977 0.335315 0.448881 25
4.62424 2.34188 4.15 0.61 2014 11 23 9 11 30.06 0.0888977 0.335315 0.448881 25
4.59966 2.34643 4.39 0.57 2014 11 25 13 7 53.68 0.0888977 0.335315 0.448881 25
4.28296 2.40748 4.12 0.49 2015 2 4 11 26 54.24 0.0888977 0.335315 0.448881 25
4.56485 2.35055 4.31 0.47 2014 11 28 12 59 26.27 0.0888977 0.335315 0.448881 25
4.96774 2.25192 4.58 0.45 2014 11 28 16 59 40.44 0.0888977 0.335315 0.448881 25
4.64027 2.32876 4.26 0.43 2014 11 23 7 32 46.34 0.0888977 0.335315 0.448881 25
4.46415 2.35867 4.16 0.41 2014 11 23 17 3 48.96 0.0888977 0.335315 0.448881 25
4.28732 2.34099 4.29 0.4 2015 1 4 22 46 26.6 0.0888977 0.335315 0.448881 25
5.14092 2.1474 4.57 0.39 2016 2 19 11 47 38.06 0.0888977 0.335315 0.448881 25
4.54678 2.34277 4.19 0.32 2014 11 23 16 20 36.59 0.0888977 0.335315 0.448881 25
5.01119 2.24058 4.49 0.3 2014 8 21 8 1 53.71 0.0888977 0.335315 0.448881 25
4.11414 2.43606 4.26 0.3 2014 12 29 1 38 6.05 0.0888977 0.335315 0.448881 25
5.16336 2.41615 4.55 0.13 2014 11 23 14 4 33.67 0.0888977 0.335315 0.448881 25
4.12145 2.50611 4.12 0.11 2014 12 19 10 21 54.92 0.0888977 0.335315 0.448881 25
4.65113 2.32475 4.23 0.1 2014 11 24 4 4 48.22 0.0888977 0.335315 0.448881 25
4.88298 2.17853 4.63 0.04 2015 8 12 7 32 54.07 0.0888977 0.335315 0.448881 25
13.9497 2.87127 6.49 2.77 2015 12 31 3 26 38.54 0.0206599 0.876107 0.256675 26
13.9128 2.86405 6.45 1.9 2015 12 31 0 36 40.84 0.0206599 0.876107 0.256675 26
14.1809 2.95134 6.74 1.73 2015 3 21 11 20 43.79 0.0206599 0.876107 0.256675 26
13.8475 2.81201 6.48 1.57 2015 12 29 15 21 49.36 0.0206599 0.876107 0.256675 26
13.9526 2.85993 6.55 1.41 2016 1 3 18 2 31.32 0.0206599 0.876107 0.256675 26
13.8592 2.82335 6.47 1.26 2015 12 29 15 31 31.37 0.0206599 0.876107 0.256675 26
13.8084 2.74095 6.5 1.21 2015 12 29 3 30 11.17 0.0206599 0.876107 0.256675 26
13.8012 2.72872 6.5 1.2 2015 12 29 4 56 25.25 0.0206599 0.876107 0.256675 26
14.2395 3.01338 6.76 1.19 2015 3 12 14 13 11.9 0.0206599 0.876107 0.256675 26
13.9229 2.87083 6.47 1.19 2015 12 30 19 48 12.92 0.0206599 0.876107 0.256675 26
13.9301 2.85549 6.47 1.18 2015 4 11 4 37 30.38 0.0206599 0.876107 0.256675 26
14.0121 2.91242 6.5 1.11 2015 12 31 12 50 40.6 0.0206599 0.876107 0.256675 26
13.978 2.88217 6.55 1.11 2016 1 3 15 29 27.25 0.0206599 0.876107 0.256675 26
13.8968 2.84826 6.46 1.07 2015 12 30 19 43 37.46 0.0206599 0.876107 0.256675 26
14.1823 2.96902 6.72 1.06 2015 3 21 11 24 57.89 0.0206599 0.876107 0.256675 26
13.9041 2.88351 6.41 1.06 2015 12 31 3 11 42.97 0.0206599 0.876107 0.256675 26
13.7983 2.82246 6.37 1.05 2015 1 31 12 48 6.82 0.0206599 0.876107 0.256675 26
14.0844 2.88217 6.71 1.02 2015 4 7 1 10 38.01 0.0206599 0.876107 0.256675 26
13.9294 2.90797 6.4 1 2015 12 31 0 38 37.35 0.0206599 0.876107 0.256675 26
13.9975 2.89251 6.54 0.99 2016 1 3 14 53 58.36 0.0206599 0.876107 0.256675 26
14.225 3.02517 6.71 0.98 2015 6 15 5 18 46.09 0.0206599 0.876107 0.256675 26
14.1265 2.89485 6.75 0.94 2015 4 2 10 48 0.51 0.0206599 0.876107 0.256675 26
14.128 2.89796 6.74 0.92 2015 4 2 10 42 1.17 0.0206599 0.876107 0.256675 26
13.9251 2.81023 6.52 0.92 2016 1 3 19 40 25.8 0.0206599 0.876107 0.256675 26
13.3628 3.1685 6.28 0.88 2014 10 26 4 55 0.54 0.0206599 0.876107 0.256675 26
13.8214 2.76219 6.48 0.88 2015 12 28 16 40 43.81 0.0206599 0.876107 0.256675 26
13.9222 2.87806 6.44 0.85 2015 12 31 2 10 34.91 0.0206599 0.876107 0.256675 26
14.8286 2.84503 6.57 0.83 2014 9 20 17 59 10.9 0.0206599 0.876107 0.256675 26
13.8447 2.73417 6.35 0.81 2015 12 29 13 37 23.4 0.0206599 0.876107 0.256675 26
14.2265 3.02105 6.74 0.8 2015 3 12 13 46 49.73 0.0206599 0.876107 0.256675 26
14.4562 2.95323 6.61 0.77 2015 3 21 12 15 25.7 0.0206599 0.876107 0.256675 26
13.8179 2.76364 6.46 0.72 2015 12 28 16 48 32.44 0.0206599 0.876107 0.256675 26
13.9012 2.84548 6.49 0.71 2015 12 30 19 37 12.24 0.0206599 0.876107 0.256675 26
14.2005 2.95856 6.78 0.66 2015 3 21 12 12 49.09 0.0206599 0.876107 0.256675 26
13.9504 2.87672 6.45 0.65 2015 4 11 13 34 8.62 0.0206599 0.876107 0.256675 26
13.8214 2.71749 6.37 0.65 2015 12 29 20 33 48 0.0206599 0.876107 0.256675 26
14.0396 2.91153 6.52 0.65 2015 12 31 12 27 28.96 0.0206599 0.876107 0.256675 26
14.1779 2.97079 6.72 0.64 2015 3 5 1 30 3.8 0.0206599 0.876107 0.256675 26
13.9613 2.87984 6.58 0.62 2016 1 3 15 30 17 0.0206599 0.876107 0.256675 26
13.8692 2.81023 6.55 0.61 2016 1 6 9 38 5.96 0.0206599 0.876107 0.256675 26
13.8853 2.85093 6.44 0.6 2015 12 31 0 54 27.65 0.0206599 0.876107 0.256675 26
14.1975 3.03195 6.7 0.59 2015 3 5 10 11 16.1 0.0206599 0.876107 0.256675 26
13.8657 2.81112 6.53 0.59 2015 12 31 4 57 56.71 0.0206599 0.876107 0.256675 26
14.2047 2.99837 6.72 0.57 2015 2 28 3 12 16.2 0.0206599 0.876107 0.256675 26
13.8121 2.86861 6.42 0.56 2016 1 5 4 3 24.39 0.0206599 0.876107 0.256675 26
13.8874 2.81201 6.51 0.52 2016 1 5 1 52 24.11 0.0206599 0.876107 0.256675 26
14.0599 2.97758 6.46 0.4 2015 12 31 17 8 36.24 0.0206599 0.876107 0.256675 26
14.12 2.48899 6.34 0.4 2016 7 4 12 2 16.95 0.0206599 0.876107 0.256675 26
13.9424 2.87083 6.72 0.35 2016 1 4 17 20 53.16 0.0206599 0.876107 0.256675 26
14.2192 2.97947 6.78 0.32 2015 3 21 14 4 14.58 0.0206599 0.876107 0.256675 26
13.9374 2.8129 6.45 0.25 2016 1 3 22 13 21.22 0.0206599 0.876107 0.256675 26
14.1802 2.95856 6.75 0.24 2015 3 21 13 18 4.51 0.0206599 0.876107 0.256675 26
14.2308 2.99893 6.77 0.15 2015 3 15 6 32 48.13 0.0206599 0.876107 0.256675 26
13.9033 2.91064 6.38 0.15 2015 12 31 6 17 54.18 0.0206599 0.876107 0.256675 26
13.8258 2.81334 6.52 -0.03 2015 12 31 4 59 57.86 0.0206599 0.876107 0.256675 26
20.2138 2.43873 7.7 2.48 2016 8 31 21 29 40.48 0.92214 0.41176 0.51039 27
18.8747 2.05955 7.7 1.93 2015 2 27 23 37 21.64 0.92214 0.41176 0.51039 27
20.0442 2.2388 7.85 1.73 2015 1 30 22 33 54.08 0.92214 0.41176 0.51039 27
18.8486 2.10259 7.7 1.66 2015 2 27 23 24 24.36 0.92214 0.41176 0.51039 27
19.2377 2.19754 7.79 1.53 2015 1 17 15 59 17.11 0.92214 0.41176 0.51039 27
18.9406 2.0501 7.69 1.46 2015 2 28 0 1 29.41 0.92214 0.41176 0.51039 27
19.9022 2.16908 7.9 1.38 2015 5 4 15 6 11.16 0.92214 0.41176 0.51039 27
20.6825 2.33153 7.8 1.36 2014 11 1 11 42 18.09 0.92214 0.41176 0.51039 27
18.9385 2.04688 7.7 1.33 2015 2 27 22 59 45.92 0.92214 0.41176 0.51039 27
20.2659 2.38624 7.89 1.32 2014 10 27 3 6 47.52 0.92214 0.41176 0.51039 27
19.6377 2.12516 7.88 1.28 2014 11 27 22 58 11.2 0.92214 0.41176 0.51039 27
19.6754 2.23735 7.68 1.23 2015 2 2 11 52 22.61 0.92214 0.41176 0.51039 27
20.2486 2.4057 7.91 1.17 2014 10 27 23 21 37.96 0.92214 0.41176 0.51039 27
20.6695 2.4871 7.89 1.16 2014 12 30 19 12 52.04 0.92214 0.41176 0.51039 27
20.0819 2.27227 7.94 1.14 2015 2 26 20 38 38.92 0.92214 0.41176 0.51039 27
19.9623 2.25726 7.77 1.14 2015 4 12 6 33 43.95 0.92214 0.41176 0.51039 27
19.9152 2.19076 7.91 1.14 2015 4 29 11 17 52.38 0.92214 0.41176 0.51039 27
20.2384 2.40348 7.91 1.11 2014 10 26 15 19 43.27 0.92214 0.41176 0.51039 27
20.1847 2.33554 7.91 1.1 2015 1 31 17 48 2 0.92214 0.41176 0.51039 27
18.8798 2.04732 7.7 1.08 2015 2 27 22 55 33.72 0.92214 0.41176 0.51039 27
20.2486 2.52023 7.78 1.02 2014 10 21 9 29 15.25 0.92214 0.41176 0.51039 27
20.0406 2.23335 7.84 0.96 2015 1 31 7 50 58.28 0.92214 0.41176 0.51039 27
19.9109 2.1931 7.94 0.95 2015 9 21 6 29 44.61 0.92214 0.41176 0.51039 27
20.2239 2.35322 7.9 0.93 2015 1 31 17 50 35 0.92214 0.41176 0.51039 27
19.582 2.13739 7.63 0.92 2014 10 11 12 3 56.04 0.92214 0.41176 0.51039 27
20.4405 2.54781 7.9 0.92 2014 10 17 10 16 34.05 0.92214 0.41176 0.51039 27
18.7334 2.0799 7.72 0.82 2015 2 28 9 10 25.81 0.92214 0.41176 0.51039 27
20.2449 2.52246 7.78 0.81 2014 10 19 2 42 39.74 0.92214 0.41176 0.51039 27
20.0551 2.24914 7.93 0.8 2015 7 24 2 10 9.91 0.92214 0.41176 0.51039 27
20.084 2.24191 7.83 0.72 2015 1 31 0 32 54.51 0.92214 0.41176 0.51039 27
19.9746 2.25003 7.85 0.7 2015 1 31 9 4 9.78 0.92214 0.41176 0.51039 27
19.9087 2.18765 7.93 0.68 2015 2 9 5 37 33.97 0.92214 0.41176 0.51039 27
19.6312 2.13605 7.88 0.59 2014 9 27 5 23 10.27 0.92214 0.41176 0.51039 27
3.12218 3.34775 3.78 2.41 2015 11 29 16 20 33.11 0.371531 0.781934 0.189133 28
3.71641 3.52099 3.85 1.87 2015 12 4 9 30 25.26 0.371531 0.781934 0.189133 28
3.94097 3.58437 4.01 1.82 2015 1 11 22 32 27.36 0.371531 0.781934 0.189133 28
3.89173 3.60827 3.95 1.79 2015 1 11 21 47 7.14 0.371531 0.781934 0.189133 28
4.27717 3.73593 4.19 1.79 2015 5 14 15 46 53.67 0.371531 0.781934 0.189133 28
3.85042 3.54589 3.9 1.68 2015 12 4 9 31 13.39 0.371531 0.781934 0.189133 28
4.22143 3.65086 3.97 1.64 2015 1 31 7 9 40.87 0.371531 0.781934 0.189133 28
3.86493 3.59704 3.91 1.49 2015 1 11 20 32 44.42 0.371531 0.781934 0.189133 28
3.88158 3.56624 3.83 1.49 2015 12 4 9 35 42.31 0.371531 0.781934 0.189133 28
4.35107 3.7029 3.96 1.46 2015 1 13 15 36 56.64 0.371531 0.781934 0.189133 28
3.98807 3.62373 4.13 1.43 2015 2 6 7 51 19.13 0.371531 0.781934 0.189133 28
3.90188 3.62006 3.83 1.42 2015 1 11 22 23 37.12 0.371531 0.781934 0.189133 28
3.92503 3.58348 4.08 1.39 2015 1 11 18 47 34.12 0.371531 0.781934 0.189133 28
4.18083 3.62006 3.81 1.33 2015 1 8 12 55 27.51 0.371531 0.781934 0.189133 28
3.29028 3.36531 3.81 1.29 2015 1 17 6 54 37.11 0.371531 0.781934 0.189133 28
3.58597 3.4387 3.85 1.21 2014 12 13 0 50 54.41 0.371531 0.781934 0.189133 28
4.29168 3.45227 3.84 1.21 2015 1 15 23 48 55.32 0.371531 0.781934 0.189133 28
4.2794 3.73226 4.24 1.21 2015 5 14 14 41 45.66 0.371531 0.781934 0.189133 28
3.90624 3.56991 4.11 1.19 2014 12 10 8 13 47.79 0.371531 0.781934 0.189133 28
4.21271 3.65042 3.82 1.17 2015 3 8 1 39 15.33 0.371531 0.781934 0.189133 28
4.40476 3.72414 4.05 1.14 2015 1 31 7 41 21.54 0.371531 0.781934 0.189133 28
3.61562 3.4685 4.02 1.13 2014 12 9 11 46 16.77 0.371531 0.781934 0.189133 28
3.94097 3.57258 4.07 1.05 2015 2 6 7 56 43.23 0.371531 0.781934 0.189133 28
3.67581 3.48618 4.04 1.05 2015 11 30 15 32 42.23 0.371531 0.781934 0.189133 28
3.60191 3.45494 3.88 1.03 2015 1 25 6 20 7.75 0.371531 0.781934 0.189133 28
3.96269 3.55902 3.92 1.02 2015 1 11 16 55 45.63 0.371531 0.781934 0.189133 28
3.82433 3.56669 3.97 1.02 2015 1 11 17 37 39.92 0.371531 0.781934 0.189133 28
3.81418 3.52644 3.91 0.99 2015 12 4 9 30 53.38 0.371531 0.781934 0.189133 28
4.1787 3.60694 3.7 0.97 2015 3 8 2 19 16.84 0.371531 0.781934 0.189133 28
3.50041 3.42147 3.94 0.94 2015 1 15 5 28 5.25 0.371531 0.781934 0.189133 28
4.28153 3.678 4.04 0.91 2015 1 31 7 51 24.36 0.371531 0.781934 0.189133 28
3.64679 3.48073 4.01 0.89 2014 12 9 11 47 39.32 0.371531 0.781934 0.189133 28
4.24895 3.67077 4.05 0.88 2015 1 8 16 12 22.09 0.371531 0.781934 0.189133 28
3.91345 3.56991 4.05 0.84 2014 12 10 8 20 29.48 0.371531 0.781934 0.189133 28
4.24752 3.65943 4.03 0.83 2015 1 8 3 17 42.31 0.371531 0.781934 0.189133 28
3.07223 3.19886 3.66 0.79 2014 12 22 19 15 47.26 0.371531 0.781934 0.189133 28
4.22143 3.64275 3.94 0.76 2015 1 31 7 7 47.9 0.371531 0.781934 0.189133 28
3.98522 3.53867 3.89 0.74 2015 1 9 22 45 16.2 0.371531 0.781934 0.189133 28
4.18885 3.63997 4.08 0.73 2015 1 8 19 7 7.4 0.371531 0.781934 0.189133 28
3.75185 3.45182 3.77 0.72 2015 1 11 16 29 14.91 0.371531 0.781934 0.189133 28
3.64973 3.47173 3.99 0.71 2015 1 11 18 0 45.66 0.371531 0.781934 0.189133 28
4.26275 3.67399 4 0.71 2015 1 31 7 17 41.79 0.371531 0.781934 0.189133 28
4.11922 3.58615 3.74 0.69 2015 1 30 10 29 37.11 0.371531 0.781934 0.189133 28
3.51492 3.40245 3.98 0.67 2014 12 5 12 20 1.67 0.371531 0.781934 0.189133 28
3.19902 3.37076 3.81 0.62 2014 12 25 6 55 32.01 0.371531 0.781934 0.189133 28
4.01781 3.52777 3.9 0.61 2015 1 30 19 59 36.76 0.371531 0.781934 0.189133 28
3.63886 3.4943 4.05 0.58 2014 12 8 17 18 7.52 0.371531 0.781934 0.189133 28
3.88879 3.56535 4.04 0.58 2015 2 6 7 59 26.1 0.371531 0.781934 0.189133 28
3.80697 3.53188 3.93 0.57 2015 1 11 16 19 20.69 0.371531 0.781934 0.189133 28
3.87357 3.55312 4.07 0.56 2014 10 30 0 59 28.49 0.371531 0.781934 0.189133 28
4.5344 3.43047 3.85 0.56 2015 2 14 15 49 37.59 0.371531 0.781934 0.189133 28
4.09536 3.24278 4.18 0.53 2014 11 13 17 37 37 0.371531 0.781934 0.189133 28
4.01202 3.58259 4.03 0.53 2015 1 10 19 29 18.88 0.371531 0.781934 0.189133 28
3.8562 3.59515 3.98 0.53 2015 1 11 21 59 31.56 0.371531 0.781934 0.189133 28
3.80474 3.54901 3.96 0.52 2015 1 11 17 54 45.56 0.371531 0.781934 0.189133 28
3.94025 3.5708 4.12 0.49 2014 12 10 8 23 52.34 0.371531 0.781934 0.189133 28
4.23007 3.65765 4.04 0.47 2015 1 8 7 4 26.14 0.371531 0.781934 0.189133 28
4.06633 3.57169 3.96 0.45 2015 1 10 17 34 43.36 0.371531 0.781934 0.189133 28
4.06419 3.23866 4.2 0.44 2014 11 13 16 31 43.61 0.371531 0.781934 0.189133 28
4.43005 3.42781 3.82 0.42 2015 5 6 7 15 38.23 0.371531 0.781934 0.189133 28
3.89102 3.56357 4.05 0.38 2014 10 29 23 46 9.34 0.371531 0.781934 0.189133 28
3.67724 3.4834 4.02 0.36 2015 6 26 21 35 51.78 0.371531 0.781934 0.189133 28
3.8229 3.52733 3.81 0.34 2015 1 11 20 34 1.66 0.371531 0.781934 0.189133 28
4.29311 3.7138 4.26 0.34 2015 2 28 23 22 45.2 0.371531 0.781934 0.189133 28
3.90624 3.54134 4.07 0.33 2014 10 30 5 48 32.56 0.371531 0.781934 0.189133 28
4.97789 3.69245 3.99 0.33 2014 10 30 6 7 39.24 0.371531 0.781934 0.189133 28
4.01923 3.52777 3.9 0.32 2015 1 11 1 22 2.78 0.371531 0.781934 0.189133 28
3.62729 3.47028 3.95 0.31 2015 12 4 10 23 43.98 0.371531 0.781934 0.189133 28
4.10978 3.23688 4.25 0.29 2014 11 20 8 39 19.31 0.371531 0.781934 0.189133 28
4.17576 3.53277 4.02 0.29 2015 1 30 23 15 32.16 0.371531 0.781934 0.189133 28
3.17658 3.34007 3.9 0.29 2015 11 29 17 38 20.96 0.371531 0.781934 0.189133 28
4.2258 3.65309 3.99 0.27 2015 1 8 11 11 46.34 0.371531 0.781934 0.189133 28
3.9171 3.5966 3.78 0.27 2015 1 11 21 7 29.08 0.371531 0.781934 0.189133 28
3.66851 3.48707 4.06 0.26 2015 1 5 0 40 2.81 0.371531 0.781934 0.189133 28
4.28296 3.68077 4.03 0.26 2015 1 8 7 14 4.75 0.371531 0.781934 0.189133 28
4.20327 3.64953 4.08 0.26 2015 1 31 8 47 52.21 0.371531 0.781934 0.189133 28
4.2591 3.62507 4.02 0.25 2015 1 31 7 38 15.4 0.371531 0.781934 0.189133 28
3.35412 3.37666 3.74 0.25 2015 11 29 16 31 53.86 0.371531 0.781934 0.189133 28
4.06927 3.23277 4.17 0.23 2015 1 28 9 10 54.55 0.371531 0.781934 0.189133 28
3.34753 3.3513 3.97 0.21 2014 12 25 12 27 52.72 0.371531 0.781934 0.189133 28
3.80981 3.52332 4.05 0.2 2015 1 11 18 53 13.52 0.371531 0.781934 0.189133 28
4.34822 3.71825 4.05 0.17 2015 1 31 8 0 58.93 0.371531 0.781934 0.189133 28
4.31412 3.45583 3.74 0.16 2015 10 5 8 28 58.03 0.371531 0.781934 0.189133 28
3.80839 3.52599 4.11 0.15 2014 12 10 8 26 58.95 0.371531 0.781934 0.189133 28
3.83234 3.54089 4.06 0.15 2015 1 11 18 53 40.28 0.371531 0.781934 0.189133 28
3.63236 3.4645 3.99 0.11 2015 1 11 16 27 11.21 0.371531 0.781934 0.189133 28
3.6483 3.49163 3.97 0.1 2015 1 11 21 37 27.48 0.371531 0.781934 0.189133 28
2.92007 3.29393 3.74 0.09 2014 7 27 0 11 58.05 0.371531 0.781934 0.189133 28
4.20478 3.41557 3.83 0.06 2015 1 15 11 42 46.63 0.371531 0.781934 0.189133 28
3.8156 3.53778 3.83 0.05 2015 1 11 21 52 9.26 0.371531 0.781934 0.189133 28
4.22357 3.63096 3.98 0.02 2015 1 10 2 35 58.63 0.371531 0.781934 0.189133 28
3.66709 3.50108 3.91 0 2014 11 29 7 14 20.53 0.371531 0.781934 0.189133 28
3.65115 3.47028 3.92 -0.04 2015 1 11 17 3 40.06 0.371531 0.781934 0.189133 28
3.66495 3.49208 3.88 -0.04 2015 12 4 9 27 18.13 0.371531 0.781934 0.189133 28
3.89458 3.48885 3.68 -0.1 2015 1 13 10 45 17.13 0.371531 0.781934 0.189133 28
3.40407 3.37666 3.96 -0.11 2014 12 28 8 20 13.3 0.371531 0.781934 0.189133 28
3.78666 3.55223 3.96 -0.12 2015 1 11 17 55 9.38 0.371531 0.781934 0.189133 28
3.55187 3.45227 4 -0.12 2015 12 29 6 59 27.86 0.371531 0.781934 0.189133 28
3.51857 3.4337 3.98 -0.17 2015 11 29 17 26 38 0.371531 0.781934 0.189133 28
6.25531 3.10968 4.43 2.22 2014 4 30 1 9 26.63 0.685454 0.649669 0.235932 29
5.74379 3.245 4.17 2.2 2014 3 23 19 46 52.76 0.685454 0.649669 0.235932 29
5.79374 3.22376 4.55 1.57 2014 5 4 1 9 19.62 0.685454 0.649669 0.235932 29
5.89809 3.19118 4.51 1.54 2014 5 6 0 21 10.04 0.685454 0.649669 0.235932 29
6.30312 3.24189 4.5 1.4 2014 4 30 20 2 18.08 0.685454 0.649669 0.235932 29
5.91546 3.18662 4.43 1.4 2014 7 10 18 34 10.14 0.685454 0.649669 0.235932 29
5.76917 3.24089 4.31 1.34 2014 3 16 14 37 55.23 0.685454 0.649669 0.235932 29
5.88723 3.19474 4.56 1.27 2014 5 4 2 51 1.05 0.685454 0.649669 0.235932 29
5.74157 3.25267 4.42 1.11 2014 5 5 7 1 21.86 0.685454 0.649669 0.235932 29
6.26181 3.20475 4.55 1.08 2014 4 30 20 15 39.04 0.685454 0.649669 0.235932 29
6.14954 3.13459 4.29 1.06 2014 4 26 7 14 31.55 0.685454 0.649669 0.235932 29
6.69952 3.06264 4.38 1.05 2013 12 10 23 12 13 0.685454 0.649669 0.235932 29
6.2952 3.24233 4.47 1.01 2014 4 30 20 0 34.44 0.685454 0.649669 0.235932 29
5.77202 3.2341 4.57 1.01 2014 5 4 1 13 0.56 0.685454 0.649669 0.235932 29
5.68432 3.26902 4.3 0.98 2014 2 27 19 40 23.1 0.685454 0.649669 0.235932 29
5.68075 3.26813 4.28 0.97 2014 3 23 20 33 30.88 0.685454 0.649669 0.235932 29
5.84886 3.20564 4.52 0.92 2014 5 4 6 1 46.52 0.685454 0.649669 0.235932 29
5.91403 3.21876 4.18 0.9 2014 3 23 20 42 34.6 0.685454 0.649669 0.235932 29
6.31399 3.23599 4.6 0.88 2014 5 1 0 17 17.62 0.685454 0.649669 0.235932 29
5.70969 3.26624 4.39 0.87 2014 5 5 7 17 59.07 0.685454 0.649669 0.235932 29
6.60095 3.12424 4.31 0.86 2013 12 2 8 9 16.15 0.685454 0.649669 0.235932 29
5.90753 3.18662 4.45 0.86 2014 3 4 8 32 45.89 0.685454 0.649669 0.235932 29
5.75902 3.23144 4.53 0.86 2014 5 4 2 25 18.55 0.685454 0.649669 0.235932 29
6.02782 3.19341 4.14 0.78 2014 3 25 18 28 49.68 0.685454 0.649669 0.235932 29
6.27998 3.19296 4.66 0.76 2014 3 28 10 16 44.36 0.685454 0.649669 0.235932 29
5.74308 3.24867 4.2 0.73 2014 3 23 19 38 35.96 0.685454 0.649669 0.235932 29
5.84378 3.2351 4.26 0.72 2014 3 16 16 52 59.22 0.685454 0.649669 0.235932 29
5.85322 3.20519 4.49 0.71 2014 5 4 2 12 13.88 0.685454 0.649669 0.235932 29
6.27125 3.19385 4.61 0.61 2014 4 30 20 18 40.84 0.685454 0.649669 0.235932 29
6.16984 3.08166 4.74 0.58 2014 11 19 2 10 58.75 0.685454 0.649669 0.235932 29
5.6503 3.33907 4.72 0.53 2015 3 10 5 19 6.24 0.685454 0.649669 0.235932 29
5.85829 3.20886 4.44 0.49 2014 5 6 1 39 9.02 0.685454 0.649669 0.235932 29
5.68797 3.26079 4.24 0.47 2014 3 23 19 53 25.22 0.685454 0.649669 0.235932 29
5.87708 3.22554 4.24 0.42 2014 3 17 6 51 32.42 0.685454 0.649669 0.235932 29
5.86551 3.20063 4.37 0.41 2014 3 6 5 15 17.03 0.685454 0.649669 0.235932 29
5.86551 3.20208 4.5 0.41 2014 5 4 1 36 39.96 0.685454 0.649669 0.235932 29
5.82562 3.21242 4.54 0.41 2014 5 4 6 5 14.7 0.685454 0.649669 0.235932 29
5.62715 3.30115 4.37 0.38 2014 5 5 23 6 18.88 0.685454 0.649669 0.235932 29
5.88794 3.18351 4.3 0.35 2014 5 6 4 6 28.11 0.685454 0.649669 0.235932 29
6.27775 3.1943 4.68 0.33 2014 3 28 10 15 16.99 0.685454 0.649669 0.235932 29
6.16619 3.09889 4.72 0.31 2014 11 19 6 0 45.68 0.685454 0.649669 0.235932 29
5.86836 3.19708 4.38 0.28 2014 5 6 4 43 29.14 0.685454 0.649669 0.235932 29
6.10457 3.55357 4.64 0.28 2015 6 8 9 5 9.24 0.685454 0.649669 0.235932 29
5.68512 3.27258 4.37 0.23 2014 1 21 12 25 26.23 0.685454 0.649669 0.235932 29
5.86257 3.20742 4.42 0.23 2014 5 6 1 56 58.43 0.685454 0.649669 0.235932 29
5.89444 3.22732 4.22 0.21 2014 3 9 11 58 52.51 0.685454 0.649669 0.235932 29
5.79526 3.22966 4.4 0.21 2014 5 4 14 21 0.15 0.685454 0.649669 0.235932 29
6.29013 3.20386 4.66 0.2 2014 3 28 9 10 34.02 0.685454 0.649669 0.235932 29
6.2814 3.20208 4.62 0.2 2014 3 28 11 50 32.29 0.685454 0.649669 0.235932 29
5.88794 3.23644 4.54 0.19 2014 5 6 2 8 30.13 0.685454 0.649669 0.235932 29
6.22922 3.17762 4.53 0.01 2014 5 1 2 42 10.26 0.685454 0.649669 0.235932 29
5.84227 3.21609 4.49 -0.01 2014 5 4 6 2 56.29 0.685454 0.649669 0.235932 29
6.15025 3.21242 4.32 -0.04 2014 4 26 8 8 18.83 0.685454 0.649669 0.235932 29
6.67628 3.05319 4.45 -0.05 2013 12 11 6 54 14.98 0.685454 0.649669 0.235932 29
5.96407 3.19752 4.19 -0.06 2014 3 24 1 21 19.65 0.685454 0.649669 0.235932 29
6.01402 3.19752 4.47 -0.54 2014 3 4 6 41 43.12 0.685454 0.649669 0.235932 29
17.6683 2.37724 7.16 2.2 2013 10 24 13 18 49.4 0.672504 0.706006 0.308679 30
18.611 2.19944 7.72 1.81 2015 3 16 16 49 46.45 0.672504 0.706006 0.308679 30
17.7038 2.38758 7.11 1.72 2013 10 12 23 57 50.66 0.672504 0.706006 0.308679 30
18.3922 2.45229 7.84 1.32 2013 6 26 2 12 22.77 0.672504 0.706006 0.308679 30
18.1682 2.27994 7.48 1.2 2013 6 24 7 37 56.79 0.672504 0.706006 0.308679 30
18.0624 2.32342 7.52 1.13 2013 6 26 4 44 2.33 0.672504 0.706006 0.308679 30
17.7726 2.29851 7.45 1.02 2013 12 29 6 55 36.71 0.672504 0.706006 0.308679 30
17.7712 2.44151 7.45 0.89 2013 6 21 9 45 57.92 0.672504 0.706006 0.308679 30
17.598 2.35366 7.49 0.88 2013 7 28 5 46 49.12 0.672504 0.706006 0.308679 30
17.6436 2.38947 7.44 0.86 2013 10 14 15 47 34.8 0.672504 0.706006 0.308679 30
18.1132 2.40025 7.55 0.85 2013 6 26 4 46 2.89 0.672504 0.706006 0.308679 30
17.7842 2.30162 7.45 0.8 2013 6 28 10 37 58.35 0.672504 0.706006 0.308679 30
17.7538 2.36678 7.19 0.79 2013 10 27 5 44 2.12 0.672504 0.706006 0.308679 30
17.6973 2.43016 7.5 0.46 2013 10 8 2 38 54.23 0.672504 0.706006 0.308679 30
18.4429 2.54592 7.9 0.29 2013 6 26 6 21 41.62 0.672504 0.706006 0.308679 30
17.9755 2.68892 7.67 0.12 2013 12 22 13 6 21 0.672504 0.706006 0.308679 30
16.193 2.4116 7.31 2 2016 8 8 7 27 30.08 0.945371 0.367765 0.157516 31
16.193 2.39347 7.26 1.56 2016 7 24 23 48 54.48 0.945371 0.367765 0.157516 31
16.2373 2.38079 7.25 1.41 2016 7 21 6 46 43.4 0.945371 0.367765 0.157516 31
16.2104 2.38669 7.25 1.32 2016 7 23 2 12 21.68 0.945371 0.367765 0.157516 31
16.3104 2.77265 7.12 1.31 2015 12 24 18 51 2.24 0.945371 0.367765 0.157516 31
16.2452 2.39347 7.29 1.24 2016 7 29 22 18 51.28 0.945371 0.367765 0.157516 31
16.1988 2.39714 7.28 1.19 2016 7 24 23 40 41.7 0.945371 0.367765 0.157516 31
16.1793 2.39436 7.22 1.01 2016 8 8 8 13 50.98 0.945371 0.367765 0.157516 31
16.2431 2.39981 7.32 0.92 2016 7 29 22 43 29.16 0.945371 0.367765 0.157516 31
16.3691 2.94778 7.07 0.91 2016 9 10 19 1 2.64 0.945371 0.367765 0.157516 31
16.2285 2.38713 7.26 0.89 2016 8 8 7 41 28.95 0.945371 0.367765 0.157516 31
16.1764 2.41571 7.31 0.88 2016 7 25 6 29 13.58 0.945371 0.367765 0.157516 31
16.1872 2.40748 7.29 0.88 2016 7 25 6 32 24.34 0.945371 0.367765 0.157516 31
16.3271 2.35277 6.76 0.79 2016 6 26 23 10 46.24 0.945371 0.367765 0.157516 31
16.2365 2.39714 7.29 0.79 2016 8 8 10 50 16.9 0.945371 0.367765 0.157516 31
16.1561 2.4057 7.27 0.75 2016 8 8 7 46 54.1 0.945371 0.367765 0.157516 31
16.2561 2.38079 7.26 0.68 2016 8 8 12 14 37.3 0.945371 0.367765 0.157516 31
16.2242 2.72917 7.34 0.6 2016 1 9 2 26 30.19 0.945371 0.367765 0.157516 31
16.1713 2.42783 7.33 0.48 2016 7 25 6 40 10.58 0.945371 0.367765 0.157516 31
16.1974 2.41293 7.3 0.32 2016 7 29 6 56 6.39 0.945371 0.367765 0.157516 31
16.1699 2.48487 6.77 0.25 2016 5 13 7 15 25.51 0.945371 0.367765 0.157516 31
12.2136 2.56049 6.12 3.09 2017 4 25 12 40 25.26 0.910054 0.126691 0.485895 32
12.1157 2.59162 6.11 2.61 2017 4 24 7 20 13.19 0.910054 0.126691 0.485895 32
12.0542 2.71649 5.98 1.97 2018 2 16 9 42 30.61 0.910054 0.126691 0.485895 32
12.2455 2.7831 5.68 1.67 2018 4 12 2 34 32.77 0.910054 0.126691 0.485895 32
12.1781 2.65911 6.16 1.49 2017 8 29 13 30 48.15 0.910054 0.126691 0.485895 32
12.2455 2.75775 5.73 1.49 2019 3 12 8 53 11.17 0.910054 0.126691 0.485895 32
11.9607 2.6659 5.67 1.22 2015 5 19 14 44 47.65 0.910054 0.126691 0.485895 32
12.8338 3.07309 6.29 1.03 2016 4 23 13 0 9.16 0.910054 0.126691 0.485895 32
12.4868 3.1993 5.99 0.85 2016 8 27 14 46 50.14 0.910054 0.126691 0.485895 32
12.4592 3.06498 6.33 0.54 2015 6 8 11 8 7.55 0.910054 0.126691 0.485895 32
11.9955 2.72016 5.64 0.48 2015 5 26 7 32 10.97 0.910054 0.126691 0.485895 32
12.589 3.12647 6.02 0.4 2016 7 29 23 33 26.62 0.910054 0.126691 0.485895 32
12.5556 2.9301 5.93 0.27 2015 5 19 3 6 39.79 0.910054 0.126691 0.485895 32
4.1584 5.83807 4.84 2.79 2014 8 17 23 30 32.54 0.165479 0.704767 0.0372359 33
5.09453 5.61901 4.93 2.69 2014 8 17 7 28 37.23 0.165479 0.704767 0.0372359 33
6.201 5.64848 5.29 2.61 2014 11 25 1 43 39.35 0.165479 0.704767 0.0372359 33
5.17858 5.49325 4.88 2.54 2014 8 17 7 29 25.6 0.165479 0.704767 0.0372359 33
6.21257 5.6765 5.21 2.45 2014 11 25 0 26 13.56 0.165479 0.704767 0.0372359 33
6.13502 5.75434 5.07 2.36 2014 11 26 4 10 37.51 0.165479 0.704767 0.0372359 33
6.37275 5.6616 5.22 2.05 2014 11 25 1 47 4.57 0.165479 0.704767 0.0372359 33
6.26333 5.7023 5.15 1.91 2014 11 25 2 7 12.47 0.165479 0.704767 0.0372359 33
5.13442 5.5136 4.84 1.85 2014 6 2 10 57 57.82 0.165479 0.704767 0.0372359 33
5.00033 5.56786 4.85 1.84 2014 8 19 12 47 3.31 0.165479 0.704767 0.0372359 33
5.25756 5.46923 4.92 1.83 2014 10 8 4 29 52.62 0.165479 0.704767 0.0372359 33
4.98368 5.59866 4.93 1.75 2014 7 12 4 12 46.15 0.165479 0.704767 0.0372359 33
5.02134 5.57509 4.89 1.71 2014 7 12 4 46 40.98 0.165479 0.704767 0.0372359 33
5.21269 5.50726 4.97 1.68 2014 6 29 23 12 13.52 0.165479 0.704767 0.0372359 33
5.11626 5.51093 4.86 1.68 2014 8 17 6 20 59.93 0.165479 0.704767 0.0372359 33
6.2213 5.82539 4.9 1.65 2014 12 2 5 7 0.87 0.165479 0.704767 0.0372359 33
4.90542 5.62135 4.92 1.64 2014 9 8 21 17 56.68 0.165479 0.704767 0.0372359 33
6.25166 5.85386 4.84 1.61 2014 12 24 17 30 4.2 0.165479 0.704767 0.0372359 33
3.95771 5.87554 4.97 1.6 2014 8 5 21 30 37.2 0.165479 0.704767 0.0372359 33
6.05898 5.76112 5.25 1.6 2014 11 14 11 55 42.05 0.165479 0.704767 0.0372359 33
5.25827 5.50092 4.99 1.54 2014 7 3 16 13 10.88 0.165479 0.704767 0.0372359 33
4.32863 5.85208 4.94 1.53 2014 8 10 15 21 25.66 0.165479 0.704767 0.0372359 33
4.94744 5.62813 4.93 1.51 2014 9 8 22 2 9.36 0.165479 0.704767 0.0372359 33
4.44821 5.78647 4.79 1.48 2014 5 1 6 15 48.17 0.165479 0.704767 0.0372359 33
4.91414 5.61501 4.88 1.45 2014 7 12 9 28 12.01 0.165479 0.704767 0.0372359 33
6.21836 5.8444 4.81 1.45 2014 12 24 12 39 4.83 0.165479 0.704767 0.0372359 33
4.11129 5.85341 4.79 1.44 2014 8 17 23 29 46 0.165479 0.704767 0.0372359 33
3.96492 5.87554 4.88 1.44 2014 9 18 17 23 21.46 0.165479 0.704767 0.0372359 33
5.76044 5.21549 5 1.44 2014 10 3 0 42 0.41 0.165479 0.704767 0.0372359 33
5.97057 5.73121 5.18 1.43 2014 3 3 21 15 29.54 0.165479 0.704767 0.0372359 33
3.91639 5.94704 4.9 1.43 2014 9 18 15 46 29.58 0.165479 0.704767 0.0372359 33
6.35673 5.72265 4.89 1.41 2014 11 25 4 39 51.92 0.165479 0.704767 0.0372359 33
5.88652 5.57832 4.83 1.39 2015 8 3 18 9 24.04 0.165479 0.704767 0.0372359 33
4.41411 5.80593 4.89 1.38 2014 8 11 0 31 6.05 0.165479 0.704767 0.0372359 33
6.60603 5.45077 5.25 1.36 2015 5 25 2 49 46.79 0.165479 0.704767 0.0372359 33
4.79092 5.68417 4.96 1.33 2014 8 17 6 38 15.31 0.165479 0.704767 0.0372359 33
5.56625 5.34125 5.02 1.31 2014 9 19 13 52 35.02 0.165479 0.704767 0.0372359 33
5.97271 5.74711 5.1 1.3 2014 11 26 4 56 30.99 0.165479 0.704767 0.0372359 33
4.80543 5.67517 4.9 1.29 2014 8 17 6 26 2.27 0.165479 0.704767 0.0372359 33
4.57571 5.74166 4.83 1.27 2014 8 26 10 50 16.93 0.165479 0.704767 0.0372359 33
6.11908 5.7778 5.02 1.26 2014 11 26 4 31 54.58 0.165479 0.704767 0.0372359 33
5.83728 5.87243 4.97 1.25 2014 8 6 2 1 35.67 0.165479 0.704767 0.0372359 33
4.13373 5.84029 4.9 1.23 2014 8 10 15 0 10.59 0.165479 0.704767 0.0372359 33
5.9387 5.76201 5.07 1.23 2015 1 27 14 18 41.85 0.165479 0.704767 0.0372359 33
4.66341 5.73621 4.91 1.22 2014 9 10 4 43 2.15 0.165479 0.704767 0.0372359 33
4.49531 5.80137 4.93 1.2 2014 8 26 9 0 4.9 0.165479 0.704767 0.0372359 33
4.53876 5.75389 4.88 1.2 2014 8 26 11 0 49.54 0.165479 0.704767 0.0372359 33
5.29887 5.43576 4.93 1.19 2014 8 17 6 41 58.61 0.165479 0.704767 0.0372359 33
4.54891 5.74711 4.83 1.16 2014 8 26 11 1 10.02 0.165479 0.704767 0.0372359 33
6.32565 5.70864 5.08 1.16 2014 11 26 4 36 38.26 0.165479 0.704767 0.0372359 33
6.63862 5.41819 5.19 1.16 2015 5 28 1 23 6.39 0.165479 0.704767 0.0372359 33
4.11272 5.84385 4.85 1.15 2014 8 10 15 4 23.55 0.165479 0.704767 0.0372359 33
4.49674 5.76423 4.84 1.15 2014 8 26 11 6 41.15 0.165479 0.704767 0.0372359 33
6.23287 5.81494 4.94 1.13 2014 12 15 14 29 49.53 0.165479 0.704767 0.0372359 33
5.08296 5.54529 4.98 1.08 2014 8 17 6 39 30.86 0.165479 0.704767 0.0372359 33
6.23652 5.8692 4.85 1.08 2014 12 25 11 35 42.33 0.165479 0.704767 0.0372359 33
3.7823 5.96561 4.9 1.07 2014 8 30 12 31 7.37 0.165479 0.704767 0.0372359 33
6.20314 5.82261 4.93 1.07 2014 12 15 15 9 10.22 0.165479 0.704767 0.0372359 33
6.59294 5.44799 5.3 1.04 2015 5 25 7 6 2.52 0.165479 0.704767 0.0372359 33
5.62128 5.2544 4.96 1.04 2014 7 5 19 53 25.36 0.165479 0.704767 0.0372359 33
4.98154 5.59411 4.89 1.03 2014 7 11 18 41 2 0.165479 0.704767 0.0372359 33
4.46994 5.77335 4.78 1.03 2014 8 26 9 39 55.92 0.165479 0.704767 0.0372359 33
5.93727 5.8394 5.02 1.02 2014 11 26 10 19 49.2 0.165479 0.704767 0.0372359 33
6.63933 5.43765 5.26 1.02 2015 5 25 2 54 51.97 0.165479 0.704767 0.0372359 33
6.31328 5.68284 5.15 1 2014 11 26 5 4 54.74 0.165479 0.704767 0.0372359 33
4.87354 5.61901 4.84 0.97 2014 8 19 23 29 56.4 0.165479 0.704767 0.0372359 33
5.33004 5.4123 4.88 0.97 2014 6 29 23 27 22.12 0.165479 0.704767 0.0372359 33
4.67285 5.70686 4.81 0.95 2014 8 17 7 1 56.21 0.165479 0.704767 0.0372359 33
6.67993 5.4272 5.25 0.91 2015 5 25 10 47 7.48 0.165479 0.704767 0.0372359 33
5.57346 5.63847 5.17 0.91 2015 8 14 4 19 19.68 0.165479 0.704767 0.0372359 33
3.87579 5.93214 4.87 0.89 2014 8 23 15 21 9.48 0.165479 0.704767 0.0372359 33
6.62633 5.43621 5.28 0.88 2015 5 25 7 5 45.64 0.165479 0.704767 0.0372359 33
4.36924 5.82672 4.87 0.86 2014 8 26 8 0 35.83 0.165479 0.704767 0.0372359 33
6.31328 5.68417 5.16 0.85 2014 11 25 1 33 51.3 0.165479 0.704767 0.0372359 33
6.65892 5.43221 5.27 0.84 2015 5 25 2 58 17.62 0.165479 0.704767 0.0372359 33
4.01923 5.89055 4.75 0.83 2014 8 18 0 0 13.57 0.165479 0.704767 0.0372359 33
4.92064 5.60133 4.82 0.83 2014 8 19 8 17 7.55 0.165479 0.704767 0.0372359 33
5.91261 5.84118 5.04 0.82 2014 11 26 9 26 7.04 0.165479 0.704767 0.0372359 33
6.05391 5.75934 5.25 0.81 2014 11 20 19 46 21.86 0.165479 0.704767 0.0372359 33
4.88227 5.63036 4.81 0.79 2014 8 21 20 56 11.68 0.165479 0.704767 0.0372359 33
5.92783 5.8434 4.99 0.78 2014 11 26 10 23 52.44 0.165479 0.704767 0.0372359 33
5.25756 5.46523 4.89 0.78 2014 7 3 7 50 47.06 0.165479 0.704767 0.0372359 33
3.92432 5.93214 4.77 0.75 2014 8 29 12 23 45 0.165479 0.704767 0.0372359 33
4.48374 5.77202 4.85 0.74 2014 8 10 15 35 49.37 0.165479 0.704767 0.0372359 33
6.2416 5.86742 4.83 0.74 2014 12 25 5 54 12.18 0.165479 0.704767 0.0372359 33
6.63862 5.40596 5.08 0.74 2015 8 24 6 28 9.61 0.165479 0.704767 0.0372359 33
6.15755 5.69318 5.17 0.72 2014 1 4 6 59 53.22 0.165479 0.704767 0.0372359 33
4.67134 5.70452 4.93 0.72 2014 8 18 9 32 11.72 0.165479 0.704767 0.0372359 33
4.38589 5.79915 4.79 0.71 2014 8 27 8 23 1.09 0.165479 0.704767 0.0372359 33
4.38882 5.78781 4.91 0.71 2014 9 22 19 37 23.5 0.165479 0.704767 0.0372359 33
3.95984 5.89822 4.82 0.69 2014 9 18 18 49 36.8 0.165479 0.704767 0.0372359 33
5.18873 5.50815 4.95 0.68 2014 8 17 7 21 32.15 0.165479 0.704767 0.0372359 33
5.94235 5.72898 4.89 0.66 2014 3 3 22 16 31.04 0.165479 0.704767 0.0372359 33
4.11272 5.84974 4.91 0.65 2014 8 9 6 17 15.76 0.165479 0.704767 0.0372359 33
4.93008 5.59777 4.94 0.65 2014 8 20 9 18 5.51 0.165479 0.704767 0.0372359 33
5.58504 5.26019 4.91 0.65 2014 7 16 9 6 28.78 0.165479 0.704767 0.0372359 33
6.16619 6.04255 4.97 0.63 2014 10 6 3 55 58.67 0.165479 0.704767 0.0372359 33
6.2879 5.62669 5.34 0.63 2014 11 25 1 23 14.69 0.165479 0.704767 0.0372359 33
6.74733 5.36026 5.08 0.63 2015 8 20 6 12 20.9 0.165479 0.704767 0.0372359 33
6.13725 5.65382 5.33 0.62 2014 3 7 10 44 3.35 0.165479 0.704767 0.0372359 33
6.27632 5.62713 5.34 0.62 2014 11 25 1 28 52.03 0.165479 0.704767 0.0372359 33
5.4481 5.25251 4.9 0.62 2013 11 12 23 33 17.64 0.165479 0.704767 0.0372359 33
6.22922 5.8344 4.88 0.61 2014 11 26 23 7 44.76 0.165479 0.704767 0.0372359 33
6.0532 5.75656 5.24 0.6 2014 11 13 22 29 49.46 0.165479 0.704767 0.0372359 33
6.78936 5.3815 5.28 0.6 2015 8 20 11 28 12.39 0.165479 0.704767 0.0372359 33
4.68879 5.70819 4.93 0.58 2014 8 26 10 51 42.67 0.165479 0.704767 0.0372359 33
5.53144 5.29143 4.9 0.56 2014 7 7 13 55 17.99 0.165479 0.704767 0.0372359 33
4.50404 5.76423 4.83 0.55 2014 8 17 8 50 3.56 0.165479 0.704767 0.0372359 33
4.22428 5.85608 4.87 0.5 2014 8 26 8 18 26.23 0.165479 0.704767 0.0372359 33
6.80093 5.39596 5.28 0.5 2015 8 21 4 11 58.86 0.165479 0.704767 0.0372359 33
6.31185 5.57287 5.16 0.49 2014 6 21 18 47 9.48 0.165479 0.704767 0.0372359 33
4.64311 5.72265 4.9 0.48 2014 8 26 10 49 50.33 0.165479 0.704767 0.0372359 33
4.90034 5.63169 4.93 0.46 2014 8 18 8 43 2.06 0.165479 0.704767 0.0372359 33
6.0264 5.72354 5.14 0.44 2014 3 3 21 16 34.96 0.165479 0.704767 0.0372359 33
5.92855 5.67517 5.09 0.44 2014 3 4 14 12 41.81 0.165479 0.704767 0.0372359 33
4.91699 5.60367 4.95 0.43 2014 8 20 9 0 29.25 0.165479 0.704767 0.0372359 33
6.00031 5.71319 5.2 0.42 2014 3 3 21 15 14.32 0.165479 0.704767 0.0372359 33
5.92418 5.75701 5.1 0.42 2014 3 7 1 8 46.19 0.165479 0.704767 0.0372359 33
5.9923 5.73399 5.14 0.4 2014 3 3 21 17 18.04 0.165479 0.704767 0.0372359 33
6.06041 5.753 5.3 0.4 2014 11 14 10 37 57.05 0.165479 0.704767 0.0372359 33
5.80318 5.63302 4.98 0.4 2014 12 3 19 19 54.32 0.165479 0.704767 0.0372359 33
4.8373 5.65615 4.81 0.39 2014 8 19 6 31 0.15 0.165479 0.704767 0.0372359 33
4.87719 5.62179 4.82 0.38 2014 7 12 7 10 0.89 0.165479 0.704767 0.0372359 33
6.23937 5.76245 5.08 0.38 2014 12 25 5 10 1.11 0.165479 0.704767 0.0372359 33
3.57511 5.92536 4.63 0.36 2015 2 10 1 27 48.01 0.165479 0.704767 0.0372359 33
6.31114 5.81761 4.92 0.35 2014 12 24 17 32 9 0.165479 0.704767 0.0372359 33
5.5626 5.29321 4.97 0.33 2014 10 3 0 47 8.84 0.165479 0.704767 0.0372359 33
4.3533 5.79414 4.77 0.32 2014 5 1 6 47 25.99 0.165479 0.704767 0.0372359 33
6.05391 5.7579 5.26 0.32 2014 11 15 1 35 14.18 0.165479 0.704767 0.0372359 33
6.15969 5.64892 5.31 0.31 2014 7 29 4 25 23.4 0.165479 0.704767 0.0372359 33
5.71192 5.77647 5.22 0.31 2014 11 28 3 29 32.86 0.165479 0.704767 0.0372359 33
3.79824 5.9765 4.89 0.27 2014 12 25 7 26 16.17 0.165479 0.704767 0.0372359 33
5.96042 5.74844 5.1 0.2 2014 3 3 23 22 24.92 0.165479 0.704767 0.0372359 33
6.59517 5.45211 5.28 0.2 2015 5 25 8 3 7.58 0.165479 0.704767 0.0372359 33
3.79459 5.97284 4.9 0.15 2014 8 29 9 11 25.94 0.165479 0.704767 0.0372359 33
5.81119 5.8493 5.03 0.12 2014 11 29 20 59 49.64 0.165479 0.704767 0.0372359 33
6.04741 5.70452 5.19 0.11 2014 3 3 21 18 41.26 0.165479 0.704767 0.0372359 33
6.23216 5.71319 5.09 0.11 2014 3 6 8 52 30.74 0.165479 0.704767 0.0372359 33
6.56472 5.46568 5.29 0.1 2015 5 25 7 17 45.14 0.165479 0.704767 0.0372359 33
5.91839 5.75834 5.1 -0.01 2014 3 7 8 1 12.09 0.165479 0.704767 0.0372359 33
6.58288 5.458 5.23 -0.05 2015 5 25 2 1 39.1 0.165479 0.704767 0.0372359 33
5.94154 5.74666 5.14 -0.1 2014 3 4 8 9 11.98 0.165479 0.704767 0.0372359 33
4.91557 6.61398 5.61 2.64 2014 4 12 22 38 2.86 0.0791106 0.843576 0.315659 34
4.98368 6.53114 5.66 1.77 2014 4 13 10 34 40.74 0.0791106 0.843576 0.315659 34
4.91049 6.54026 5.67 1.51 2014 8 15 15 20 24.74 0.0791106 0.843576 0.315659 34
5.04093 6.60542 5.93 1.48 2014 4 13 4 55 28.63 0.0791106 0.843576 0.315659 34
4.89749 6.65602 5.83 1.23 2014 4 14 4 4 9.26 0.0791106 0.843576 0.315659 34
4.97932 6.62577 5.54 1.22 2014 5 3 12 37 5.09 0.0791106 0.843576 0.315659 34
4.65113 6.55828 5.44 1.2 2014 6 27 10 14 16.93 0.0791106 0.843576 0.315659 34
5.06266 6.53204 5.57 1.17 2014 5 12 1 56 28.74 0.0791106 0.843576 0.315659 34
4.90399 6.55194 5.65 1.15 2014 5 15 5 23 5.15 0.0791106 0.843576 0.315659 34
5.01191 6.66236 5.73 1.14 2014 4 13 3 16 50.65 0.0791106 0.843576 0.315659 34
4.91192 6.61487 5.62 1.1 2014 4 12 22 34 4.82 0.0791106 0.843576 0.315659 34
5.0721 6.55561 5.36 1.07 2014 2 9 9 32 1.14 0.0791106 0.843576 0.315659 34
4.99454 6.54427 5.61 1.03 2014 4 13 3 18 50.2 0.0791106 0.843576 0.315659 34
4.81629 6.66236 5.61 1.02 2014 5 4 12 39 50.17 0.0791106 0.843576 0.315659 34
4.85324 6.63522 5.61 1.01 2014 4 15 23 32 28.24 0.0791106 0.843576 0.315659 34
4.93952 6.55783 5.62 0.91 2014 5 15 5 31 50.68 0.0791106 0.843576 0.315659 34
4.91628 6.65068 5.57 0.81 2014 4 15 22 21 38.84 0.0791106 0.843576 0.315659 34
5.24376 6.60676 5.75 0.81 2014 5 12 2 1 32.1 0.0791106 0.843576 0.315659 34
5.1127 6.43485 5.63 0.8 2014 7 16 3 32 4.26 0.0791106 0.843576 0.315659 34
5.05251 6.53615 5.58 0.72 2014 7 20 5 56 7.22 0.0791106 0.843576 0.315659 34
5.00835 6.26561 5.33 0.68 2013 10 4 17 55 23.3 0.0791106 0.843576 0.315659 34
4.97861 6.62622 5.54 0.62 2014 4 2 14 46 42.49 0.0791106 0.843576 0.315659 34
5.00835 6.61487 5.54 0.57 2014 4 20 5 11 25.51 0.0791106 0.843576 0.315659 34
5.06987 6.54071 5.57 0.57 2014 4 20 16 52 38.08 0.0791106 0.843576 0.315659 34
4.94379 6.54794 5.63 0.53 2014 5 15 5 30 0.27 0.0791106 0.843576 0.315659 34
5.05251 6.58185 5.54 0.47 2014 4 18 5 59 49.08 0.0791106 0.843576 0.315659 34
4.96196 6.59864 5.56 0.45 2014 5 3 8 35 38.21 0.0791106 0.843576 0.315659 34
5.07495 6.47866 5.58 0.44 2014 7 16 3 49 5.85 0.0791106 0.843576 0.315659 34
5.2264 6.19867 5.04 0.41 2013 11 9 21 2 54.96 0.0791106 0.843576 0.315659 34
4.97211 6.22803 5.53 0.38 2014 3 22 7 56 51.95 0.0791106 0.843576 0.315659 34
5.08732 6.26283 4.94 0.31 2014 11 22 16 58 32.11 0.0791106 0.843576 0.315659 34
5.07566 6.56284 5.55 0.28 2014 4 18 8 22 11.87 0.0791106 0.843576 0.315659 34
5.03149 6.43752 5.86 0.25 2014 6 20 3 32 29.4 0.0791106 0.843576 0.315659 34
1.78244 6.39771 4.31 2.51 2015 6 16 12 43 24.78 0.473218 0.170369 0.87879 35
1.80202 6.38681 4.7 2.19 2014 10 17 13 33 14.5 0.473218 0.170369 0.87879 35
1.44552 6.22391 4.7 1.95 2015 8 31 18 35 56.44 0.473218 0.170369 0.87879 35
1.64042 6.31854 4.45 1.79 2015 6 16 19 17 44.72 0.473218 0.170369 0.87879 35
1.73756 6.40538 4.15 1.74 2014 4 23 13 29 35.42 0.473218 0.170369 0.87879 35
1.97449 6.46743 4.75 1.71 2014 11 6 0 31 51.19 0.473218 0.170369 0.87879 35
1.51435 6.25338 4.62 1.58 2015 9 1 4 36 31.12 0.473218 0.170369 0.87879 35
1.48389 6.24437 4.64 1.56 2015 8 31 18 30 40.64 0.473218 0.170369 0.87879 35
1.85197 6.43885 4.37 1.55 2014 6 18 20 6 47.3 0.473218 0.170369 0.87879 35
1.69625 6.36013 4.16 1.55 2015 1 9 6 13 37.75 0.473218 0.170369 0.87879 35
1.83319 6.42306 4.37 1.54 2015 6 15 23 46 29.92 0.473218 0.170369 0.87879 35
1.86364 6.42896 4.47 1.47 2014 6 16 12 55 0.43 0.473218 0.170369 0.87879 35
1.48461 6.23481 4.67 1.42 2015 8 31 19 45 43.92 0.473218 0.170369 0.87879 35
1.94769 6.46699 4.53 1.31 2015 2 21 4 15 58.98 0.473218 0.170369 0.87879 35
1.7933 6.39682 4.79 1.26 2014 11 6 18 24 37.12 0.473218 0.170369 0.87879 35
1.69046 6.33166 4.32 1.22 2015 6 16 9 30 20.77 0.473218 0.170369 0.87879 35
2.05275 6.59764 4.38 1.21 2015 7 20 15 36 52.91 0.473218 0.170369 0.87879 35
1.73534 6.3678 4.5 1.17 2015 6 17 3 46 10.8 0.473218 0.170369 0.87879 35
1.96505 6.54293 4.33 1.15 2015 6 18 16 18 34.55 0.473218 0.170369 0.87879 35
2.0621 6.57373 4.41 1.14 2014 10 14 4 27 49.63 0.473218 0.170369 0.87879 35
1.81583 6.4959 4.47 1.11 2014 2 23 5 29 56.29 0.473218 0.170369 0.87879 35
1.99987 6.54838 4.22 1.11 2014 7 6 19 38 50.88 0.473218 0.170369 0.87879 35
1.86871 6.42173 4.49 1.1 2014 6 17 3 34 14.16 0.473218 0.170369 0.87879 35
1.79624 6.39682 4.39 1.1 2015 6 16 0 1 40.24 0.473218 0.170369 0.87879 35
1.59768 6.27328 4.57 1.09 2015 6 17 21 3 50.76 0.473218 0.170369 0.87879 35
1.72234 6.35746 4.28 1.04 2015 6 16 9 7 19.44 0.473218 0.170369 0.87879 35
1.92668 6.50401 4.37 1.02 2015 6 18 21 5 58.42 0.473218 0.170369 0.87879 35
1.95348 6.4552 4.54 1 2014 6 21 12 7 8.29 0.473218 0.170369 0.87879 35
1.50927 6.24838 4.66 0.98 2015 8 31 18 44 41.4 0.473218 0.170369 0.87879 35
1.7665 6.38237 4.3 0.97 2015 6 16 9 21 5.91 0.473218 0.170369 0.87879 35
1.46653 6.22981 4.6 0.94 2015 9 1 6 37 37.83 0.473218 0.170369 0.87879 35
1.94261 6.46421 4.54 0.9 2014 6 20 13 10 44.89 0.473218 0.170369 0.87879 35
1.51657 6.25205 4.41 0.87 2014 8 9 16 24 8.25 0.473218 0.170369 0.87879 35
1.8201 6.40627 4.79 0.87 2014 11 6 21 59 42.54 0.473218 0.170369 0.87879 35
1.46724 6.22758 4.61 0.83 2015 9 1 6 23 37.36 0.473218 0.170369 0.87879 35
1.72884 6.35612 4.31 0.82 2015 6 16 9 33 59.59 0.473218 0.170369 0.87879 35
1.70346 6.35468 4.11 0.8 2014 4 24 6 42 58.7 0.473218 0.170369 0.87879 35
2.03317 6.5267 4.48 0.8 2014 9 30 13 13 51.12 0.473218 0.170369 0.87879 35
1.8071 6.39816 4.78 0.79 2014 11 5 14 11 52.5 0.473218 0.170369 0.87879 35
1.72447 6.35423 4.27 0.79 2015 6 16 9 10 46.46 0.473218 0.170369 0.87879 35
2.0897 6.5565 4.53 0.79 2015 12 21 12 46 19.96 0.473218 0.170369 0.87879 35
1.83319 6.49323 4.65 0.78 2014 2 22 0 33 32.43 0.473218 0.170369 0.87879 35
1.7259 6.34345 4.65 0.78 2014 10 27 23 41 2.96 0.473218 0.170369 0.87879 35
1.55495 6.27462 4.58 0.78 2015 9 1 5 5 50.25 0.473218 0.170369 0.87879 35
1.70417 6.34434 4.3 0.71 2014 6 18 22 4 56.16 0.473218 0.170369 0.87879 35
2.03388 6.54516 4.42 0.7 2015 2 19 2 8 20.55 0.473218 0.170369 0.87879 35
1.77229 6.38915 4.37 0.69 2014 6 18 20 13 43.86 0.473218 0.170369 0.87879 35
1.82232 6.38281 4.68 0.67 2014 10 17 10 41 26.44 0.473218 0.170369 0.87879 35
2.03174 6.57774 4.26 0.62 2014 5 2 16 25 34.66 0.473218 0.170369 0.87879 35
1.89694 6.53837 4.51 0.61 2014 2 21 4 41 21.65 0.473218 0.170369 0.87879 35
2.05997 6.54293 4.53 0.61 2014 9 30 11 31 20.54 0.473218 0.170369 0.87879 35
2.03388 6.56917 4.38 0.61 2014 10 15 6 54 38.69 0.473218 0.170369 0.87879 35
2.07662 6.54749 4.68 0.61 2015 3 2 2 34 0.42 0.473218 0.170369 0.87879 35
1.95276 6.54293 4.67 0.6 2014 2 22 14 54 24.86 0.473218 0.170369 0.87879 35
2.11285 6.61032 4.42 0.59 2014 10 23 9 17 18.36 0.473218 0.170369 0.87879 35
2.03824 6.53026 4.53 0.55 2014 9 30 11 30 22.11 0.473218 0.170369 0.87879 35
2.10199 6.56828 4.55 0.55 2015 4 5 20 16 49.4 0.473218 0.170369 0.87879 35
1.97378 6.51447 4.23 0.54 2015 6 21 2 24 34.15 0.473218 0.170369 0.87879 35
1.50277 6.24571 4.6 0.49 2015 9 1 5 24 22.94 0.473218 0.170369 0.87879 35
1.76436 6.39771 4.24 0.47 2014 5 1 7 7 43.66 0.473218 0.170369 0.87879 35
1.48683 6.2357 4.63 0.44 2015 8 31 19 48 8.36 0.473218 0.170369 0.87879 35
1.93175 6.47277 4.42 0.43 2015 3 1 5 34 6.4 0.473218 0.170369 0.87879 35
2.10564 6.60264 4.41 0.4 2014 10 23 9 16 38.91 0.473218 0.170369 0.87879 35
1.81654 6.41984 4.45 0.4 2014 12 21 10 20 43.59 0.473218 0.170369 0.87879 35
1.49333 6.24749 4.59 0.35 2015 9 1 4 47 23.79 0.473218 0.170369 0.87879 35
1.80924 6.39727 4.41 0.22 2015 6 15 23 10 17.22 0.473218 0.170369 0.87879 35
2.03317 6.65835 4.5 0.19 2014 5 26 7 8 3.31 0.473218 0.170369 0.87879 35
1.56216 6.28318 4.58 0.09 2015 3 15 4 39 4.94 0.473218 0.170369 0.87879 35
15.0786 4.74035 6.94 1.76 2015 12 1 16 24 13.39 0.643017 0.901981 0.657045 36
15.0562 4.75392 6.92 1.49 2016 1 10 16 54 11.05 0.643017 0.901981 0.657045 36
15.0598 4.71867 6.94 1.34 2015 12 1 17 58 8.92 0.643017 0.901981 0.657045 36
15.0221 4.711 6.95 1.27 2015 12 7 13 41 0.23 0.643017 0.901981 0.657045 36
15.033 4.73401 6.91 1.14 2016 1 20 20 0 24.38 0.643017 0.901981 0.657045 36
15.004 4.69065 6.92 1.12 2015 10 14 23 7 21.4 0.643017 0.901981 0.657045 36
15.083 4.76114 6.93 1.12 2015 12 2 11 48 54.93 0.643017 0.901981 0.657045 36
15.038 4.71322 6.93 0.93 2015 10 29 22 28 32.24 0.643017 0.901981 0.657045 36
15.0207 4.70555 6.95 0.79 2015 10 14 10 22 5.23 0.643017 0.901981 0.657045 36
15.0445 4.711 6.93 0.75 2015 10 29 21 13 51.72 0.643017 0.901981 0.657045 36
15.2916 4.72723 6.7 0.27 2016 1 8 0 0 43.64 0.643017 0.901981 0.657045 36
12.2868 4.90547 6.37 1.61 2015 5 11 15 36 47.1 0.519135 0.31606 0.566991 37
12.3512 4.91949 6.36 1.42 2015 4 14 19 21 15.02 0.519135 0.31606 0.566991 37
12.3853 4.95307 6.41 1.26 2015 8 12 15 5 47.46 0.519135 0.31606 0.566991 37
12.3773 4.93894 6.38 1.26 2015 8 13 1 2 27.29 0.519135 0.31606 0.566991 37
12.3948 4.93261 6.35 1.2 2015 4 14 3 24 39.58 0.519135 0.31606 0.566991 37
12.3404 4.89958 6.3 1.11 2015 5 5 9 6 47.19 0.519135 0.31606 0.566991 37
12.3397 4.89324 6.32 1.08 2015 4 14 0 49 58.55 0.519135 0.31606 0.566991 37
12.4078 4.95485 6.37 1 2014 9 13 23 33 43.76 0.519135 0.31606 0.566991 37
12.3309 4.95796 6.42 1 2015 5 24 1 20 58.53 0.519135 0.31606 0.566991 37
12.4332 4.96296 6.37 0.93 2015 4 14 10 51 30.28 0.519135 0.31606 0.566991 37
12.3701 4.94895 6.41 0.78 2015 8 12 12 52 0.65 0.519135 0.31606 0.566991 37
12.0527 5.05214 6.21 0.73 2015 3 11 18 53 31.02 0.519135 0.31606 0.566991 37
12.1948 5.19414 6.4 0.67 2015 12 31 3 38 51.42 0.519135 0.31606 0.566991 37
12.1115 4.83854 6.04 0.57 2014 8 23 13 46 59 0.519135 0.31606 0.566991 37
12.2556 5.17023 6.35 0.52 2015 10 20 12 28 8.26 0.519135 0.31606 0.566991 37
12.2578 4.88702 6.31 0.45 2015 5 12 16 50 4.31 0.519135 0.31606 0.566991 37
12.3918 4.96207 6.44 0.17 2015 8 16 21 13 32.08 0.519135 0.31606 0.566991 37
21.6571 3.87659 7.72 1.46 2013 10 8 2 52 45.73 0.438525 0.327385 0.514672 38
21.6832 3.89293 7.7 1.42 2013 10 9 3 13 10.25 0.438525 0.327385 0.514672 38
21.5955 3.87436 7.71 1.33 2013 10 8 3 44 9.51 0.438525 0.327385 0.514672 38
21.5463 3.86803 7.69 1.21 2013 10 17 7 39 37.42 0.438525 0.327385 0.514672 38
21.6701 3.85946 7.74 1.17 2013 10 8 2 29 45.31 0.438525 0.327385 0.514672 38
21.6376 3.88204 7.71 1.16 2013 10 8 2 23 23.31 0.438525 0.327385 0.514672 38
21.584 3.87892 7.71 1.15 2013 10 8 2 50 5.8 0.438525 0.327385 0.514672 38
21.5644 3.88526 7.7 1.13 2013 10 8 2 54 18.41 0.438525 0.327385 0.514672 38
21.6122 3.85035 7.72 1.06 2013 10 8 5 2 18.15 0.438525 0.327385 0.514672 38
21.5876 3.84901 7.71 1.04 2013 10 17 7 43 36.12 0.438525 0.327385 0.514672 38
21.5869 3.89883 7.7 0.98 2013 10 8 6 0 48.8 0.438525 0.327385 0.514672 38
21.592 3.86491 7.7 0.89 2013 10 8 2 18 3.22 0.438525 0.327385 0.514672 38
21.5883 3.90605 7.69 0.75 2013 10 8 5 58 3.93 0.438525 0.327385 0.514672 38
21.5847 3.86981 7.69 0.74 2013 10 8 2 21 11.07 0.438525 0.327385 0.514672 38
21.6028 3.85491 7.71 0.69 2013 10 8 1 45 10.46 0.438525 0.327385 0.514672 38
21.5499 3.86491 7.65 0.59 2013 10 8 12 51 37.28 0.438525 0.327385 0.514672 38
21.592 3.84679 7.71 0.45 2013 10 8 1 38 38.46 0.438525 0.327385 0.514672 38
21.5325 3.8608 7.68 0.27 2013 10 17 8 18 2.5 0.438525 0.327385 0.514672 38
3.04035 6.29096 4.78 1.36 2015 4 23 15 24 15.87 0.0287585 0.763776 0.568845 39
3.08309 6.27918 4.78 1.31 2015 4 23 15 31 4.97 0.0287585 0.763776 0.568845 39
3.06422 6.29052 4.77 1.29 2015 4 23 15 24 20.38 0.0287585 0.763776 0.568845 39
3.13669 6.25116 4.7 1.24 2015 4 27 8 49 20.2 0.0287585 0.763776 0.568845 39
3.08959 6.26872 4.73 1.18 2015 4 23 18 17 55.6 0.0287585 0.763776 0.568845 39
3.0237 6.30042 4.79 1.02 2015 4 23 13 25 7.01 0.0287585 0.763776 0.568845 39
3.13892 6.25294 4.72 0.96 2015 4 26 1 53 11.54 0.0287585 0.763776 0.568845 39
3.09689 6.26828 4.75 0.66 2015 4 23 15 43 15.62 0.0287585 0.763776 0.568845 39
3.10989 6.2556 4.69 0.52 2015 4 24 6 40 55.51 0.0287585 0.763776 0.568845 39
3.10624 6.26472 4.7 0.08 2015 4 26 8 8 54.41 0.0287585 0.763776 0.568845 39
3.11568 6.28185 4.61 -0.04 2015 1 3 20 30 25.08 0.0287585 0.763776 0.568845 39
6.02996 3.31783 3.71 1.17 2014 5 27 11 49 37.65 0.461607 0.55163 0.846899 40
6.04741 3.20931 4.1 0.86 2014 3 24 4 6 1.73 0.461607 0.55163 0.846899 40
6.01545 3.29927 3.78 0.74 2014 5 27 12 25 57.9 0.461607 0.55163 0.846899 40
6.06255 3.32651 3.85 0.72 2014 5 28 8 51 53.84 0.461607 0.55163 0.846899 40
6.34515 3.41469 3.87 0.64 2015 4 30 21 55 18.98 0.461607 0.55163 0.846899 40
6.02711 3.31739 3.69 0.63 2014 5 26 8 55 4.41 0.461607 0.55163 0.846899 40
6.02996 3.32061 3.74 0.57 2014 5 26 5 24 18.7 0.461607 0.55163 0.846899 40
6.15532 3.22376 3.86 0.5 2014 2 12 1 53 21.06 0.461607 0.55163 0.846899 40
6.3423 3.13281 3.58 0.48 2015 6 20 9 38 36.74 0.461607 0.55163 0.846899 40
6.34373 3.49975 3.72 0.4 2015 4 5 7 42 8.49 0.461607 0.55163 0.846899 40
5.87494 3.20742 3.62 0.39 2014 11 18 11 44 43.99 0.461607 0.55163 0.846899 40
6.28719 3.51921 3.86 0.36 2015 3 30 11 26 8.74 0.461607 0.55163 0.846899 40
6.35459 2.93188 3.81 0.26 2014 12 18 0 50 16.61 0.461607 0.55163 0.846899 40
6.16405 3.21876 3.81 0.19 2014 2 5 2 19 35.94 0.461607 0.55163 0.846899 40
5.89231 3.29248 3.81 0.18 2014 2 4 18 27 8.68 0.461607 0.55163 0.846899 40
6.29449 3.49652 3.74 0.17 2015 3 10 3 15 29.96 0.461607 0.55163 0.846899 40
6.03067 3.32462 3.72 0.15 2014 5 26 8 25 19.69 0.461607 0.55163 0.846899 40
6.13796 3.22643 3.82 0.1 2014 2 4 18 22 36.32 0.461607 0.55163 0.846899 40
5.82562 3.28937 3.95 0.08 2014 11 27 12 36 21.86 0.461607 0.55163 0.846899 40
6.22566 3.24367 3.77 -0.07 2013 10 13 3 48 13.61 0.461607 0.55163 0.846899 40
9.6471 3.20386 4.7 3.99 2015 8 14 21 25 41.68 0.302328 0.820416 0.106171 41
8.27183 3.41557 4.62 3.31 2015 8 16 8 49 50.77 0.302328 0.820416 0.106171 41
8.99793 3.01739 4.59 3 2015 8 15 21 24 39.56 0.302328 0.820416 0.106171 41
9.03995 3.00071 4.45 2.9 2015 8 19 23 10 51.64 0.302328 0.820416 0.106171 41
9.42976 3.06676 4.56 2.4 2016 7 9 13 45 41.82 0.302328 0.820416 0.106171 41
8.85155 3.03006 4.42 2.28 2015 8 16 7 39 38.59 0.302328 0.820416 0.106171 41
8.82982 3.02417 4.38 2.21 2015 8 15 13 46 37.7 0.302328 0.820416 0.106171 41
10.3137 2.74818 4.7 2.04 2015 7 27 9 9 57.2 0.302328 0.820416 0.106171 41
8.83846 3.03151 4.44 2.04 2015 8 16 9 20 30.49 0.302328 0.820416 0.106171 41
8.50226 3.3513 4.68 2.02 2015 8 15 0 19 59.23 0.302328 0.820416 0.106171 41
8.93195 3.00927 4.35 1.99 2015 8 15 22 13 4.9 0.302328 0.820416 0.106171 41
9.84351 2.86672 4.72 1.97 2015 7 29 1 30 42.39 0.302328 0.820416 0.106171 41
9.85001 2.8993 4.73 1.97 2015 8 7 20 57 6.2 0.302328 0.820416 0.106171 41
8.85662 3.31516 4.63 1.96 2015 8 15 1 7 11.78 0.302328 0.820416 0.106171 41
9.61887 2.97168 4.72 1.95 2015 8 9 20 48 45.7 0.302328 0.820416 0.106171 41
8.92616 3.03051 4.46 1.95 2015 8 15 1 19 50.4 0.302328 0.820416 0.106171 41
8.60732 3.26179 4.25 1.89 2015 8 20 14 10 44.44 0.302328 0.820416 0.106171 41
8.13204 3.66087 4.41 1.88 2015 9 5 18 5 18.7 0.302328 0.820416 0.106171 41
8.98199 3.0016 4.39 1.69 2015 8 14 21 50 22.72 0.302328 0.820416 0.106171 41
9.6138 2.96179 4.7 1.67 2015 8 9 7 54 46.86 0.302328 0.820416 0.106171 41
7.02994 3.9621 4.78 1.65 2015 3 13 1 41 19.5 0.302328 0.820416 0.106171 41
9.85945 2.87172 4.63 1.64 2015 7 29 1 31 53.6 0.302328 0.820416 0.106171 41
9.61522 2.9649 4.58 1.62 2015 8 9 9 50 47.01 0.302328 0.820416 0.106171 41
9.64638 2.95223 4.68 1.6 2015 8 9 23 4 14.94 0.302328 0.820416 0.106171 41
9.67541 2.93821 4.71 1.59 2015 8 9 22 39 46.52 0.302328 0.820416 0.106171 41
8.3305 3.70468 4.48 1.58 2015 8 23 6 34 19.97 0.302328 0.820416 0.106171 41
8.20808 3.70201 4.46 1.55 2015 7 25 13 37 53.77 0.302328 0.820416 0.106171 41
8.47181 3.37032 4.62 1.52 2015 8 16 8 51 10.19 0.302328 0.820416 0.106171 41
10.2645 2.77042 4.67 1.51 2015 7 27 8 0 33.85 0.302328 0.820416 0.106171 41
9.74566 2.91197 4.71 1.48 2015 8 11 19 32 18.84 0.302328 0.820416 0.106171 41
11.5615 2.50889 4.34 1.48 2016 4 30 19 47 0.84 0.302328 0.820416 0.106171 41
9.63695 2.94099 4.68 1.46 2015 8 13 10 17 36.29 0.302328 0.820416 0.106171 41
8.57108 3.26224 4.33 1.43 2015 8 23 2 6 29.41 0.302328 0.820416 0.106171 41
8.89642 3.01383 4.33 1.42 2015 8 17 23 36 7.2 0.302328 0.820416 0.106171 41
8.06971 3.84857 4.41 1.42 2015 9 19 21 43 34.2 0.302328 0.820416 0.106171 41
8.65665 3.25045 4.4 1.41 2015 8 14 22 5 59.9 0.302328 0.820416 0.106171 41
9.2718 3.02784 4.59 1.41 2015 10 22 1 23 36.84 0.302328 0.820416 0.106171 41
8.12625 3.48296 4.48 1.37 2015 8 15 15 40 49.92 0.302328 0.820416 0.106171 41
8.11031 3.44182 4.24 1.33 2015 8 18 21 32 6.08 0.302328 0.820416 0.106171 41
9.18847 3.2351 4.36 1.3 2015 9 16 11 29 3.07 0.302328 0.820416 0.106171 41
11.2108 2.4464 4.89 1.29 2015 10 24 11 32 58.5 0.302328 0.820416 0.106171 41
8.80659 3.0364 4.44 1.28 2015 8 15 5 59 21.61 0.302328 0.820416 0.106171 41
8.58925 3.25768 4.32 1.28 2015 8 16 7 11 25.21 0.302328 0.820416 0.106171 41
8.28705 3.65131 4.46 1.28 2015 8 23 6 36 22.3 0.302328 0.820416 0.106171 41
8.42693 3.49708 4.6 1.28 2015 9 1 10 42 21.25 0.302328 0.820416 0.106171 41
9.68405 2.92376 4.53 1.27 2015 8 14 0 29 11.6 0.302328 0.820416 0.106171 41
8.25081 3.62373 4.42 1.27 2015 8 28 21 18 23.48 0.302328 0.820416 0.106171 41
7.9139 3.44504 4.25 1.26 2014 9 6 18 48 15.08 0.302328 0.820416 0.106171 41
9.36093 3.28081 4.6 1.25 2015 9 16 20 38 26.36 0.302328 0.820416 0.106171 41
8.79065 3.01105 4.28 1.23 2015 8 16 7 55 42.13 0.302328 0.820416 0.106171 41
8.10666 3.85135 4.37 1.22 2015 9 19 22 20 40.32 0.302328 0.820416 0.106171 41
9.55441 2.80067 4.64 1.21 2015 8 15 8 29 18.18 0.302328 0.820416 0.106171 41
8.56966 3.64586 4.55 1.21 2015 8 26 20 13 35.98 0.302328 0.820416 0.106171 41
11.1752 2.45819 4.87 1.21 2015 10 24 11 17 57.86 0.302328 0.820416 0.106171 41
10.2753 2.75775 4.72 1.18 2015 7 27 9 6 30.8 0.302328 0.820416 0.106171 41
8.99356 3.01605 4.47 1.18 2015 8 15 7 12 17.62 0.302328 0.820416 0.106171 41
8.76527 3.24233 4.64 1.17 2015 8 16 14 17 17.7 0.302328 0.820416 0.106171 41
9.70871 2.91787 4.64 1.17 2015 8 22 15 49 50.12 0.302328 0.820416 0.106171 41
9.12543 3.00115 4.4 1.16 2015 8 14 23 34 36.36 0.302328 0.820416 0.106171 41
8.85084 3.0324 4.47 1.16 2015 8 16 7 1 19.21 0.302328 0.820416 0.106171 41
8.85369 3.01561 4.33 1.16 2015 8 16 9 32 34.18 0.302328 0.820416 0.106171 41
9.58477 2.80745 4.62 1.16 2015 8 22 11 37 23.48 0.302328 0.820416 0.106171 41
7.19368 3.95443 4.22 1.16 2016 2 3 8 9 45.79 0.302328 0.820416 0.106171 41
8.20594 3.70424 4.46 1.12 2014 12 19 17 19 50.64 0.302328 0.820416 0.106171 41
8.20665 3.70246 4.47 1.12 2014 12 19 18 16 49.92 0.302328 0.820416 0.106171 41
9.31891 2.78532 4.53 1.11 2015 8 16 6 17 47.6 0.302328 0.820416 0.106171 41
10.2072 2.61253 4.78 1.1 2014 11 28 6 55 36.69 0.302328 0.820416 0.106171 41
8.36825 3.69701 4.52 1.1 2015 8 23 5 52 10.87 0.302328 0.820416 0.106171 41
8.28928 3.65353 4.44 1.09 2015 7 24 11 0 11.58 0.302328 0.820416 0.106171 41
8.63127 3.02417 4.32 1.09 2015 8 17 0 11 44.93 0.302328 0.820416 0.106171 41
8.27619 3.61962 4.48 1.08 2015 7 25 2 52 27.09 0.302328 0.820416 0.106171 41
8.75735 3.01205 4.32 1.08 2015 8 15 7 16 50.84 0.302328 0.820416 0.106171 41
9.1711 3.29837 4.57 1.07 2015 9 16 14 15 40.37 0.302328 0.820416 0.106171 41
9.58192 2.97802 4.63 1.06 2015 8 9 23 55 59.04 0.302328 0.820416 0.106171 41
8.58123 3.27625 4.69 1.05 2015 8 16 15 29 49.21 0.302328 0.820416 0.106171 41
8.01104 3.45994 4.18 1.04 2014 9 16 19 39 52.24 0.302328 0.820416 0.106171 41
8.10301 3.49019 4.28 1.04 2015 8 19 7 14 54.19 0.302328 0.820416 0.106171 41
8.40592 3.56446 4.39 1.04 2015 8 31 7 0 46.14 0.302328 0.820416 0.106171 41
9.50579 2.74462 4.69 1.03 2015 8 15 8 24 18.37 0.302328 0.820416 0.106171 41
9.02108 3.00427 4.38 1.02 2015 8 19 23 12 16.52 0.302328 0.820416 0.106171 41
8.36968 3.33907 4.28 1.02 2015 8 22 8 59 23.77 0.302328 0.820416 0.106171 41
8.50297 3.29837 4.22 1.01 2015 8 22 10 13 27.21 0.302328 0.820416 0.106171 41
8.20086 3.69434 4.48 1.01 2015 8 24 14 48 23.7 0.302328 0.820416 0.106171 41
7.948 3.86981 4.42 1 2015 9 19 21 58 12.04 0.302328 0.820416 0.106171 41
8.88699 3.04318 4.49 0.99 2015 8 15 21 30 10.5 0.302328 0.820416 0.106171 41
10.7789 2.91564 4.51 0.98 2016 5 8 20 20 1.9 0.302328 0.820416 0.106171 41
10.4869 2.73328 4.76 0.97 2014 12 1 7 21 47.91 0.302328 0.820416 0.106171 41
9.52031 3.01294 4.7 0.97 2015 8 16 15 37 11.53 0.302328 0.820416 0.106171 41
11.51 2.59573 4.39 0.97 2016 5 11 23 55 53.08 0.302328 0.820416 0.106171 41
9.16015 3.12102 4.51 0.96 2015 8 27 8 42 3.84 0.302328 0.820416 0.106171 41
8.81887 3.0324 4.48 0.95 2015 8 20 1 18 28.55 0.302328 0.820416 0.106171 41
8.28563 3.65264 4.46 0.94 2015 8 15 17 55 18.24 0.302328 0.820416 0.106171 41
8.97469 3.07621 4.61 0.94 2015 8 16 1 30 59.99 0.302328 0.820416 0.106171 41
8.66822 3.03006 4.38 0.94 2015 8 16 20 44 48.16 0.302328 0.820416 0.106171 41
8.25883 3.62195 4.5 0.94 2015 8 24 1 44 57.65 0.302328 0.820416 0.106171 41
10.5166 2.93099 4.79 0.94 2015 12 3 20 6 25.54 0.302328 0.820416 0.106171 41
11.5731 2.4822 4.62 0.94 2016 5 23 7 27 22.26 0.302328 0.820416 0.106171 41
9.09426 2.98936 4.5 0.93 2015 8 16 19 2 51.12 0.302328 0.820416 0.106171 41
8.26675 3.62551 4.49 0.91 2015 7 25 9 2 33.39 0.302328 0.820416 0.106171 41
8.78851 3.01839 4.29 0.91 2015 8 14 23 27 14.44 0.302328 0.820416 0.106171 41
8.02475 3.45038 4.66 0.91 2015 8 19 7 16 55.27 0.302328 0.820416 0.106171 41
8.22544 3.66988 4.54 0.91 2015 9 5 18 24 34.44 0.302328 0.820416 0.106171 41
8.40227 3.37265 4.48 0.89 2015 8 16 15 33 43.34 0.302328 0.820416 0.106171 41
9.9094 2.82969 4.75 0.88 2015 7 29 1 37 20.83 0.302328 0.820416 0.106171 41
10.4231 2.62743 4.76 0.88 2015 8 15 7 0 53.81 0.302328 0.820416 0.106171 41
7.67047 3.70424 4.45 0.88 2016 8 6 7 49 17.85 0.302328 0.820416 0.106171 41
8.19356 3.44549 4.62 0.87 2015 8 20 4 0 8.4 0.302328 0.820416 0.106171 41
7.93491 3.48796 4.59 0.85 2015 8 15 0 0 52.22 0.302328 0.820416 0.106171 41
8.45159 3.58259 4.47 0.83 2015 9 13 18 5 13.42 0.302328 0.820416 0.106171 41
8.20736 3.69701 4.47 0.8 2014 12 19 17 47 45.94 0.302328 0.820416 0.106171 41
10.5051 2.7265 4.54 0.8 2015 7 27 12 23 24.37 0.302328 0.820416 0.106171 41
10.2862 2.76319 4.71 0.79 2015 7 27 8 15 39.11 0.302328 0.820416 0.106171 41
8.79937 3.36042 4.59 0.79 2015 8 15 12 11 24.38 0.302328 0.820416 0.106171 41
8.94646 3.29971 4.53 0.79 2015 8 22 12 2 9.3 0.302328 0.820416 0.106171 41
8.67908 3.23777 4.41 0.78 2015 8 14 22 7 20.14 0.302328 0.820416 0.106171 41
9.72251 2.90519 4.52 0.75 2015 8 14 1 57 2.16 0.302328 0.820416 0.106171 41
8.35445 3.68711 4.5 0.74 2015 7 26 2 45 14.32 0.302328 0.820416 0.106171 41
8.77613 3.03284 4.42 0.74 2015 8 15 5 27 53.31 0.302328 0.820416 0.106171 41
9.74424 2.89796 4.6 0.74 2015 8 22 16 15 3.73 0.302328 0.820416 0.106171 41
8.10666 3.5142 4.42 0.73 2015 8 15 16 0 22.6 0.302328 0.820416 0.106171 41
9.28044 3.14326 4.39 0.73 2015 10 28 9 52 51.93 0.302328 0.820416 0.106171 41
11.497 2.45641 4.56 0.73 2016 7 30 15 32 12.13 0.302328 0.820416 0.106171 41
8.06677 3.85402 4.42 0.72 2015 9 19 21 29 35.02 0.302328 0.820416 0.106171 41
7.92912 3.58659 4.38 0.72 2016 1 27 3 27 15.91 0.302328 0.820416 0.106171 41
8.41313 3.57214 4.41 0.71 2015 9 5 2 30 21 0.302328 0.820416 0.106171 41
8.38856 3.54223 4.38 0.68 2015 9 1 7 34 25.07 0.302328 0.820416 0.106171 41
9.60222 2.9699 4.66 0.64 2015 8 9 9 55 36.17 0.302328 0.820416 0.106171 41
8.67837 3.50153 4.55 0.61 2015 6 4 2 4 43.63 0.302328 0.820416 0.106171 41
9.59857 2.96768 4.55 0.59 2015 8 9 14 5 58.67 0.302328 0.820416 0.106171 41
8.18849 3.6771 4.46 0.55 2014 12 19 17 53 22 0.302328 0.820416 0.106171 41
9.64425 2.95767 4.65 0.55 2015 8 9 7 33 45.76 0.302328 0.820416 0.106171 41
8.39862 3.36854 4.46 0.55 2015 9 2 0 28 9.86 0.302328 0.820416 0.106171 41
8.26239 3.63007 4.42 0.54 2015 8 15 14 36 19.76 0.302328 0.820416 0.106171 41
9.50437 3.01561 4.68 0.52 2015 8 16 8 56 31.39 0.302328 0.820416 0.106171 41
10.063 2.78488 4.64 0.5 2015 8 9 20 32 47.4 0.302328 0.820416 0.106171 41
8.83561 3.28525 4.57 0.49 2015 8 14 23 56 34.16 0.302328 0.820416 0.106171 41
9.09934 3.15404 4.52 0.49 2015 8 24 4 58 33.37 0.302328 0.820416 0.106171 41
8.15884 3.48529 4.67 0.48 2015 8 15 15 17 9.68 0.302328 0.820416 0.106171 41
9.21963 3.13914 4.5 0.48 2015 8 19 8 14 39.45 0.302328 0.820416 0.106171 41
8.85734 3.28481 4.62 0.47 2015 8 15 0 17 16.6 0.302328 0.820416 0.106171 41
9.62101 2.97357 4.7 0.45 2015 8 9 7 52 5.55 0.302328 0.820416 0.106171 41
8.80151 2.9848 4.34 0.45 2015 8 15 13 48 0.21 0.302328 0.820416 0.106171 41
8.85876 3.02239 4.54 0.45 2015 8 16 1 47 4.12 0.302328 0.820416 0.106171 41
9.89783 2.83914 4.67 0.44 2015 7 29 3 57 3.01 0.302328 0.820416 0.106171 41
8.38998 3.64453 4.45 0.44 2015 8 26 11 11 13.48 0.302328 0.820416 0.106171 41
9.5261 2.84192 4.47 0.43 2015 8 15 8 17 49.44 0.302328 0.820416 0.106171 41
8.2103 3.50331 4.6 0.43 2015 8 17 14 26 14.83 0.302328 0.820416 0.106171 41
8.73482 3.22098 4.63 0.43 2015 8 20 11 34 38.89 0.302328 0.820416 0.106171 41
8.19 3.68756 4.44 0.42 2014 12 19 19 53 50.64 0.302328 0.820416 0.106171 41
8.17834 3.45494 4.59 0.42 2015 8 16 11 42 15.33 0.302328 0.820416 0.106171 41
8.84282 3.07087 4.45 0.4 2015 8 15 0 7 27.01 0.302328 0.820416 0.106171 41
9.80505 2.87494 4.63 0.39 2015 7 29 5 3 17.84 0.302328 0.820416 0.106171 41
10.9746 2.63243 4.46 0.37 2015 7 27 15 40 7.99 0.302328 0.820416 0.106171 41
10.0174 2.83058 4.69 0.36 2015 8 1 2 23 45.43 0.302328 0.820416 0.106171 41
8.84211 3.35175 4.59 0.35 2015 8 14 22 32 52.32 0.302328 0.820416 0.106171 41
8.89064 3.02372 4.31 0.35 2015 8 15 22 25 41.92 0.302328 0.820416 0.106171 41
8.27984 3.65987 4.41 0.34 2015 8 15 15 40 24.62 0.302328 0.820416 0.106171 41
9.43118 2.87672 4.8 0.32 2015 8 17 9 1 5.89 0.302328 0.820416 0.106171 41
8.84354 3.02061 4.33 0.32 2015 8 20 4 8 46.81 0.302328 0.820416 0.106171 41
8.35232 3.64319 4.46 0.31 2015 8 22 9 43 55.76 0.302328 0.820416 0.106171 41
8.39942 3.58937 4.39 0.3 2015 8 31 8 8 21.32 0.302328 0.820416 0.106171 41
8.18849 3.60783 4.5 0.3 2015 9 12 11 10 47.21 0.302328 0.820416 0.106171 41
6.75312 3.85813 4.63 0.28 2014 12 3 19 22 57.68 0.302328 0.820416 0.106171 41
10.3427 2.72061 4.7 0.27 2015 7 27 9 15 13.49 0.302328 0.820416 0.106171 41
9.10148 2.9649 4.64 0.27 2015 8 15 1 16 57.4 0.302328 0.820416 0.106171 41
8.53778 3.31016 4.37 0.26 2015 8 21 5 53 22.53 0.302328 0.820416 0.106171 41
8.09723 3.44271 4.14 0.24 2015 8 20 4 47 59.03 0.302328 0.820416 0.106171 41
8.27477 3.65587 4.41 0.24 2015 8 23 6 48 18.72 0.302328 0.820416 0.106171 41
8.82546 3.02739 4.37 0.23 2015 8 16 5 8 5.22 0.302328 0.820416 0.106171 41
8.28055 3.66532 4.45 0.23 2015 8 23 6 37 18.02 0.302328 0.820416 0.106171 41
10.5217 2.71427 4.5 0.23 2016 1 19 8 22 4.61 0.302328 0.820416 0.106171 41
9.09569 3.1278 4.66 0.23 2016 2 4 6 22 30.96 0.302328 0.820416 0.106171 41
8.29435 3.66532 4.43 0.22 2015 7 24 10 17 14.75 0.302328 0.820416 0.106171 41
8.8073 3.25501 4.6 0.21 2015 8 18 4 22 9.09 0.302328 0.820416 0.106171 41
8.20594 3.61194 4.5 0.2 2015 8 17 2 29 26.72 0.302328 0.820416 0.106171 41
8.28999 3.66576 4.45 0.19 2015 7 24 10 24 17.6 0.302328 0.820416 0.106171 41
8.28705 3.64497 4.44 0.19 2015 7 26 3 55 32.24 0.302328 0.820416 0.106171 41
9.77104 2.90797 4.72 0.18 2015 8 8 2 49 44.72 0.302328 0.820416 0.106171 41
8.35009 3.67299 4.52 0.18 2015 8 23 5 22 56.65 0.302328 0.820416 0.106171 41
8.01175 3.76762 4.35 0.18 2015 9 21 8 14 0.75 0.302328 0.820416 0.106171 41
8.60518 3.03506 4.34 0.17 2015 8 16 6 24 54.95 0.302328 0.820416 0.106171 41
8.26319 3.42236 4.6 0.16 2015 8 16 11 43 57.6 0.302328 0.820416 0.106171 41
8.70295 3.47262 4.55 0.16 2015 8 19 3 43 5.04 0.302328 0.820416 0.106171 41
8.72761 3.00704 4.31 0.14 2015 8 15 6 41 24.21 0.302328 0.820416 0.106171 41
8.08058 3.5102 4.46 0.14 2015 8 15 15 59 8.93 0.302328 0.820416 0.106171 41
9.68333 2.90019 4.74 0.14 2015 8 16 15 29 23.86 0.302328 0.820416 0.106171 41
6.81687 3.93641 4.79 0.13 2014 11 22 17 39 38.4 0.302328 0.820416 0.106171 41
8.6863 3.46939 4.56 0.13 2015 8 19 8 30 2.99 0.302328 0.820416 0.106171 41
8.23416 3.63819 4.35 0.12 2015 8 30 4 46 24.21 0.302328 0.820416 0.106171 41
8.59361 3.55724 4.55 0.11 2015 8 27 4 59 32.66 0.302328 0.820416 0.106171 41
9.60658 2.80111 4.6 0.08 2015 8 15 14 15 48.3 0.302328 0.820416 0.106171 41
8.41099 3.55724 4.4 0.07 2015 9 1 7 44 48.66 0.302328 0.820416 0.106171 41
8.21386 3.60827 4.46 0.05 2015 8 16 12 40 10.54 0.302328 0.820416 0.106171 41
9.03408 3.02873 4.45 0.04 2015 8 15 22 45 54.48 0.302328 0.820416 0.106171 41
7.36178 3.76217 4.72 0.04 2015 9 7 9 51 49.24 0.302328 0.820416 0.106171 41
8.50876 3.34319 4.7 0.03 2015 8 16 9 56 57.31 0.302328 0.820416 0.106171 41
9.87245 2.85593 4.32 -0.04 2015 8 16 9 9 37.49 0.302328 0.820416 0.106171 41
3.25769 4.95118 4.16 2.24 2014 6 6 3 18 17.17 0.201605 0.918543 0.814633 42
3.26571 4.92994 4.19 1.59 2014 6 4 5 8 51.89 0.201605 0.918543 0.814633 42
3.37727 5.00322 4.16 1.55 2014 6 6 3 49 27.2 0.201605 0.918543 0.814633 42
3.90402 4.59013 4.38 1.49 2015 12 30 1 42 4.75 0.201605 0.918543 0.814633 42
3.22653 4.94806 4.01 1.41 2016 8 20 4 48 8.55 0.201605 0.918543 0.814633 42
3.28378 4.95073 4.18 1.37 2014 6 4 4 52 34.82 0.201605 0.918543 0.814633 42
3.24398 4.93995 4.06 1.21 2014 6 6 3 39 48.1 0.201605 0.918543 0.814633 42
3.22217 4.93805 4.03 1.21 2014 6 6 5 21 48.09 0.201605 0.918543 0.814633 42
3.35047 4.99877 4.16 1.21 2016 9 27 5 38 20.48 0.201605 0.918543 0.814633 42
3.23811 4.94039 4.05 1.13 2014 6 6 4 7 21.97 0.201605 0.918543 0.814633 42
3.34317 4.93316 4.07 1.09 2014 6 6 8 58 44.59 0.201605 0.918543 0.814633 42
3.76494 4.76837 4.3 1.01 2016 1 1 2 44 35.6 0.201605 0.918543 0.814633 42
3.90045 4.58968 4.39 0.98 2016 1 4 3 58 54.84 0.201605 0.918543 0.814633 42
3.85113 4.68475 4.26 0.92 2015 12 16 5 44 2.28 0.201605 0.918543 0.814633 42
3.99314 4.6028 4.49 0.9 2015 9 15 8 29 39.69 0.201605 0.918543 0.814633 42
3.94675 4.73446 4.34 0.83 2014 10 12 14 41 26.87 0.201605 0.918543 0.814633 42
3.43158 5.05081 4.15 0.78 2014 6 6 6 15 33.36 0.201605 0.918543 0.814633 42
4.25037 4.8779 4.39 0.69 2016 5 28 22 34 3.56 0.201605 0.918543 0.814633 42
3.87722 4.59513 4.37 0.63 2015 12 30 6 50 5.48 0.201605 0.918543 0.814633 42
3.37585 4.90014 4.53 0.55 2014 2 25 6 53 57.17 0.201605 0.918543 0.814633 42
3.95334 4.59691 4.42 0.45 2015 12 28 18 0 46.26 0.201605 0.918543 0.814633 42
3.85843 4.58512 4.28 0.42 2015 12 18 10 46 47.69 0.201605 0.918543 0.814633 42
3.93669 4.60458 4.39 0.34 2015 12 28 0 51 45.09 0.201605 0.918543 0.814633 42
3.32946 4.98153 4.18 0.33 2014 6 4 5 1 21.4 0.201605 0.918543 0.814633 42
3.25992 4.89736 4.33 0.33 2014 6 4 9 29 21.53 0.201605 0.918543 0.814633 42
3.99385 4.60102 4.46 0.31 2015 9 15 10 13 16.72 0.201605 0.918543 0.814633 42
3.43381 4.8739 4.25 0.29 2014 8 23 8 43 9.33 0.201605 0.918543 0.814633 42
3.87508 4.62449 4.42 0.26 2015 12 30 4 51 16.86 0.201605 0.918543 0.814633 42
3.29687 4.89602 4.06 -0.15 2014 6 7 8 48 58.11 0.201605 0.918543 0.814633 42
3.29607 4.64172 6.2 2.92 2015 10 16 22 38 54.92 0.925485 0.644117 0.495104 43
3.28743 4.52908 5.69 2.38 2014 10 17 7 59 42.67 0.925485 0.644117 0.495104 43
3.3186 4.62638 6.16 2.07 2015 10 20 20 26 34.52 0.925485 0.644117 0.495104 43
3.28449 4.62404 5.95 1.65 2015 10 16 23 22 8.4 0.925485 0.644117 0.495104 43
3.06493 4.6743 5.88 1.52 2015 10 16 22 40 36.54 0.925485 0.644117 0.495104 43
3.28672 4.63994 6.01 1.47 2015 10 17 9 57 53.2 0.925485 0.644117 0.495104 43
3.02077 4.6634 5.84 1.41 2015 10 16 22 39 41.44 0.925485 0.644117 0.495104 43
3.35697 4.60191 5.88 1.4 2015 10 16 22 43 38.84 0.925485 0.644117 0.495104 43
3.28236 4.62182 5.93 1.26 2015 10 16 22 23 47.32 0.925485 0.644117 0.495104 43
3.22439 4.66841 6.11 1.25 2015 10 16 22 46 6.9 0.925485 0.644117 0.495104 43
3.11203 4.6852 6.04 1.22 2015 10 14 18 37 50.44 0.925485 0.644117 0.495104 43
3.28307 4.56433 5.88 1.19 2015 4 20 16 8 32.63 0.925485 0.644117 0.495104 43
3.3316 4.62993 6.09 1.19 2015 10 16 22 43 57.88 0.925485 0.644117 0.495104 43
3.18166 4.67019 6.05 1.1 2015 10 17 0 39 9.22 0.925485 0.644117 0.495104 43
3.19394 4.6594 5.99 1.08 2015 10 17 5 12 11.76 0.925485 0.644117 0.495104 43
3.13384 4.65762 5.87 0.93 2015 10 17 5 11 24.36 0.925485 0.644117 0.495104 43
3.3381 4.54265 5.71 0.91 2014 10 18 11 50 24.44 0.925485 0.644117 0.495104 43
3.09182 4.69554 6.09 0.89 2015 10 17 2 33 59.55 0.925485 0.644117 0.495104 43
3.3657 4.61281 6.19 0.85 2015 10 17 5 55 31.37 0.925485 0.644117 0.495104 43
3.25841 4.5074 5.68 0.83 2014 10 17 5 10 10.85 0.925485 0.644117 0.495104 43
3.25262 4.55577 5.75 0.71 2014 10 16 20 51 43.68 0.925485 0.644117 0.495104 43
3.25992 4.61192 5.73 0.66 2015 10 16 23 7 13.6 0.925485 0.644117 0.495104 43
3.30551 4.54354 5.82 0.65 2014 10 17 5 10 26.45 0.925485 0.644117 0.495104 43
3.22217 4.52408 5.49 0.63 2014 4 11 21 25 46.84 0.925485 0.644117 0.495104 43
3.23526 4.61681 5.76 0.62 2015 10 17 17 43 31.92 0.925485 0.644117 0.495104 43
3.2715 4.5521 5.83 0.58 2014 10 16 20 16 31.52 0.925485 0.644117 0.495104 43
3.13384 4.66073 5.88 0.58 2015 10 14 18 38 1.6 0.925485 0.644117 0.495104 43
3.18094 4.48015 5.44 0.56 2015 5 2 17 27 58.8 0.925485 0.644117 0.495104 43
3.26063 4.45758 5.75 0.55 2015 5 11 10 15 57.51 0.925485 0.644117 0.495104 43
3.28165 4.61092 5.75 0.49 2015 10 17 4 12 41.1 0.925485 0.644117 0.495104 43
3.33738 4.61681 6.14 0.46 2015 10 17 0 51 51.03 0.925485 0.644117 0.495104 43
3.10117 4.68876 6.08 0.34 2015 10 17 1 50 37.82 0.925485 0.644117 0.495104 43
3.27363 4.63761 6.2 0.34 2015 10 17 4 52 39.09 0.925485 0.644117 0.495104 43
3.25992 4.65573 6.03 0.33 2015 10 19 11 39 13.39 0.925485 0.644117 0.495104 43
4.70544 6.07513 6.96 2.33 2016 9 14 10 28 46.33 0.991181 0.0355783 0.775231 44
4.78005 6.05479 6.96 2.15 2016 9 12 21 43 16.76 0.991181 0.0355783 0.775231 44
4.67214 6.07424 7.01 2.13 2016 9 13 16 14 12.92 0.991181 0.0355783 0.775231 44
4.69823 6.04389 7.05 1.85 2016 9 15 19 0 16.6 0.991181 0.0355783 0.775231 44
4.81344 6.04611 6.91 1.67 2016 9 14 6 31 17.13 0.991181 0.0355783 0.775231 44
4.71924 6.05201 7.01 1.55 2016 9 13 15 4 58.84 0.991181 0.0355783 0.775231 44
4.97647 5.88555 6.99 1.5 2017 5 23 16 13 19.3 0.991181 0.0355783 0.775231 44
4.70402 6.05968 7.01 1.43 2016 9 13 16 38 41.35 0.991181 0.0355783 0.775231 44
4.817 6.03577 6.91 1.36 2016 9 13 13 44 35.8 0.991181 0.0355783 0.775231 44
4.66048 6.06424 7.03 1.34 2016 9 13 16 15 14.85 0.991181 0.0355783 0.775231 44
4.69671 6.06201 7.02 1.32 2016 9 15 19 4 42 0.991181 0.0355783 0.775231 44
4.77284 6.04344 6.97 1.29 2016 9 13 15 33 53.12 0.991181 0.0355783 0.775231 44
4.81843 6.03977 6.9 1.28 2016 9 13 4 21 36.31 0.991181 0.0355783 0.775231 44
4.74097 6.06012 6.96 1.27 2016 9 13 15 7 26.77 0.991181 0.0355783 0.775231 44
4.83944 6.01442 6.94 1.26 2016 9 14 9 45 19.58 0.991181 0.0355783 0.775231 44
4.67793 6.06424 7.03 1.2 2016 9 14 10 34 57 0.991181 0.0355783 0.775231 44
4.67722 6.0579 7.05 1.18 2016 9 13 16 50 18.05 0.991181 0.0355783 0.775231 44
4.7902 6.03121 6.98 1.17 2016 9 14 0 38 25.97 0.991181 0.0355783 0.775231 44
4.73438 5.68551 6.67 0.43 2014 11 27 21 54 49.4 0.991181 0.0355783 0.775231 44
4.65905 5.68829 6.65 0.07 2014 11 27 16 12 19.96 0.991181 0.0355783 0.775231 44
4.37645 4.38931 5.95 2.29 2015 4 11 1 5 18.76 0.635978 0.237606 0.0720575 45
4.37208 4.41822 5.73 1.97 2014 12 15 0 23 15.33 0.635978 0.237606 0.0720575 45
3.90259 4.49872 5.73 1.95 2014 10 4 17 54 23.74 0.635978 0.237606 0.0720575 45
4.16783 4.44624 5.94 1.89 2014 12 15 12 6 38.17 0.635978 0.237606 0.0720575 45
4.14682 4.36118 5.71 1.8 2014 11 9 9 26 35.17 0.635978 0.237606 0.0720575 45
4.16196 4.35584 5.72 1.79 2014 12 19 4 37 12.24 0.635978 0.237606 0.0720575 45
4.21271 4.41321 5.92 1.76 2014 12 15 4 54 58.16 0.635978 0.237606 0.0720575 45
4.27646 4.38975 5.78 1.71 2014 12 15 1 47 3.01 0.635978 0.237606 0.0720575 45
4.13952 4.36707 5.72 1.7 2014 11 12 15 2 50.97 0.635978 0.237606 0.0720575 45
4.01202 4.53764 5.66 1.61 2015 7 9 12 46 50.26 0.635978 0.237606 0.0720575 45
4.07283 4.33949 5.64 1.44 2014 11 11 19 2 54.1 0.635978 0.237606 0.0720575 45
3.91488 4.48927 5.76 1.41 2014 10 2 9 31 30.72 0.635978 0.237606 0.0720575 45
4.37716 4.39698 5.95 1.34 2015 4 10 22 9 4.88 0.635978 0.237606 0.0720575 45
4.42791 4.37207 6.03 1.31 2015 4 12 5 25 45.84 0.635978 0.237606 0.0720575 45
3.91274 4.51685 5.63 1.25 2014 10 5 21 5 16.76 0.635978 0.237606 0.0720575 45
4.23372 4.29201 5.7 1.21 2015 2 13 9 15 47.81 0.635978 0.237606 0.0720575 45
4.35107 4.23719 5.9 1.2 2015 4 13 12 28 59.37 0.635978 0.237606 0.0720575 45
4.09384 4.49828 6 1.19 2015 1 3 23 41 1.36 0.635978 0.237606 0.0720575 45
4.1316 4.36396 5.71 1.18 2014 10 28 16 3 0.53 0.635978 0.237606 0.0720575 45
4.37289 4.39654 5.97 1.18 2015 4 12 2 18 59.51 0.635978 0.237606 0.0720575 45
4.11201 4.36073 5.67 1.17 2014 10 28 3 52 50.29 0.635978 0.237606 0.0720575 45
4.11343 4.36262 5.92 1.16 2015 2 13 14 27 18.06 0.635978 0.237606 0.0720575 45
4.21707 4.29702 5.73 1.15 2014 12 15 6 1 5.93 0.635978 0.237606 0.0720575 45
3.96857 4.32226 5.67 1.14 2014 11 14 19 35 18.56 0.635978 0.237606 0.0720575 45
4.08227 4.25487 5.65 1.11 2014 10 7 2 20 4.35 0.635978 0.237606 0.0720575 45
3.9504 4.41455 5.73 1.11 2015 8 31 19 48 37.6 0.635978 0.237606 0.0720575 45
4.18662 4.2522 5.9 1.08 2014 7 10 1 33 35.34 0.635978 0.237606 0.0720575 45
4.38224 4.27211 6.01 1.05 2015 4 12 1 6 51.86 0.635978 0.237606 0.0720575 45
4.09464 4.5531 5.76 1.04 2014 11 15 1 10 52.51 0.635978 0.237606 0.0720575 45
4.25616 4.42634 5.73 1.04 2014 11 15 9 21 11.36 0.635978 0.237606 0.0720575 45
4.46486 4.20239 6.02 1.03 2015 4 12 11 53 45.68 0.635978 0.237606 0.0720575 45
4.06197 4.2531 5.75 1 2014 10 6 23 19 59.06 0.635978 0.237606 0.0720575 45
4.24458 4.29012 5.8 1 2015 9 13 10 23 51.37 0.635978 0.237606 0.0720575 45
4.11201 4.48382 6.09 0.99 2015 1 8 0 55 7.5 0.635978 0.237606 0.0720575 45
4.2656 4.41599 5.99 0.99 2015 4 12 11 6 21.97 0.635978 0.237606 0.0720575 45
4.48953 4.35584 5.79 0.98 2015 2 8 5 8 45.75 0.635978 0.237606 0.0720575 45
4.37645 4.40143 5.93 0.97 2015 4 11 0 41 58.9 0.635978 0.237606 0.0720575 45
4.31635 4.277 5.74 0.95 2014 12 14 13 53 57.11 0.635978 0.237606 0.0720575 45
4.28447 4.41866 5.77 0.92 2014 12 15 3 13 11.2 0.635978 0.237606 0.0720575 45
3.95771 4.4141 5.77 0.87 2015 2 4 6 22 51.71 0.635978 0.237606 0.0720575 45
3.98878 4.32593 5.69 0.83 2014 11 14 17 47 17.4 0.635978 0.237606 0.0720575 45
4.07506 4.54042 6.03 0.81 2014 9 24 5 44 16.56 0.635978 0.237606 0.0720575 45
4.38731 4.38297 5.76 0.8 2014 12 17 3 59 44.57 0.635978 0.237606 0.0720575 45
4.23087 4.43134 5.86 0.79 2014 11 27 19 42 34.18 0.635978 0.237606 0.0720575 45
4.5076 4.36307 6.01 0.77 2015 4 11 22 1 30.24 0.635978 0.237606 0.0720575 45
4.12652 4.48015 6.08 0.76 2015 1 4 20 56 39.28 0.635978 0.237606 0.0720575 45
4.47795 4.34216 5.83 0.73 2015 4 11 6 12 56.41 0.635978 0.237606 0.0720575 45
4.15982 4.38975 6.06 0.71 2015 10 26 13 26 22.73 0.635978 0.237606 0.0720575 45
4.05476 4.56844 5.7 0.7 2014 11 15 1 27 35.12 0.635978 0.237606 0.0720575 45
4.40832 4.09876 5.69 0.7 2014 12 10 2 5 13.21 0.635978 0.237606 0.0720575 45
3.98228 4.52274 5.64 0.69 2014 11 14 9 17 1.19 0.635978 0.237606 0.0720575 45
4.17433 4.24353 5.89 0.68 2014 7 20 21 20 36.86 0.635978 0.237606 0.0720575 45
3.97578 4.19828 5.51 0.65 2014 10 7 2 49 34.82 0.635978 0.237606 0.0720575 45
3.99385 4.41733 5.87 0.62 2014 11 14 19 5 16.08 0.635978 0.237606 0.0720575 45
4.37502 4.43356 5.83 0.58 2014 12 14 11 9 2 0.635978 0.237606 0.0720575 45
4.2323 4.43223 5.82 0.55 2014 12 15 12 16 31.48 0.635978 0.237606 0.0720575 45
4.05039 4.26488 5.7 0.53 2014 10 7 2 49 9.87 0.635978 0.237606 0.0720575 45
4.09464 4.55666 5.77 0.5 2015 4 23 17 2 27.44 0.635978 0.237606 0.0720575 45
4.12794 4.52452 6.13 0.49 2015 8 14 18 48 48.12 0.635978 0.237606 0.0720575 45
4.10836 4.24809 5.8 0.47 2014 10 7 0 39 34.45 0.635978 0.237606 0.0720575 45
4.08877 4.5571 5.7 0.47 2014 11 15 0 45 20.05 0.635978 0.237606 0.0720575 45
4.33594 4.36485 5.87 0.47 2015 4 11 3 1 51.46 0.635978 0.237606 0.0720575 45
3.9236 4.42723 5.72 0.38 2014 10 21 9 26 33.19 0.635978 0.237606 0.0720575 45
4.18448 4.35584 5.77 0.37 2015 4 12 11 8 10.24 0.635978 0.237606 0.0720575 45
4.02288 4.46937 5.84 0.36 2015 4 12 2 46 57.6 0.635978 0.237606 0.0720575 45
4.11566 4.21006 5.58 0.35 2014 12 23 6 13 6.96 0.635978 0.237606 0.0720575 45
4.51846 4.35395 5.83 0.34 2015 4 11 2 59 29.64 0.635978 0.237606 0.0720575 45
3.93812 4.45391 5.78 0.33 2014 11 2 23 26 43.72 0.635978 0.237606 0.0720575 45
4.09313 4.54042 5.92 0.32 2014 9 24 7 4 45.31 0.635978 0.237606 0.0720575 45
4.45106 4.37474 6.01 0.31 2015 4 12 1 9 6.25 0.635978 0.237606 0.0720575 45
4.52354 4.2621 5.86 0.3 2015 4 11 20 7 53.96 0.635978 0.237606 0.0720575 45
4.42506 4.38208 5.98 0.3 2015 4 11 23 58 44.32 0.635978 0.237606 0.0720575 45
4.26346 4.30958 5.83 0.3 2015 9 6 10 9 29.9 0.635978 0.237606 0.0720575 45
4.06491 4.26032 5.63 0.29 2014 10 6 23 22 12.3 0.635978 0.237606 0.0720575 45
4.34894 4.40287 5.97 0.29 2015 4 11 8 9 29 0.635978 0.237606 0.0720575 45
4.26631 4.31414 5.73 0.27 2015 9 27 23 40 23.1 0.635978 0.237606 0.0720575 45
4.17433 4.45981 5.78 0.26 2014 12 17 5 38 11.83 0.635978 0.237606 0.0720575 45
4.14753 4.24309 5.61 0.25 2015 3 28 19 8 41.44 0.635978 0.237606 0.0720575 45
4.39604 4.37841 5.79 0.17 2014 12 16 21 41 28.14 0.635978 0.237606 0.0720575 45
4.23301 4.44224 5.89 0.17 2014 12 19 7 26 51.32 0.635978 0.237606 0.0720575 45
4.53298 4.33727 5.83 0.17 2015 4 11 6 24 53.19 0.635978 0.237606 0.0720575 45
4.14531 4.26622 5.75 0.11 2014 10 5 7 41 34.16 0.635978 0.237606 0.0720575 45
4.53155 4.35762 6.04 0.05 2015 4 12 8 56 31.55 0.635978 0.237606 0.0720575 45
4.03953 4.27022 5.59 0.03 2014 10 7 3 50 14.7 0.635978 0.237606 0.0720575 45
6.70744 4.20283 6.44 2.1 2014 4 12 6 13 35.51 0.538413 0.978893 0.604438 46
6.64806 4.30958 6.15 1.44 2014 12 26 16 35 49.28 0.538413 0.978893 0.604438 46
6.62847 4.34361 6.2 1.15 2014 12 22 14 51 12.73 0.538413 0.978893 0.604438 46
6.65963 4.3336 6.13 1.01 2014 12 22 9 6 10.42 0.538413 0.978893 0.604438 46
6.65171 4.33227 6.19 0.99 2014 12 22 15 25 49.03 0.538413 0.978893 0.604438 46
6.54005 4.46303 5.97 0.92 2015 2 21 14 37 35.1 0.538413 0.978893 0.604438 46
6.61476 4.37474 6.13 0.89 2014 12 21 2 47 59.39 0.538413 0.978893 0.604438 46
6.60095 4.39064 6 0.89 2014 12 22 16 48 33.98 0.538413 0.978893 0.604438 46
6.67414 4.33093 6.11 0.82 2014 11 17 18 11 59.48 0.538413 0.978893 0.604438 46
6.6712 4.30869 6.11 0.82 2014 12 25 12 49 8.81 0.538413 0.978893 0.604438 46
6.63425 4.3485 6.08 0.81 2014 12 21 15 47 29.44 0.538413 0.978893 0.604438 46
6.66105 4.32548 6.08 0.72 2014 12 25 8 8 2.84 0.538413 0.978893 0.604438 46
6.69008 4.29969 6.13 0.66 2014 12 22 15 56 17.28 0.538413 0.978893 0.604438 46
6.62197 4.35851 6.06 0.65 2014 12 23 15 21 1.83 0.538413 0.978893 0.604438 46
6.82631 4.3535 6.11 0.65 2016 3 1 16 7 16.61 0.538413 0.978893 0.604438 46
6.69151 4.34494 5.97 0.63 2014 12 25 6 20 39.19 0.538413 0.978893 0.604438 46
6.56765 4.40921 6.05 0.61 2015 1 11 2 47 34.95 0.538413 0.978893 0.604438 46
6.64877 4.33727 6.08 0.59 2014 12 26 11 59 5.93 0.538413 0.978893 0.604438 46
6.90528 4.1667 6.29 0.53 2015 1 6 0 48 24.37 0.538413 0.978893 0.604438 46
6.71181 4.21195 6.28 0.5 2014 11 18 9 23 17.46 0.538413 0.978893 0.604438 46
6.61689 4.35895 6.11 0.49 2014 12 22 5 8 56.49 0.538413 0.978893 0.604438 46
6.69302 4.2531 6.32 0.49 2014 12 22 16 55 4.98 0.538413 0.978893 0.604438 46
6.68937 4.20417 6.31 0.46 2014 11 18 9 22 31.33 0.538413 0.978893 0.604438 46
6.64512 4.32048 6.12 0.46 2014 12 23 2 49 25.65 0.538413 0.978893 0.604438 46
6.59659 4.4856 5.85 0.46 2015 1 12 14 49 59.33 0.538413 0.978893 0.604438 46
6.6712 4.27389 6.26 0.45 2014 12 30 1 51 40.26 0.538413 0.978893 0.604438 46
6.64084 4.36073 6.07 0.44 2014 12 28 3 12 22.34 0.538413 0.978893 0.604438 46
6.8654 4.14724 6.31 0.43 2015 1 6 1 18 28.43 0.538413 0.978893 0.604438 46
6.68287 4.27978 6.17 0.36 2014 12 21 15 1 30.41 0.538413 0.978893 0.604438 46
6.66471 4.42589 5.85 0.34 2014 7 31 7 40 6 0.538413 0.978893 0.604438 46
6.61689 4.34405 6.17 0.28 2014 12 20 20 11 23.92 0.538413 0.978893 0.604438 46
6.67922 4.29112 6.19 0.24 2014 11 21 5 23 59.17 0.538413 0.978893 0.604438 46
6.68064 4.28434 6.16 0.21 2014 12 22 10 4 19.67 0.538413 0.978893 0.604438 46
6.71474 4.18971 6.27 0.17 2014 3 29 2 59 44.19 0.538413 0.978893 0.604438 46
6.63497 4.22096 6.44 0.15 2014 4 12 5 44 24.37 0.538413 0.978893 0.604438 46
11.7781 4.59102 6.6 1.45 2015 3 31 4 8 14.28 0.101363 0.751665 0.991003 47
11.8578 4.59146 6.61 1.3 2015 4 3 13 53 52.22 0.101363 0.751665 0.991003 47
11.8354 4.35984 6.69 1.16 2014 10 26 5 31 52.56 0.101363 0.751665 0.991003 47
11.8527 4.573 6.64 1.07 2015 4 28 17 18 25.48 0.101363 0.751665 0.991003 47
11.4904 4.06662 6.7 1.06 2015 4 29 21 6 5.12 0.101363 0.751665 0.991003 47
12.039 4.22507 6.78 1.05 2015 9 8 18 42 55.52 0.101363 0.751665 0.991003 47
12.5121 4.3843 6.76 1 2016 7 21 17 45 49.12 0.101363 0.751665 0.991003 47
11.8397 4.56522 6.66 0.84 2015 5 3 16 30 6.08 0.101363 0.751665 0.991003 47
12.2897 4.7091 6.83 0.76 2014 3 17 14 54 17.9 0.101363 0.751665 0.991003 47
12.2969 4.71277 6.84 0.74 2014 3 17 15 16 35.36 0.101363 0.751665 0.991003 47
11.8854 4.57067 6.66 0.73 2015 4 28 15 59 26.85 0.101363 0.751665 0.991003 47
11.8607 4.57567 6.63 0.71 2015 4 28 15 56 25.04 0.101363 0.751665 0.991003 47
11.9614 4.39376 6.77 0.68 2016 4 3 4 1 12.29 0.101363 0.751665 0.991003 47
11.8527 4.7567 6.85 0.65 2015 11 19 15 58 38.74 0.101363 0.751665 0.991003 47
12.2766 4.65896 6.85 0.62 2014 3 20 5 53 59.19 0.101363 0.751665 0.991003 47
11.5405 4.31592 6.74 0.47 2015 3 10 16 29 46.41 0.101363 0.751665 0.991003 47
12.0259 4.22863 6.77 0.43 2015 9 9 7 43 46.22 0.101363 0.751665 0.991003 47
12.2694 4.64583 6.84 0.35 2014 3 20 8 52 6 0.101363 0.751665 0.991003 47
11.8658 4.58968 6.64 0.34 2015 4 28 17 41 39.12 0.101363 0.751665 0.991003 47
11.7224 4.07663 6.95 0.24 2015 6 6 7 47 49.87 0.101363 0.751665 0.991003 47
11.4673 4.17114 6.97 0.08 2014 1 8 18 7 19.4 0.101363 0.751665 0.991003 47
11.718 4.14134 7.04 0.06 2015 9 8 8 55 48.44 0.101363 0.751665 0.991003 47
11.4296 4.12188 6.69 0.04 2015 5 27 12 8 50.03 0.101363 0.751665 0.991003 47
11.631 4.36896 6.91 0.03 2015 9 9 4 16 30.79 0.101363 0.751665 0.991003 47
11.6455 4.68431 6.64 -0.01 2015 3 31 9 53 33.34 0.101363 0.751665 0.991003 47
2.47657 4.73535 5.59 1.06 2015 3 19 14 45 0.58 0.884032 0.279748 0.423534 48
2.17082 4.6177 5.25 0.93 2014 11 21 18 13 2.6 0.884032 0.279748 0.423534 48
2.24187 4.54398 5.31 0.85 2014 11 23 3 42 39.53 0.884032 0.279748 0.423534 48
2.27731 4.52686 5.29 0.76 2014 11 28 16 44 19.13 0.884032 0.279748 0.423534 48
2.0824 4.63716 5.25 0.72 2014 12 3 9 37 0.27 0.884032 0.279748 0.423534 48
2.25051 4.53264 5.39 0.62 2014 12 12 9 27 23.65 0.884032 0.279748 0.423534 48
2.33892 4.45936 5.51 0.6 2014 12 5 2 51 11.58 0.884032 0.279748 0.423534 48
2.20919 4.55443 5.29 0.5 2014 11 22 22 21 31.76 0.884032 0.279748 0.423534 48
2.21142 4.72178 5.62 0.47 2015 8 14 13 56 17.78 0.884032 0.279748 0.423534 48
2.24979 4.54531 5.3 0.43 2014 11 24 4 21 50.4 0.884032 0.279748 0.423534 48
2.51503 4.73223 5.64 0.41 2015 8 16 0 38 35.31 0.884032 0.279748 0.423534 48
2.20919 4.55577 5.32 0.3 2014 11 22 23 44 0.44 0.884032 0.279748 0.423534 48
2.23314 4.54898 5.31 0.23 2014 11 23 3 42 31.43 0.884032 0.279748 0.423534 48
2.21934 4.54854 5.34 0.2 2014 11 23 3 43 45.74 0.884032 0.279748 0.423534 48
2.23528 4.55165 5.29 0.2 2014 11 24 4 22 7.22 0.884032 0.279748 0.423534 48
2.23679 4.57612 5.29 0.15 2015 12 2 7 41 16.15 0.884032 0.279748 0.423534 48
2.23822 4.58423 5.35 -0.02 2014 11 23 13 39 9.76 0.884032 0.279748 0.423534 48
2.24543 4.55265 5.28 -0.03 2014 11 24 4 30 23.69 0.884032 0.279748 0.423534 48
7.43933 3.96532 5.29 2.99 2016 11 22 17 7 30.88 0.20324 0.455974 0.412055 49
7.4915 3.94675 5.3 2.67 2016 12 14 4 45 48.52 0.20324 0.455974 0.412055 49
7.43354 3.95987 5.22 2.07 2016 9 17 3 19 7.56 0.20324 0.455974 0.412055 49
7.00964 3.92863 4.96 2.05 2015 3 17 19 17 25.6 0.20324 0.455974 0.412055 49
7.41538 3.9621 5.19 1.58 2016 7 10 18 41 41.2 0.20324 0.455974 0.412055 49
7.45812 4.08019 5.17 1.51 2015 8 19 22 34 44.72 0.20324 0.455974 0.412055 49
7.31539 3.99112 5.26 1.36 2015 8 21 2 28 56.28 0.20324 0.455974 0.412055 49
7.11612 3.95765 5.06 1.2 2015 3 10 19 14 2.32 0.20324 0.455974 0.412055 49
7.44583 4.07885 5.2 0.94 2015 8 19 22 19 49.9 0.20324 0.455974 0.412055 49
6.98862 3.94042 4.89 0.76 2015 3 13 2 43 20.39 0.20324 0.455974 0.412055 49
7.34869 4.01914 5.2 0.75 2015 8 19 21 55 11.78 0.20324 0.455974 0.412055 49
7.13714 3.95087 5.11 0.59 2015 3 11 7 16 4.05 0.20324 0.455974 0.412055 49
7.4038 3.97522 5.27 0.58 2014 5 1 0 8 15.99 0.20324 0.455974 0.412055 49
6.87991 3.86892 4.98 0.53 2015 12 20 14 41 46.52 0.20324 0.455974 0.412055 49
6.93351 3.9065 5.04 0.48 2015 12 22 21 30 56 0.20324 0.455974 0.412055 49
6.92843 3.97978 5.04 0.47 2014 12 12 16 56 4.36 0.20324 0.455974 0.412055 49
7.03857 3.96799 4.94 0.47 2015 3 13 2 5 37.23 0.20324 0.455974 0.412055 49
7.03065 3.92907 5.01 0.43 2015 3 12 18 58 20.3 0.20324 0.455974 0.412055 49
7.03786 3.84857 5 0.39 2015 3 12 19 32 19.54 0.20324 0.455974 0.412055 49
6.9669 3.92229 4.94 0.12 2015 3 12 19 2 55.16 0.20324 0.455974 0.412055 49
11.2456 3.60694 5.54 2.32 2015 10 7 13 39 54.23 0.868622 0.719191 0.969371 50
11.3659 3.76083 5.6 2.2 2015 4 9 5 14 5.05 0.868622 0.719191 0.969371 50
11.0195 3.78207 5.99 2.03 2015 10 12 4 35 53.05 0.868622 0.719191 0.969371 50
11.4781 3.63774 5.8 1.95 2015 6 1 8 38 7.99 0.868622 0.719191 0.969371 50
10.2463 3.67166 5.85 1.94 2015 6 20 6 47 48.07 0.868622 0.719191 0.969371 50
11.5368 3.64408 5.69 1.92 2016 3 24 16 51 58.59 0.868622 0.719191 0.969371 50
11.4484 3.75805 5.62 1.86 2015 4 16 7 20 51.61 0.868622 0.719191 0.969371 50
10.2899 3.68934 5.9 1.78 2015 6 30 11 22 43.87 0.868622 0.719191 0.969371 50
11.3296 3.64363 5.77 1.68 2015 10 2 15 13 42.92 0.868622 0.719191 0.969371 50
11.2869 3.82455 5.49 1.68 2015 10 21 16 57 7.56 0.868622 0.719191 0.969371 50
11.0355 3.76306 6.08 1.58 2015 11 2 1 18 55.13 0.868622 0.719191 0.969371 50
11.0289 3.7178 5.58 1.53 2015 10 8 21 14 44.96 0.868622 0.719191 0.969371 50
11.3477 3.66621 5.76 1.51 2015 10 10 0 30 2.96 0.868622 0.719191 0.969371 50
11.5165 3.59515 5.77 1.5 2015 6 3 19 46 23.44 0.868622 0.719191 0.969371 50
11.3086 3.67255 5.73 1.46 2016 1 6 15 54 33.56 0.868622 0.719191 0.969371 50
10.9963 3.7943 6.01 1.42 2015 9 1 22 52 42.44 0.868622 0.719191 0.969371 50
11.1224 3.71691 5.58 1.41 2015 10 7 14 46 51.81 0.868622 0.719191 0.969371 50
11.0362 3.72648 5.56 1.35 2015 10 8 22 30 43.64 0.868622 0.719191 0.969371 50
11.4325 3.65765 5.73 1.34 2015 4 4 15 21 1.48 0.868622 0.719191 0.969371 50
11.1362 3.71146 5.61 1.33 2015 10 7 13 45 18.74 0.868622 0.719191 0.969371 50
11.3506 3.42147 5.68 1.33 2016 6 2 16 53 29.79 0.868622 0.719191 0.969371 50
10.9912 3.78708 5.99 1.32 2015 10 25 17 44 59.72 0.868622 0.719191 0.969371 50
11.2702 3.67255 5.84 1.3 2015 9 27 18 57 28.64 0.868622 0.719191 0.969371 50
10.9702 3.81643 5.85 1.29 2015 10 25 22 4 56.04 0.868622 0.719191 0.969371 50
11.368 3.68077 5.61 1.25 2015 3 31 12 47 49.21 0.868622 0.719191 0.969371 50
11.2615 3.678 5.68 1.23 2015 12 2 16 50 32.95 0.868622 0.719191 0.969371 50
11.3999 3.7178 5.66 1.16 2015 4 1 21 0 1.8 0.868622 0.719191 0.969371 50
11.1224 3.69067 5.56 1.14 2015 10 7 14 27 38.67 0.868622 0.719191 0.969371 50
11.3941 3.74538 5.71 1.13 2015 4 11 5 58 14.51 0.868622 0.719191 0.969371 50
10.9593 3.78029 6.03 1.11 2015 11 19 2 45 6.41 0.868622 0.719191 0.969371 50
11.4042 3.67344 5.7 1.08 2015 4 2 11 9 3.61 0.868622 0.719191 0.969371 50
11.0006 3.76717 6.08 1.05 2015 9 2 23 56 52.98 0.868622 0.719191 0.969371 50
10.9796 3.80064 5.91 1.04 2015 10 26 13 14 24.93 0.868622 0.719191 0.969371 50
11.4107 3.69523 5.67 1.02 2015 4 3 23 56 54.76 0.868622 0.719191 0.969371 50
11.1108 3.71057 5.59 1.02 2015 10 7 14 34 0.95 0.868622 0.719191 0.969371 50
10.242 3.64953 5.82 1 2015 6 11 8 13 55.08 0.868622 0.719191 0.969371 50
11.4347 3.66943 5.7 0.97 2015 4 4 1 14 3.72 0.868622 0.719191 0.969371 50
10.3202 3.67255 5.78 0.97 2015 6 19 17 34 21.92 0.868622 0.719191 0.969371 50
10.4079 3.72192 5.88 0.93 2015 6 30 7 18 50.84 0.868622 0.719191 0.969371 50
11.2216 3.69968 5.62 0.93 2015 10 8 9 33 14.02 0.868622 0.719191 0.969371 50
10.4354 3.91017 5.95 0.9 2015 7 11 23 13 10.52 0.868622 0.719191 0.969371 50
10.1927 3.61739 5.77 0.85 2015 7 1 5 36 48.94 0.868622 0.719191 0.969371 50
11.0912 3.74449 6.05 0.82 2015 12 3 8 47 38.35 0.868622 0.719191 0.969371 50
10.4739 3.81009 5.49 0.81 2015 6 4 1 35 57.58 0.868622 0.719191 0.969371 50
10.9782 3.73092 5.55 0.81 2015 10 9 9 52 37.57 0.868622 0.719191 0.969371 50
10.2768 3.66087 5.75 0.79 2015 6 13 13 52 54.89 0.868622 0.719191 0.969371 50
10.8992 3.73415 5.58 0.79 2015 10 9 2 17 45.62 0.868622 0.719191 0.969371 50
11.5948 3.67755 5.48 0.78 2015 3 21 19 28 15.4 0.868622 0.719191 0.969371 50
10.3507 3.84267 5.53 0.72 2015 6 3 4 42 26.14 0.868622 0.719191 0.969371 50
11.4897 3.61873 5.78 0.72 2015 6 10 7 18 15.59 0.868622 0.719191 0.969371 50
11.5876 3.59571 5.79 0.7 2015 4 7 18 48 25.68 0.868622 0.719191 0.969371 50
11.3223 3.81921 5.61 0.66 2015 7 10 18 32 22.28 0.868622 0.719191 0.969371 50
11.2557 3.70023 5.6 0.62 2015 6 6 3 25 46.94 0.868622 0.719191 0.969371 50
10.3246 3.70379 5.75 0.62 2015 6 19 18 3 17.84 0.868622 0.719191 0.969371 50
10.2768 3.6622 5.86 0.61 2015 6 19 17 35 16.12 0.868622 0.719191 0.969371 50
11.4013 3.70602 5.65 0.55 2015 4 1 14 22 46.57 0.868622 0.719191 0.969371 50
10.5166 3.68889 5.75 0.51 2014 12 8 6 19 14.58 0.868622 0.719191 0.969371 50
11.0637 3.73181 6.07 0.48 2015 9 3 4 48 15.48 0.868622 0.719191 0.969371 50
11.0731 3.7436 6.06 0.47 2015 11 26 11 41 51.58 0.868622 0.719191 0.969371 50
10.0391 3.64541 5.86 0.45 2015 8 21 2 12 16.81 0.868622 0.719191 0.969371 50
10.4231 3.81143 5.57 0.41 2015 6 1 10 49 45.1 0.868622 0.719191 0.969371 50
11.105 3.74093 6.1 0.38 2015 8 25 0 49 11.7 0.868622 0.719191 0.969371 50
10.2775 3.73904 5.78 0.35 2015 5 31 5 35 34.92 0.868622 0.719191 0.969371 50
10.2883 3.66899 5.85 0.35 2015 8 21 1 31 29.88 0.868622 0.719191 0.969371 50
11.168 3.70468 5.61 0.32 2015 6 6 1 10 2.22 0.868622 0.719191 0.969371 50
10.2065 3.59249 5.63 0.3 2015 7 19 18 34 50.42 0.868622 0.719191 0.969371 50
11.1246 3.70513 5.94 0.3 2016 2 14 11 44 26.4 0.868622 0.719191 0.969371 50
10.6825 4.02503 5.68 0.29 2015 8 22 1 42 14.57 0.868622 0.719191 0.969371 50
10.4492 3.81098 5.48 0.21 2015 6 4 1 24 36.64 0.868622 0.719191 0.969371 50
10.4514 3.86669 5.59 0.21 2015 8 2 0 5 8.55 0.868622 0.719191 0.969371 50
10.5927 4.04138 5.82 0.18 2015 8 4 9 42 42.9 0.868622 0.719191 0.969371 50
10.3601 3.65086 5.83 0.18 2015 8 21 3 38 0.99 0.868622 0.719191 0.969371 50
10.9731 3.73092 5.57 0.17 2015 10 8 11 6 27.49 0.868622 0.719191 0.969371 50
11.5753 3.66621 5.7 0.16 2015 6 4 3 22 57.65 0.868622 0.719191 0.969371 50
11.2223 3.68255 5.7 0.13 2015 7 20 5 13 21.35 0.868622 0.719191 0.969371 50
10.7427 3.88337 5.85 0.11 2015 8 4 10 52 42.21 0.868622 0.719191 0.969371 50
11.4673 3.62918 5.77 0.05 2015 4 29 9 23 16.67 0.868622 0.719191 0.969371 50
11.2166 3.87659 5.58 0.02 2015 9 12 9 7 54.52 0.868622 0.719191 0.969371 50
11.255 3.74771 5.53 0 2015 6 15 11 10 30.74 0.868622 0.719191 0.969371 50
13.17 3.32106 6.04 1.63 2014 10 4 21 32 8.96 0.0296852 0.576469 0.724254 51
13.2961 3.20252 6.3 1.6 2014 10 25 7 21 48.49 0.0296852 0.576469 0.724254 51
13.4708 3.2341 6.26 1.51 2015 2 10 4 32 40.39 0.0296852 0.576469 0.724254 51
13.0367 3.41246 6.04 1.49 2014 10 4 20 12 1.34 0.0296852 0.576469 0.724254 51
13.4628 3.25768 6.25 1.43 2015 2 4 14 18 5.59 0.0296852 0.576469 0.724254 51
13.2773 3.20831 6.3 1.4 2014 10 25 12 57 52.51 0.0296852 0.576469 0.724254 51
13.3266 3.1894 6.29 1.38 2014 10 24 19 25 3.66 0.0296852 0.576469 0.724254 51
13.3599 3.34319 6.06 1.32 2015 2 19 10 56 2.69 0.0296852 0.576469 0.724254 51
13.3476 3.34541 6.07 1.11 2015 2 20 6 43 33.87 0.0296852 0.576469 0.724254 51
13.8142 3.2351 5.97 1.09 2014 6 28 21 33 41 0.0296852 0.576469 0.724254 51
13.2838 3.21743 6.29 1.06 2014 10 22 0 26 18.75 0.0296852 0.576469 0.724254 51
13.2157 3.20886 6.31 1.03 2015 2 25 15 56 59.17 0.0296852 0.576469 0.724254 51
13.2889 3.21331 6.3 0.97 2014 10 23 14 59 1.97 0.0296852 0.576469 0.724254 51
13.3635 3.29837 6.32 0.92 2014 10 16 4 47 41.64 0.0296852 0.576469 0.724254 51
13.2106 3.22643 6.33 0.89 2015 3 27 23 57 33.34 0.0296852 0.576469 0.724254 51
13.4787 3.26268 6.23 0.87 2015 2 18 23 21 46.16 0.0296852 0.576469 0.724254 51
13.5954 3.34686 5.9 0.77 2013 10 14 11 14 51.86 0.0296852 0.576469 0.724254 51
13.4896 3.2301 6.24 0.77 2015 2 10 11 31 48.18 0.0296852 0.576469 0.724254 51
13.5505 3.36353 5.89 0.76 2013 10 8 2 43 51.55 0.0296852 0.576469 0.724254 51
13.3918 3.29337 6.16 0.66 2015 1 28 10 34 24.85 0.0296852 0.576469 0.724254 51
13.554 3.33863 5.89 0.6 2013 10 7 16 41 7.57 0.0296852 0.576469 0.724254 51
13.4759 3.28392 5.84 0.6 2015 2 5 10 12 35.12 0.0296852 0.576469 0.724254 51
13.5461 3.35275 5.89 0.59 2013 10 7 16 38 37.18 0.0296852 0.576469 0.724254 51
13.4251 3.38844 5.81 0.55 2013 9 6 12 34 43.48 0.0296852 0.576469 0.724254 51
13.2577 3.20831 6.3 0.4 2014 11 14 12 56 33.71 0.0296852 0.576469 0.724254 51
13.7004 3.20019 6.09 0.13 2014 2 16 13 49 45.49 0.0296852 0.576469 0.724254 51
3.8627 4.6942 4.64 1.63 2015 12 16 10 6 49.27 0.152177 0.864052 0.122402 52
3.71348 4.61459 4.61 1.43 2015 9 16 21 53 49.98 0.152177 0.864052 0.122402 52
3.83519 4.67297 4.68 1.36 2015 9 17 13 4 32.57 0.152177 0.864052 0.122402 52
4.02796 4.48516 4.83 1.33 2014 9 28 17 43 56.76 0.152177 0.864052 0.122402 52
3.92725 4.56166 4.62 1.32 2015 7 25 15 33 57.72 0.152177 0.864052 0.122402 52
3.85113 4.53542 4.62 1.27 2015 7 25 20 9 12.56 0.152177 0.864052 0.122402 52
4.01487 4.4915 4.42 1.23 2014 9 23 5 12 23.23 0.152177 0.864052 0.122402 52
4.03739 4.60647 4.75 1.22 2015 4 20 22 20 27.06 0.152177 0.864052 0.122402 52
3.9439 4.58023 4.46 1.19 2015 9 16 8 31 12.97 0.152177 0.864052 0.122402 52
3.69104 4.3992 4.64 1.15 2015 9 15 4 33 6.98 0.152177 0.864052 0.122402 52
3.8156 4.58112 4.24 1.14 2015 12 18 14 7 45.45 0.152177 0.864052 0.122402 52
3.92725 4.57567 4.48 1.1 2015 12 30 18 57 15.32 0.152177 0.864052 0.122402 52
4.02146 4.58879 4.86 1.09 2015 8 2 8 1 25.62 0.152177 0.864052 0.122402 52
3.97792 4.60236 4.61 1.07 2014 12 27 16 38 17.5 0.152177 0.864052 0.122402 52
4.05476 4.62727 4.65 1.04 2015 4 20 22 54 47.78 0.152177 0.864052 0.122402 52
3.86707 4.62549 4.57 1.03 2015 12 18 10 14 37.34 0.152177 0.864052 0.122402 52
3.87793 4.54042 4.52 1.01 2015 9 14 9 48 4.96 0.152177 0.864052 0.122402 52
3.90695 4.56522 4.52 0.91 2015 9 16 14 33 49.32 0.152177 0.864052 0.122402 52
3.90045 4.48249 4.62 0.88 2015 9 15 2 54 48.33 0.152177 0.864052 0.122402 52
4.02074 4.48071 4.48 0.84 2014 9 22 22 35 38.76 0.152177 0.864052 0.122402 52
4.04826 4.50106 4.49 0.82 2014 9 22 22 54 20.18 0.152177 0.864052 0.122402 52
3.92574 4.58379 4.79 0.81 2015 9 15 2 53 44.54 0.152177 0.864052 0.122402 52
3.86707 4.5422 4.54 0.81 2015 9 15 18 41 53.72 0.152177 0.864052 0.122402 52
4.00837 4.58879 4.84 0.8 2014 11 27 7 41 16.77 0.152177 0.864052 0.122402 52
4.02653 4.59691 4.79 0.8 2014 12 26 17 20 59.52 0.152177 0.864052 0.122402 52
3.86493 4.50595 4.68 0.8 2015 4 20 22 17 49.36 0.152177 0.864052 0.122402 52
4.03953 4.49283 4.49 0.78 2014 9 22 22 46 53.76 0.152177 0.864052 0.122402 52
3.95477 4.44902 4.52 0.77 2014 9 28 21 22 4.26 0.152177 0.864052 0.122402 52
3.91132 4.55844 4.46 0.76 2015 9 12 7 23 16.65 0.152177 0.864052 0.122402 52
3.85184 4.55844 4.44 0.76 2015 9 14 9 20 18.61 0.152177 0.864052 0.122402 52
3.97792 4.44535 4.54 0.73 2014 9 16 4 25 31.29 0.152177 0.864052 0.122402 52
4.00329 4.57523 4.79 0.73 2015 4 20 12 34 4 0.152177 0.864052 0.122402 52
3.84249 4.66073 4.79 0.73 2015 4 20 19 1 14.4 0.152177 0.864052 0.122402 52
3.9171 4.56933 4.5 0.72 2015 7 25 12 35 57.87 0.152177 0.864052 0.122402 52
4.00044 4.58156 4.79 0.69 2014 12 26 2 19 6.59 0.152177 0.864052 0.122402 52
3.87793 4.35528 4.69 0.68 2014 10 3 10 2 55.06 0.152177 0.864052 0.122402 52
3.86858 4.54309 4.51 0.61 2015 9 15 8 9 6.8 0.152177 0.864052 0.122402 52
3.99608 4.58968 4.63 0.55 2014 12 26 19 23 42.96 0.152177 0.864052 0.122402 52
4.01416 4.5988 4.73 0.5 2014 12 26 2 42 2.3 0.152177 0.864052 0.122402 52
3.75337 4.69921 4.7 0.47 2015 6 15 17 7 8.04 0.152177 0.864052 0.122402 52
3.99537 4.4707 4.45 0.46 2014 9 23 6 21 1.19 0.152177 0.864052 0.122402 52
3.91639 4.56033 4.47 0.44 2015 9 12 4 35 34.94 0.152177 0.864052 0.122402 52
3.94533 4.58512 4.49 0.44 2015 12 30 19 0 6.66 0.152177 0.864052 0.122402 52
3.98807 4.56844 4.82 0.42 2014 11 22 15 44 39.41 0.152177 0.864052 0.122402 52
3.89823 4.5481 4.82 0.42 2014 12 29 1 40 26.05 0.152177 0.864052 0.122402 52
3.89102 4.54943 4.83 0.42 2014 12 29 1 54 20.47 0.152177 0.864052 0.122402 52
3.91924 4.55076 4.81 0.41 2014 12 26 1 50 55.6 0.152177 0.864052 0.122402 52
3.86707 4.54309 4.82 0.4 2014 12 28 7 44 42.49 0.152177 0.864052 0.122402 52
3.95334 4.56577 4.82 0.37 2014 12 26 12 26 54.91 0.152177 0.864052 0.122402 52
3.94756 4.56122 4.84 0.35 2014 12 26 8 49 40.17 0.152177 0.864052 0.122402 52
4.03161 4.48015 4.53 0.31 2014 9 17 0 25 49.36 0.152177 0.864052 0.122402 52
4.01273 4.47793 4.47 0.23 2014 9 23 0 54 10.85 0.152177 0.864052 0.122402 52
4.02653 4.59146 4.88 0.17 2014 12 26 9 32 11.55 0.152177 0.864052 0.122402 52
3.99679 4.59102 4.87 0.16 2014 11 27 23 12 38.8 0.152177 0.864052 0.122402 52
3.84757 4.53453 4.79 0.15 2014 12 26 10 19 15.66 0.152177 0.864052 0.122402 52
4.02359 4.49194 4.58 0.1 2014 9 21 5 16 43.06 0.152177 0.864052 0.122402 52
3.92654 4.57434 4.47 0.09 2015 9 12 8 13 17.35 0.152177 0.864052 0.122402 52
4.02217 4.59246 4.8 0.04 2014 11 27 18 41 37.32 0.152177 0.864052 0.122402 52
18.406 5.9973 7.71 2.8 2014 5 27 17 56 32.36 0.829834 0.886672 0.0242319 53
18.6784 6.00041 7.77 2.38 2014 8 17 22 22 22.68 0.829834 0.886672 0.0242319 53
18.7341 5.97506 7.78 2.13 2014 8 17 23 13 6.96 0.829834 0.886672 0.0242319 53
18.9595 6.32488 7.76 2.01 2015 3 18 1 10 1.4 0.829834 0.886672 0.0242319 53
18.6566 6.02221 7.77 1.98 2014 8 17 17 24 23.56 0.829834 0.886672 0.0242319 53
18.7298 5.97106 7.79 1.86 2013 11 25 7 24 9.84 0.829834 0.886672 0.0242319 53
18.8646 5.92802 7.88 1.83 2013 11 26 4 20 6.02 0.829834 0.886672 0.0242319 53
18.6791 5.99774 7.79 1.79 2013 11 4 17 59 29.96 0.829834 0.886672 0.0242319 53
18.6958 6.0063 7.78 1.76 2013 12 1 17 34 15.68 0.829834 0.886672 0.0242319 53
18.8877 5.90267 7.79 1.72 2013 11 26 6 17 50.76 0.829834 0.886672 0.0242319 53
18.6769 6.05746 7.77 1.71 2014 8 18 16 36 36.94 0.829834 0.886672 0.0242319 53
18.5856 6.0887 7.76 1.63 2014 8 17 20 17 41.3 0.829834 0.886672 0.0242319 53
19.6486 6.35612 7.76 1.52 2014 8 21 7 37 47.21 0.829834 0.886672 0.0242319 53
19.7653 6.49178 7.71 1.5 2014 8 1 5 2 24.73 0.829834 0.886672 0.0242319 53
18.7146 6.05067 7.9 1.47 2014 8 19 10 38 15.82 0.829834 0.886672 0.0242319 53
18.9624 6.33477 7.77 1.46 2015 3 7 17 35 14 0.829834 0.886672 0.0242319 53
19.1609 5.89867 7.72 1.44 2014 9 6 4 29 45.98 0.829834 0.886672 0.0242319 53
18.4088 5.99685 7.71 1.42 2014 3 11 12 40 2.02 0.829834 0.886672 0.0242319 53
18.8639 6.03711 7.84 1.42 2014 11 13 21 8 0.48 0.829834 0.886672 0.0242319 53
18.6885 6.02621 7.77 1.4 2014 8 17 23 10 29.54 0.829834 0.886672 0.0242319 53
19.0856 5.83128 7.84 1.39 2014 8 1 14 55 50.91 0.829834 0.886672 0.0242319 53
19.1001 5.9457 7.96 1.36 2014 7 3 22 18 19.2 0.829834 0.886672 0.0242319 53
19.3602 6.54427 7.85 1.33 2014 3 16 19 9 7.08 0.829834 0.886672 0.0242319 53
18.1465 5.82939 7.72 1.33 2015 4 4 10 4 25.77 0.829834 0.886672 0.0242319 53
18.3769 5.96149 7.74 1.27 2015 4 3 7 56 32.62 0.829834 0.886672 0.0242319 53
18.6943 6.03933 7.78 1.22 2013 11 25 14 56 11.86 0.829834 0.886672 0.0242319 53
18.974 6.33978 7.77 1.21 2015 3 7 10 0 0.14 0.829834 0.886672 0.0242319 53
18.4146 5.97962 7.74 1.2 2015 4 3 2 38 40.26 0.829834 0.886672 0.0242319 53
18.3175 5.91268 7.73 1.19 2014 7 4 18 37 54.78 0.829834 0.886672 0.0242319 53
18.2841 5.9059 7.72 1.18 2014 7 4 12 50 18.86 0.829834 0.886672 0.0242319 53
18.3153 5.91268 7.73 1.16 2014 6 6 22 29 53.08 0.829834 0.886672 0.0242319 53
18.3132 5.9407 7.73 1.16 2014 7 14 5 7 26.51 0.829834 0.886672 0.0242319 53
18.9211 6.30453 7.76 1.15 2015 3 7 14 35 34.43 0.829834 0.886672 0.0242319 53
19.4928 6.47733 7.86 1.09 2014 6 27 3 35 21.21 0.829834 0.886672 0.0242319 53
18.3436 5.96149 7.76 1.09 2015 4 2 8 28 29.08 0.829834 0.886672 0.0242319 53
18.2414 5.89055 7.72 1.09 2015 4 4 10 28 27.21 0.829834 0.886672 0.0242319 53
18.2661 5.93258 7.73 1.08 2014 7 2 20 27 52.1 0.829834 0.886672 0.0242319 53
18.2001 5.84796 7.72 1.06 2015 4 4 8 55 5.47 0.829834 0.886672 0.0242319 53
18.3979 5.98685 7.74 1.05 2015 4 3 3 5 28.89 0.829834 0.886672 0.0242319 53
18.4566 6.07469 7.75 1.04 2014 5 29 10 57 43.78 0.829834 0.886672 0.0242319 53
18.5067 6.0738 7.71 1.03 2014 6 9 23 10 27.04 0.829834 0.886672 0.0242319 53
19.1812 5.8801 7.86 1.01 2014 8 2 12 31 8.92 0.829834 0.886672 0.0242319 53
18.2407 5.88733 7.71 0.99 2014 7 3 7 16 47.65 0.829834 0.886672 0.0242319 53
19.0458 5.89589 7.75 0.96 2014 8 23 8 11 32.14 0.829834 0.886672 0.0242319 53
18.1589 5.8195 7.73 0.95 2014 1 5 13 36 39.56 0.829834 0.886672 0.0242319 53
18.2233 5.86698 7.72 0.94 2015 4 4 9 5 20.36 0.829834 0.886672 0.0242319 53
19.1363 6.4036 7.81 0.9 2014 8 10 14 35 17.94 0.829834 0.886672 0.0242319 53
18.5907 6.07914 7.76 0.9 2014 8 17 20 6 46.64 0.829834 0.886672 0.0242319 53
18.7422 6.02176 7.77 0.88 2014 8 17 23 2 47.8 0.829834 0.886672 0.0242319 53
18.7943 5.92358 7.88 0.88 2014 9 12 6 5 5.31 0.829834 0.886672 0.0242319 53
18.6277 6.04066 7.78 0.87 2013 11 25 23 57 46.1 0.829834 0.886672 0.0242319 53
18.2741 5.92536 7.72 0.87 2014 7 2 21 27 55.72 0.829834 0.886672 0.0242319 53
18.5002 6.31576 7.94 0.87 2014 10 11 17 10 57.16 0.829834 0.886672 0.0242319 53
18.2305 5.92669 7.73 0.85 2015 4 4 6 18 11.61 0.829834 0.886672 0.0242319 53
19.4312 6.33566 7.77 0.84 2015 3 2 5 52 1 0.829834 0.886672 0.0242319 53
18.0255 6.16832 7.74 0.79 2013 10 14 12 39 38.62 0.829834 0.886672 0.0242319 53
19.6957 6.50401 7.96 0.77 2014 3 15 9 49 31.26 0.829834 0.886672 0.0242319 53
18.4298 6.0122 7.69 0.77 2014 4 11 10 35 50.64 0.829834 0.886672 0.0242319 53
18.3386 5.9357 7.71 0.77 2014 4 25 9 13 50.74 0.829834 0.886672 0.0242319 53
18.7117 5.91679 7.73 0.75 2014 2 25 0 26 12.25 0.829834 0.886672 0.0242319 53
18.2501 6.07324 7.42 0.73 2014 3 5 7 15 28.8 0.829834 0.886672 0.0242319 53
18.8037 6.47377 7.77 0.71 2013 12 23 18 58 18.22 0.829834 0.886672 0.0242319 53
18.1414 5.82261 7.71 0.68 2014 1 4 9 19 23.81 0.829834 0.886672 0.0242319 53
18.7479 6.01542 7.7 0.67 2014 10 6 7 52 18.06 0.829834 0.886672 0.0242319 53
18.4704 6.09092 7.77 0.66 2013 11 6 8 0 31.04 0.829834 0.886672 0.0242319 53
18.1813 5.88777 7.71 0.58 2015 4 4 10 9 32.19 0.829834 0.886672 0.0242319 53
18.6407 6.02076 7.78 0.49 2013 11 25 8 43 58.84 0.829834 0.886672 0.0242319 53
18.3531 6.10004 7.69 0.36 2013 11 7 3 38 10.23 0.829834 0.886672 0.0242319 53
18.1943 5.86197 7.72 0.32 2014 1 9 3 38 20.57 0.829834 0.886672 0.0242319 53
18.7457 6.43841 7.66 0.11 2013 12 23 12 25 20.14 0.829834 0.886672 0.0242319 53
11.9383 4.84031 6.71 2.54 2014 11 4 18 49 10.64 0.760715 0.033072 0.822996 54
11.2927 4.35984 6.16 1.99 2014 11 4 3 28 55.45 0.760715 0.033072 0.822996 54
11.9977 4.79828 6.64 1.96 2017 2 26 19 37 5.18 0.760715 0.033072 0.822996 54
11.3209 4.42233 6.01 1.87 2017 12 13 15 46 20.4 0.760715 0.033072 0.822996 54
11.9926 4.87568 6.73 1.66 2014 11 11 15 58 1.94 0.760715 0.033072 0.822996 54
12.0477 4.93316 6.7 1.63 2014 11 4 23 57 19.16 0.760715 0.033072 0.822996 54
11.76 4.72767 6.62 1.59 2015 7 10 5 9 18.07 0.760715 0.033072 0.822996 54
11.7818 4.79461 6.77 1.57 2016 3 23 6 54 59.24 0.760715 0.033072 0.822996 54
11.7948 4.51007 6.26 1.55 2015 3 29 0 42 13.31 0.760715 0.033072 0.822996 54
12.3491 4.82041 6.83 1.48 2014 3 5 17 24 31.6 0.760715 0.033072 0.822996 54
11.5122 4.46214 6.08 1.42 2015 5 12 20 58 11 0.760715 0.033072 0.822996 54
12.3404 4.85888 6.82 1.35 2014 3 5 4 36 52.84 0.760715 0.033072 0.822996 54
12.0889 4.85488 6.66 1.34 2017 2 26 22 44 20.44 0.760715 0.033072 0.822996 54
12.0325 4.92182 6.7 1.32 2015 1 3 19 48 6.24 0.760715 0.033072 0.822996 54
11.8485 4.49517 6.25 1.31 2015 3 28 23 41 41.08 0.760715 0.033072 0.822996 54
11.8035 4.62449 6.43 1.22 2016 3 8 17 51 14.46 0.760715 0.033072 0.822996 54
11.9695 4.7865 6.63 1.16 2015 10 3 3 37 5.59 0.760715 0.033072 0.822996 54
11.4716 4.45169 6.03 1.15 2015 5 14 1 32 28.28 0.760715 0.033072 0.822996 54
11.8723 4.78516 6.68 1.11 2014 11 4 19 1 46.76 0.760715 0.033072 0.822996 54
12.4027 4.87879 6.83 1.09 2014 3 5 16 29 51.07 0.760715 0.033072 0.822996 54
12.3723 4.88835 6.83 1.03 2014 3 5 3 9 46.08 0.760715 0.033072 0.822996 54
11.9201 4.83631 6.69 1.03 2014 11 4 18 44 37.32 0.760715 0.033072 0.822996 54
11.4876 4.44624 6.11 1 2015 7 22 10 28 15.17 0.760715 0.033072 0.822996 54
11.8252 4.59013 6.2 0.98 2015 5 18 1 15 42.93 0.760715 0.033072 0.822996 54
11.3419 4.32771 6.28 0.94 2014 11 4 8 49 54.73 0.760715 0.033072 0.822996 54
12.3817 4.82953 6.83 0.87 2014 3 10 16 51 21.63 0.760715 0.033072 0.822996 54
11.9977 4.91181 6.78 0.82 2014 11 5 0 42 22.45 0.760715 0.033072 0.822996 54
10.9746 4.51685 6.22 0.77 2015 5 12 20 13 35.36 0.760715 0.033072 0.822996 54
12.3484 4.83498 6.82 0.73 2014 3 5 3 59 48.61 0.760715 0.033072 0.822996 54
11.2912 4.38153 6.04 0.71 2014 11 1 12 53 45.81 0.760715 0.033072 0.822996 54
11.86 4.78427 6.62 0.67 2014 11 4 20 51 53.4 0.760715 0.033072 0.822996 54
11.7955 4.90103 6.67 0.67 2015 7 15 18 12 32.18 0.760715 0.033072 0.822996 54
12.3375 4.81863 6.82 0.49 2014 3 5 5 49 15.43 0.760715 0.033072 0.822996 54
11.9527 4.84487 6.68 0.42 2014 5 6 2 52 33.7 0.760715 0.033072 0.822996 54
11.8274 4.62638 6.54 0.4 2015 3 29 10 58 45.43 0.760715 0.033072 0.822996 54
11.3977 4.46526 6.08 0.39 2015 5 14 0 25 5.26 0.760715 0.033072 0.822996 54
12.3687 4.83676 6.82 0.37 2014 3 5 3 58 32.2 0.760715 0.033072 0.822996 54
11.7282 4.65662 6.47 0.37 2015 8 16 14 33 20.05 0.760715 0.033072 0.822996 54
11.4927 4.67341 6.04 0.36 2015 3 27 21 42 48.6 0.760715 0.033072 0.822996 54
11.4789 4.44813 6.37 0.36 2016 1 23 22 3 50.98 0.760715 0.033072 0.822996 54
12.3897 4.88468 6.84 0.26 2014 3 4 3 43 22.66 0.760715 0.033072 0.822996 54
12.3302 4.80006 6.82 0.18 2014 3 5 9 14 57.6 0.760715 0.033072 0.822996 54
11.8122 4.71956 6.41 0.13 2015 7 9 6 18 28.28 0.760715 0.033072 0.822996 54
12.3853 4.84988 6.85 0.09 2014 3 5 0 33 37.83 0.760715 0.033072 0.822996 54
12.3041 4.85533 6.86 0.08 2015 2 2 13 7 7.48 0.760715 0.033072 0.822996 54
11.6745 4.80596 6.47 -0.09 2014 11 12 3 31 15.27 0.760715 0.033072 0.822996 54
12.3926 4.88602 6.83 -0.39 2014 3 4 2 17 35.23 0.760715 0.033072 0.822996 54
5.69812 3.3771 5.1 1.99 2014 11 22 22 0 16.24 0.362762 0.776821 0.0266856 55
5.72055 3.40423 5.1 1.89 2014 11 22 18 25 47.02 0.362762 0.776821 0.0266856 55
5.6836 3.36531 5.13 1.75 2014 11 22 18 55 57.92 0.362762 0.776821 0.0266856 55
5.12783 3.19797 5.1 1.68 2015 7 9 17 36 45.44 0.362762 0.776821 0.0266856 55
5.37135 3.41735 5.13 1.49 2013 10 28 16 2 20.51 0.362762 0.776821 0.0266856 55
5.38292 3.41246 5.09 1.34 2013 10 28 15 45 17.22 0.362762 0.776821 0.0266856 55
5.70248 3.37988 5.03 1.3 2014 11 23 6 15 49.01 0.362762 0.776821 0.0266856 55
6.04082 3.33963 5.03 1.28 2015 6 8 9 1 35.04 0.362762 0.776821 0.0266856 55
5.15615 3.2192 5.11 1.24 2015 7 15 2 57 46.6 0.362762 0.776821 0.0266856 55
5.10976 3.20252 5.11 1.15 2015 7 12 12 18 36.61 0.362762 0.776821 0.0266856 55
5.6909 3.37988 5.17 1.08 2014 11 22 18 26 54.5 0.362762 0.776821 0.0266856 55
5.69598 3.38522 5.08 1.07 2014 11 22 19 35 16.44 0.362762 0.776821 0.0266856 55
5.69954 3.41646 5.31 1.07 2014 12 3 3 54 31.05 0.362762 0.776821 0.0266856 55
5.78146 3.31783 5.08 0.99 2014 12 12 1 32 23.17 0.362762 0.776821 0.0266856 55
5.71619 3.42458 5.28 0.9 2014 12 16 9 39 58.86 0.362762 0.776821 0.0266856 55
5.02856 3.36765 5.44 0.9 2015 10 19 0 52 35.38 0.362762 0.776821 0.0266856 55
5.82277 3.30115 5.06 0.88 2014 12 12 22 38 27.58 0.362762 0.776821 0.0266856 55
6.03726 3.55001 4.99 0.81 2014 6 2 10 6 3.92 0.362762 0.776821 0.0266856 55
5.10103 3.29159 5.05 0.78 2015 7 10 2 22 40.39 0.362762 0.776821 0.0266856 55
6.21979 3.31339 5.23 0.66 2015 1 26 23 28 22.68 0.362762 0.776821 0.0266856 55
5.67417 3.37755 5.21 0.59 2014 11 23 12 58 43.11 0.362762 0.776821 0.0266856 55
4.94887 3.38844 5.37 0.59 2015 10 19 4 27 23.8 0.362762 0.776821 0.0266856 55
6.46686 3.4744 5.07 0.5 2014 3 10 6 38 14.75 0.362762 0.776821 0.0266856 55
5.71548 3.39156 5.14 0.48 2014 11 22 18 49 48.76 0.362762 0.776821 0.0266856 55
5.10468 3.65765 5.24 0.4 2014 11 17 8 39 26.97 0.362762 0.776821 0.0266856 55
5.12205 3.64408 5.32 0.38 2014 11 17 14 32 25.47 0.362762 0.776821 0.0266856 55
5.71699 3.393 5.12 0.38 2014 11 22 17 31 49.02 0.362762 0.776821 0.0266856 55
5.80318 3.31694 5.07 0.37 2014 12 12 1 49 52.74 0.362762 0.776821 0.0266856 55
5.67924 3.3572 4.96 0.28 2014 11 23 11 31 58.07 0.362762 0.776821 0.0266856 55
5.6771 3.39834 5.3 0.09 2014 11 28 23 41 17.24 0.362762 0.776821 0.0266856 55
4.99526 3.15271 5.23 0.04 2015 8 29 5 2 54.97 0.362762 0.776821 0.0266856 55
5.92926 3.60294 5.28 0.04 2015 12 29 0 40 28.41 0.362762 0.776821 0.0266856 55
5.76116 3.4645 5.35 -0.07 2015 5 7 20 43 35.04 0.362762 0.776821 0.0266856 55
5.12205 3.19886 5.1 -0.13 2015 7 11 4 48 19.71 0.362762 0.776821 0.0266856 55
3.34976 3.03918 4.62 1.68 2015 9 19 12 6 48.71 0.0438209 0.30584 0.89167 56
3.17079 2.64144 4.73 1.6 2015 6 20 11 17 32.48 0.0438209 0.30584 0.89167 56
4.05912 3.43681 4.95 1.43 2014 12 21 6 41 8.99 0.0438209 0.30584 0.89167 56
3.76779 3.33184 4.85 1.41 2014 11 17 0 59 8.19 0.0438209 0.30584 0.89167 56
4.08378 3.44093 5.01 1.37 2015 1 19 20 50 53.68 0.0438209 0.30584 0.89167 56
3.19252 3.07943 4.71 1.33 2015 9 21 22 14 35.6 0.0438209 0.30584 0.89167 56
4.08521 3.44993 4.97 1.3 2015 1 17 18 43 8.8 0.0438209 0.30584 0.89167 56
3.34976 3.04463 4.6 1.28 2015 7 5 20 45 38.18 0.0438209 0.30584 0.89167 56
3.42802 3.01561 4.59 1.25 2015 10 2 5 4 38.49 0.0438209 0.30584 0.89167 56
3.96127 3.40245 5.04 1.19 2015 5 30 1 46 30.3 0.0438209 0.30584 0.89167 56
4.05769 3.4287 4.94 1.18 2014 12 26 8 8 35.45 0.0438209 0.30584 0.89167 56
3.18094 3.1129 4.73 1.17 2015 9 19 17 47 16.2 0.0438209 0.30584 0.89167 56
3.96198 3.41646 4.99 1.15 2015 5 30 2 3 4.89 0.0438209 0.30584 0.89167 56
4.04826 3.43281 4.96 1.08 2015 1 2 16 37 16.24 0.0438209 0.30584 0.89167 56
4.09384 3.45038 5 1.06 2015 1 2 16 2 4.6 0.0438209 0.30584 0.89167 56
3.20481 3.13103 4.73 1.04 2015 9 18 17 7 17.24 0.0438209 0.30584 0.89167 56
3.23597 3.09889 4.7 1.02 2015 9 19 17 48 17.48 0.0438209 0.30584 0.89167 56
4.08592 3.44726 4.98 0.97 2014 12 22 22 51 35.26 0.0438209 0.30584 0.89167 56
3.94898 3.39934 4.92 0.89 2014 12 22 0 19 12.21 0.0438209 0.30584 0.89167 56
3.98664 3.39834 4.92 0.87 2015 5 30 1 39 31.64 0.0438209 0.30584 0.89167 56
3.4794 3.01739 4.85 0.82 2015 3 3 1 45 5.64 0.0438209 0.30584 0.89167 56
3.96421 3.40468 4.95 0.8 2014 12 21 15 58 46.02 0.0438209 0.30584 0.89167 56
3.49827 3.01783 5.02 0.77 2015 3 4 0 18 29.98 0.0438209 0.30584 0.89167 56
4.12073 3.44726 4.97 0.77 2015 5 30 1 19 28.15 0.0438209 0.30584 0.89167 56
4.17789 3.48396 5.01 0.75 2015 2 16 10 32 51.99 0.0438209 0.30584 0.89167 56
3.33525 3.06765 4.68 0.7 2015 9 19 16 13 51.29 0.0438209 0.30584 0.89167 56
3.93741 3.40201 4.95 0.56 2015 1 4 12 47 10.79 0.0438209 0.30584 0.89167 56
3.03528 2.7156 4.82 0.45 2015 7 8 23 56 56.22 0.0438209 0.30584 0.89167 56
3.36276 3.04229 4.81 0.44 2015 9 19 15 33 48.69 0.0438209 0.30584 0.89167 56
3.34175 3.02561 4.75 0.43 2015 10 3 21 19 54.2 0.0438209 0.30584 0.89167 56
3.06493 2.66312 4.55 0.41 2015 6 20 21 0 4.44 0.0438209 0.30584 0.89167 56
3.93447 3.4188 4.93 0.4 2014 12 15 6 41 17.88 0.0438209 0.30584 0.89167 56
3.29607 3.06264 4.64 0.4 2015 7 10 14 25 50.42 0.0438209 0.30584 0.89167 56
4.07648 3.42191 5 0.39 2015 5 30 16 14 22.25 0.0438209 0.30584 0.89167 56
3.41057 3.01928 4.61 0.39 2015 10 2 5 37 55.42 0.0438209 0.30584 0.89167 56
3.38671 2.93733 4.56 0.34 2015 9 19 21 36 12.24 0.0438209 0.30584 0.89167 56
3.14898 2.6242 4.64 0.24 2015 6 12 7 51 42.9 0.0438209 0.30584 0.89167 56
3.92725 3.39656 4.92 0.23 2014 12 25 11 58 21.28 0.0438209 0.30584 0.89167 56
3.91132 3.4079 4.92 0.17 2015 1 19 1 26 43.47 0.0438209 0.30584 0.89167 56
4.02573 3.42458 4.96 -0.01 2014 12 23 11 46 38.67 0.0438209 0.30584 0.89167 56
4.04754 3.4228 4.96 -0.25 2014 12 26 7 8 9.06 0.0438209 0.30584 0.89167 56
8.43993 4.38519 5.79 1.4 2015 12 18 18 6 40.72 0.17616 0.109911 0.674651 57
8.4182 4.33493 5.9 1.02 2015 12 23 1 37 44.5 0.17616 0.109911 0.674651 57
8.49139 4.40243 5.76 1.01 2015 12 20 1 54 52.83 0.17616 0.109911 0.674651 57
8.46753 4.40921 5.8 0.84 2015 12 6 20 15 11.7 0.17616 0.109911 0.674651 57
8.30157 4.33182 5.62 0.65 2014 8 21 7 19 55.38 0.17616 0.109911 0.674651 57
8.42764 4.36162 5.81 0.63 2015 12 23 1 38 39.53 0.17616 0.109911 0.674651 57
8.34217 4.31014 5.82 0.54 2014 11 7 11 36 23.79 0.17616 0.109911 0.674651 57
7.95957 4.05217 5.91 0.48 2016 1 8 20 38 14.16 0.17616 0.109911 0.674651 57
8.38856 4.35083 5.78 0.29 2016 1 5 6 55 18.76 0.17616 0.109911 0.674651 57
8.46388 4.40732 5.81 0.26 2015 12 6 20 50 43.72 0.17616 0.109911 0.674651 57
8.67258 4.32003 5.92 0.22 2015 12 8 10 40 12.61 0.17616 0.109911 0.674651 57
8.30807 4.22363 5.92 0.13 2015 8 16 0 49 30.93 0.17616 0.109911 0.674651 57
8.47839 4.40198 5.79 0.05 2015 12 7 0 25 42.97 0.17616 0.109911 0.674651 57
5.45754 5.28065 5.84 3 2014 6 30 1 30 44.53 0.277653 0.268353 0.039634 58
5.66482 5.16478 5.84 2.39 2014 6 26 14 29 56.84 0.277653 0.268353 0.039634 58
5.41845 5.30366 5.87 2.02 2014 6 27 18 56 37.4 0.277653 0.268353 0.039634 58
5.43145 5.26386 5.74 1.52 2014 6 29 7 57 52.53 0.277653 0.268353 0.039634 58
5.55397 5.2335 5.85 1.49 2014 7 1 0 7 38.19 0.277653 0.268353 0.039634 58
5.82562 5.09873 5.82 1.48 2014 7 19 21 29 30.9 0.277653 0.268353 0.039634 58
5.85322 5.5901 5.72 1.3 2015 8 4 11 20 44.41 0.277653 0.268353 0.039634 58
5.89444 5.06159 5.84 1.25 2014 7 16 8 20 41.8 0.277653 0.268353 0.039634 58
5.46484 5.29188 5.78 1.18 2014 6 28 19 30 51.64 0.277653 0.268353 0.039634 58
5.54453 5.22538 5.79 1.15 2014 7 1 0 9 59.51 0.277653 0.268353 0.039634 58
5.5626 5.22405 5.86 0.95 2014 6 25 21 54 47 0.277653 0.268353 0.039634 58
5.69812 5.1729 5.81 0.94 2014 6 24 1 58 2.97 0.277653 0.268353 0.039634 58
5.5228 5.23895 5.89 0.9 2014 7 12 4 10 0.85 0.277653 0.268353 0.039634 58
5.81769 5.11408 5.9 0.79 2014 7 6 6 4 50.34 0.277653 0.268353 0.039634 58
5.55397 5.21949 5.88 0.78 2014 6 27 8 54 15.22 0.277653 0.268353 0.039634 58
5.85322 5.11141 5.82 0.67 2014 7 6 6 54 24.73 0.277653 0.268353 0.039634 58
5.86043 5.58688 5.74 0.65 2015 8 4 11 17 56.69 0.277653 0.268353 0.039634 58
5.54809 5.21093 5.77 0.58 2014 10 9 12 41 37.87 0.277653 0.268353 0.039634 58
5.90753 5.05303 5.82 0.54 2014 7 22 11 10 57.24 0.277653 0.268353 0.039634 58
6.00823 4.98876 5.78 0.5 2014 8 18 4 28 2.41 0.277653 0.268353 0.039634 58
5.98357 5.01133 5.8 0.4 2014 9 13 21 7 54.64 0.277653 0.268353 0.039634 58
5.9054 5.03491 5.89 0.38 2014 8 1 4 47 49.37 0.277653 0.268353 0.039634 58
5.89017 5.05214 5.86 0.13 2014 12 4 11 43 44.28 0.277653 0.268353 0.039634 58
9.60365 3.04363 6.04 1.75 2015 11 15 21 44 15.64 0.375307 0.30426 0.157137 59
9.87539 2.76219 6.39 1.68 2016 2 24 9 27 52.04 0.375307 0.30426 0.157137 59
9.85794 2.803 6.3 1.67 2016 2 26 1 32 37.54 0.375307 0.30426 0.157137 59
9.63917 3.01249 6.04 1.6 2015 11 17 4 16 26.73 0.375307 0.30426 0.157137 59
9.56741 3.03373 6.07 1.6 2015 11 19 11 53 16.54 0.375307 0.30426 0.157137 59
9.65653 2.98847 6.17 1.58 2015 11 27 6 59 37.32 0.375307 0.30426 0.157137 59
9.87174 2.79889 6.35 1.53 2016 6 22 14 55 53.9 0.375307 0.30426 0.157137 59
9.51594 3.00071 6.03 1.5 2015 11 22 10 15 27.73 0.375307 0.30426 0.157137 59
9.98909 2.65545 6.22 1.41 2015 10 30 18 44 53.68 0.375307 0.30426 0.157137 59
9.88483 2.74863 6.38 1.41 2016 6 23 0 27 49.9 0.375307 0.30426 0.157137 59
9.97894 2.62787 6.26 1.34 2015 10 30 19 56 56.92 0.375307 0.30426 0.157137 59
9.70729 2.94644 6.22 1.29 2015 11 27 5 48 32.55 0.375307 0.30426 0.157137 59
9.72679 2.93466 6.26 1.28 2015 11 27 9 20 19.75 0.375307 0.30426 0.157137 59
9.82758 2.79844 6.38 1.25 2016 2 25 6 40 5.43 0.375307 0.30426 0.157137 59
9.54426 3.23599 6.39 1.23 2015 10 10 5 56 48 0.375307 0.30426 0.157137 59
9.9159 2.71071 6.18 1.23 2015 12 23 17 36 26.96 0.375307 0.30426 0.157137 59
9.91234 2.71204 6.16 1.23 2015 12 24 6 26 52.19 0.375307 0.30426 0.157137 59
9.9906 2.66356 6.29 1.1 2015 5 10 21 12 9.74 0.375307 0.30426 0.157137 59
9.52325 3.01205 6.03 1.08 2015 11 17 3 6 19.24 0.375307 0.30426 0.157137 59
9.6877 3.17628 6.36 1.07 2014 12 12 6 55 8.07 0.375307 0.30426 0.157137 59
9.52903 3.05775 6.08 1.06 2015 12 2 21 10 58.54 0.375307 0.30426 0.157137 59
9.63917 2.97847 6.2 0.98 2015 11 28 3 2 47.26 0.375307 0.30426 0.157137 59
9.82321 2.77443 6.37 0.97 2016 6 22 14 55 24.4 0.375307 0.30426 0.157137 59
9.72322 2.96635 6.16 0.93 2015 11 27 5 46 7.55 0.375307 0.30426 0.157137 59
9.66455 2.98759 6.28 0.89 2015 11 30 12 47 14.12 0.375307 0.30426 0.157137 59
9.98624 2.66045 6.17 0.87 2015 10 30 19 26 23.56 0.375307 0.30426 0.157137 59
9.69135 2.95323 6.25 0.87 2015 11 27 6 57 25.38 0.375307 0.30426 0.157137 59
9.62466 3.20252 6.41 0.75 2015 1 3 12 20 12.2 0.375307 0.30426 0.157137 59
9.98909 2.61842 6.27 0.73 2015 11 1 11 43 44.56 0.375307 0.30426 0.157137 59
9.66882 2.97991 6.07 0.66 2015 11 16 3 47 8.78 0.375307 0.30426 0.157137 59
9.82535 2.91153 6.5 0.61 2016 9 17 2 20 57.21 0.375307 0.30426 0.157137 59
9.52102 3.07398 6.16 0.58 2015 11 26 1 45 19.45 0.375307 0.30426 0.157137 59
9.90655 2.77587 6.39 0.55 2016 2 24 9 27 26.1 0.375307 0.30426 0.157137 59
10.0188 2.53736 6.24 0.45 2015 10 10 19 15 0.72 0.375307 0.30426 0.157137 59
9.81235 2.80389 6.34 0.43 2016 2 26 12 11 31.04 0.375307 0.30426 0.157137 59
9.93914 2.77854 6.12 0.42 2015 12 25 8 22 55.63 0.375307 0.30426 0.157137 59
9.97894 2.63599 6.19 0.39 2015 11 10 3 5 0.06 0.375307 0.30426 0.157137 59
9.7007 2.95367 6.17 0.37 2015 11 27 2 24 0.23 0.375307 0.30426 0.157137 59
9.64131 2.99793 6.21 0.37 2015 11 28 15 30 8.52 0.375307 0.30426 0.157137 59
9.53259 2.64688 5.93 0.3 2015 8 24 10 21 22.29 0.375307 0.30426 0.157137 59
10.2058 2.61475 6.16 0.26 2015 5 13 19 25 46.26 0.375307 0.30426 0.157137 59
9.85366 2.7831 6.41 0.26 2016 2 25 0 40 47.03 0.375307 0.30426 0.157137 59
9.56233 3.06542 6.09 0.19 2015 11 19 12 1 51.49 0.375307 0.30426 0.157137 59
9.63481 2.53647 6.21 0.15 2015 8 24 2 3 24.5 0.375307 0.30426 0.157137 59
9.74352 3.15493 6.27 0.15 2015 10 23 9 2 29.45 0.375307 0.30426 0.157137 59
10.0174 2.63877 6.28 0.1 2015 11 1 12 37 34.11 0.375307 0.30426 0.157137 59
9.65217 3.02016 6.1 0.09 2016 1 3 13 19 52.46 0.375307 0.30426 0.157137 59
9.99853 2.65089 6.27 -0.07 2015 5 19 4 26 30.49 0.375307 0.30426 0.157137 59
4.73438 5.80182 5.82 1.5 2014 9 20 4 16 53.57 0.414693 0.888758 0.843331 60
4.92349 5.79326 5.86 1.5 2014 11 10 10 54 9.22 0.414693 0.888758 0.843331 60
4.74168 5.81271 5.73 1.45 2014 9 21 11 58 58.93 0.414693 0.888758 0.843331 60
4.75112 5.71086 5.9 1.43 2014 4 29 23 55 1.22 0.414693 0.888758 0.843331 60
4.70758 5.81316 5.8 1.36 2014 9 20 3 29 56.33 0.414693 0.888758 0.843331 60
4.66707 5.83529 5.85 1.29 2014 9 20 3 34 14.39 0.414693 0.888758 0.843331 60
4.71559 5.81405 5.81 1.18 2014 10 5 22 24 10.7 0.414693 0.888758 0.843331 60
4.55835 6.23392 5.53 1.16 2014 2 13 20 50 45.2 0.414693 0.888758 0.843331 60
4.74604 5.79959 5.8 1.1 2014 9 20 8 24 30.74 0.414693 0.888758 0.843331 60
4.52861 6.24526 5.49 1.07 2014 2 13 2 22 39.69 0.414693 0.888758 0.843331 60
4.53734 6.2258 5.47 1.07 2014 2 13 2 27 49.53 0.414693 0.888758 0.843331 60
4.54526 6.26194 5.61 1.03 2014 2 20 14 36 38.09 0.414693 0.888758 0.843331 60
4.62575 5.86197 5.77 1.03 2014 9 19 12 18 9.52 0.414693 0.888758 0.843331 60
4.64748 5.84841 5.71 1.03 2014 10 1 10 43 50.14 0.414693 0.888758 0.843331 60
4.93222 5.68062 6.09 1.01 2015 4 20 6 18 18.08 0.414693 0.888758 0.843331 60
4.53805 5.90134 5.72 0.85 2014 9 19 15 27 20.42 0.414693 0.888758 0.843331 60
4.73295 5.80816 5.81 0.84 2014 9 20 4 51 5.73 0.414693 0.888758 0.843331 60
4.70473 5.82895 5.81 0.81 2014 9 19 14 15 42.17 0.414693 0.888758 0.843331 60
4.73518 5.81761 5.75 0.8 2014 9 20 5 39 48.34 0.414693 0.888758 0.843331 60
4.75183 5.81082 5.71 0.78 2014 9 21 11 58 29.32 0.414693 0.888758 0.843331 60
4.63225 5.8652 5.8 0.57 2014 6 23 20 5 10.12 0.414693 0.888758 0.843331 60
4.55185 6.21402 5.54 0.49 2014 2 13 2 28 13.42 0.414693 0.888758 0.843331 60
4.74889 5.81082 5.74 0.43 2014 9 20 4 55 14.53 0.414693 0.888758 0.843331 60
4.71123 5.82394 5.81 0.41 2014 9 20 9 56 45.03 0.414693 0.888758 0.843331 60
4.83517 5.83484 6.08 0.37 2014 10 27 22 0 15.92 0.414693 0.888758 0.843331 60
4.575 6.23937 5.45 0.35 2014 2 13 21 20 57 0.414693 0.888758 0.843331 60
4.52648 6.24204 5.47 0.3 2014 2 22 17 10 7.56 0.414693 0.888758 0.843331 60
4.53663 6.22625 5.55 0.28 2014 2 13 2 24 51.48 0.414693 0.888758 0.843331 60
4.88583 5.69863 6.07 0.27 2014 1 28 20 21 16.08 0.414693 0.888758 0.843331 60
4.48222 6.25972 5.48 0.21 2014 4 30 11 12 33.67 0.414693 0.888758 0.843331 60
4.89313 5.71675 5.72 0.21 2014 10 19 9 32 1.23 0.414693 0.888758 0.843331 60
4.56414 6.20768 5.52 0.15 2014 2 13 5 17 41.96 0.414693 0.888758 0.843331 60
4.7569 5.80904 6.01 0.01 2013 12 22 3 4 54.5 0.414693 0.888758 0.843331 60
4.78807 2.32698 3.87 3.11 2014 11 23 4 25 58.58 0.907305 0.856729 0.20448 61
3.97872 2.01074 3.72 2.54 2015 11 25 5 13 12.58 0.907305 0.856729 0.20448 61
3.90117 1.91711 3.87 2.21 2015 11 24 23 7 3.52 0.907305 0.856729 0.20448 61
5.23512 2.15229 4.1 2.2 2015 10 16 20 18 41.48 0.907305 0.856729 0.20448 61
4.67641 2.35233 3.89 2.14 2014 11 23 6 50 29.37 0.907305 0.856729 0.20448 61
4.98226 2.27816 4.01 2 2014 11 23 4 51 52.99 0.907305 0.856729 0.20448 61
5.45825 1.54828 4.47 1.89 2018 5 22 10 25 35.21 0.907305 0.856729 0.20448 61
3.93375 1.96003 3.81 1.77 2015 11 24 22 10 38.46 0.907305 0.856729 0.20448 61
3.9033 1.91756 3.88 1.71 2015 11 25 2 23 19.85 0.907305 0.856729 0.20448 61
4.59023 2.33376 3.7 1.68 2014 12 2 9 22 59.37 0.907305 0.856729 0.20448 61
3.89173 1.90755 3.89 1.63 2015 11 25 3 8 14.31 0.907305 0.856729 0.20448 61
5.20102 2.05644 4.26 1.58 2016 5 24 7 26 13.59 0.907305 0.856729 0.20448 61
4.54526 2.34188 3.71 1.54 2014 12 2 2 38 56.3 0.907305 0.856729 0.20448 61
5.19167 2.06778 4.39 1.46 2015 12 18 23 35 1.84 0.907305 0.856729 0.20448 61
3.93883 1.96682 3.8 1.43 2015 11 24 21 9 39.8 0.907305 0.856729 0.20448 61
3.93304 1.98583 3.97 1.41 2015 12 26 8 13 54.32 0.907305 0.856729 0.20448 61
5.33511 2.14784 4.15 1.4 2015 8 4 8 23 38.99 0.907305 0.856729 0.20448 61
3.98086 2.01385 3.75 1.34 2015 11 30 20 48 19.36 0.907305 0.856729 0.20448 61
3.93812 1.97593 3.76 1.32 2015 11 24 21 2 40.12 0.907305 0.856729 0.20448 61
4.62718 2.05277 4.06 1.3 2015 4 27 22 17 36.7 0.907305 0.856729 0.20448 61
3.91274 1.92968 3.85 1.28 2015 11 24 22 51 26.5 0.907305 0.856729 0.20448 61
5.07788 2.26404 3.9 1.19 2014 11 23 5 22 5.83 0.907305 0.856729 0.20448 61
3.81275 1.82026 3.94 1.14 2016 2 3 20 57 40.08 0.907305 0.856729 0.20448 61
4.99161 2.21745 4.27 1.06 2014 11 23 5 11 9.22 0.907305 0.856729 0.20448 61
3.9504 1.9478 3.9 1.06 2016 7 3 20 27 10.24 0.907305 0.856729 0.20448 61
3.93883 1.94602 3.87 1.04 2015 12 2 7 31 56.34 0.907305 0.856729 0.20448 61
5.22569 2.06 4.36 1.03 2016 5 24 2 44 25.96 0.907305 0.856729 0.20448 61
4.98511 2.29895 3.79 1.01 2014 11 23 4 38 54.27 0.907305 0.856729 0.20448 61
4.61631 1.98805 3.83 1 2014 12 2 8 4 33.25 0.907305 0.856729 0.20448 61
4.65905 2.04098 4.08 1 2015 4 29 18 10 43.16 0.907305 0.856729 0.20448 61
5.00033 2.22523 4.2 0.99 2014 11 23 11 37 10.33 0.907305 0.856729 0.20448 61
5.2402 2.05143 4.4 0.99 2015 5 31 11 22 47.78 0.907305 0.856729 0.20448 61
4.97718 2.29217 3.75 0.98 2014 11 22 16 57 39.61 0.907305 0.856729 0.20448 61
5.20396 2.05466 4.34 0.95 2015 12 9 12 27 44.36 0.907305 0.856729 0.20448 61
5.61843 2.04732 4.09 0.94 2016 7 17 6 0 20.85 0.907305 0.856729 0.20448 61
4.91557 2.3143 3.78 0.93 2014 11 22 10 18 19.83 0.907305 0.856729 0.20448 61
5.0185 2.24514 4.08 0.93 2014 11 23 9 18 57.9 0.907305 0.856729 0.20448 61
5.0851 2.24558 3.92 0.9 2014 11 23 5 21 53.8 0.907305 0.856729 0.20448 61
5.31481 2.14239 4.09 0.84 2015 7 26 15 22 58.36 0.907305 0.856729 0.20448 61
5.6097 2.03876 4.08 0.84 2016 6 12 5 4 21.68 0.907305 0.856729 0.20448 61
3.87437 1.89854 3.88 0.82 2015 11 25 2 31 49.57 0.907305 0.856729 0.20448 61
3.84392 1.89354 3.89 0.82 2016 3 30 21 46 10.68 0.907305 0.856729 0.20448 61
5.17787 2.07679 4.3 0.81 2016 5 24 7 35 26.86 0.907305 0.856729 0.20448 61
4.61124 2.07045 4.06 0.76 2015 5 31 3 9 1.04 0.907305 0.856729 0.20448 61
5.00256 2.28717 3.85 0.73 2014 11 23 4 48 44.27 0.907305 0.856729 0.20448 61
4.36345 2.36956 3.85 0.73 2014 12 3 15 28 23.16 0.907305 0.856729 0.20448 61
4.86126 2.31163 3.92 0.72 2014 11 23 5 27 17.35 0.907305 0.856729 0.20448 61
4.70758 2.07134 4.3 0.71 2015 4 25 20 18 25.12 0.907305 0.856729 0.20448 61
5.13148 2.18487 4.18 0.68 2015 10 17 0 4 22.62 0.907305 0.856729 0.20448 61
3.78666 1.79124 4 0.68 2016 3 31 2 18 12.54 0.907305 0.856729 0.20448 61
5.22426 2.05143 4.29 0.65 2016 5 24 3 18 2.55 0.907305 0.856729 0.20448 61
4.59094 2.36 3.87 0.52 2014 11 24 6 17 2.05 0.907305 0.856729 0.20448 61
4.97718 2.27583 3.71 0.5 2014 11 23 15 6 24.76 0.907305 0.856729 0.20448 61
4.86633 2.31519 3.91 0.48 2014 11 22 14 4 9.26 0.907305 0.856729 0.20448 61
4.64819 2.00306 3.81 0.41 2014 12 2 7 58 37.2 0.907305 0.856729 0.20448 61
4.97211 2.23602 4.2 0.38 2014 11 23 5 23 44.97 0.907305 0.856729 0.20448 61
5.00256 2.26682 3.94 0.38 2014 11 23 7 49 16.5 0.907305 0.856729 0.20448 61
4.346 2.37857 4.03 0.37 2014 11 25 1 0 58.08 0.907305 0.856729 0.20448 61
4.57723 2.09213 4.14 0.35 2015 7 16 9 14 5.57 0.907305 0.856729 0.20448 61
5.11848 2.19165 4.23 0.34 2014 11 24 11 46 3.26 0.907305 0.856729 0.20448 61
4.97282 2.28628 3.92 0.32 2014 11 23 18 11 1.84 0.907305 0.856729 0.20448 61
4.65976 2.365 3.96 0.31 2014 11 23 4 38 35.81 0.907305 0.856729 0.20448 61
4.98733 2.23835 4.17 0.31 2014 11 23 5 24 30.97 0.907305 0.856729 0.20448 61
4.89598 2.25726 4.2 0.3 2014 11 23 4 55 57.53 0.907305 0.856729 0.20448 61
4.80685 2.32342 3.85 0.29 2014 11 23 0 49 56.06 0.907305 0.856729 0.20448 61
4.57358 2.10259 4.17 0.29 2015 7 15 17 58 5.32 0.907305 0.856729 0.20448 61
4.80837 2.32698 3.85 0.26 2014 11 23 9 26 17.43 0.907305 0.856729 0.20448 61
5.17137 2.58584 3.88 0.25 2013 12 23 21 44 54.72 0.907305 0.856729 0.20448 61
4.94531 2.2478 4.19 0.22 2014 11 23 4 29 34.43 0.907305 0.856729 0.20448 61
4.33442 2.38402 3.93 0.22 2014 11 25 11 12 55.96 0.907305 0.856729 0.20448 61
4.84674 2.3143 3.92 0.16 2014 11 22 16 34 31.63 0.907305 0.856729 0.20448 61
4.63946 2.37268 3.98 0.14 2014 11 23 6 47 19.2 0.907305 0.856729 0.20448 61
4.57286 2.36367 3.88 0.14 2014 12 17 7 27 0.89 0.907305 0.856729 0.20448 61
4.79822 2.25414 4.2 0.12 2015 1 17 13 18 25.04 0.907305 0.856729 0.20448 61
4.96053 2.23602 4.24 0.11 2014 11 23 9 27 27.66 0.907305 0.856729 0.20448 61
5.2808 2.1564 4.16 0.1 2015 8 5 0 36 44.17 0.907305 0.856729 0.20448 61
5.14092 2.23146 4.15 0.09 2014 11 23 6 0 18.8 0.907305 0.856729 0.20448 61
5.13727 2.06956 4.24 0.09 2015 11 29 23 15 21.56 0.907305 0.856729 0.20448 61
4.86197 2.31297 3.75 0.04 2014 11 22 2 47 27.53 0.907305 0.856729 0.20448 61
5.025 2.21111 4.29 0.04 2014 11 23 15 38 33.97 0.907305 0.856729 0.20448 61
5.17716 2.5984 3.9 0 2014 1 3 6 47 13.78 0.907305 0.856729 0.20448 61
4.47866 2.35366 3.82 -0.05 2014 12 2 13 8 41.93 0.907305 0.856729 0.20448 61
4.5888 2.08224 4.15 -0.06 2015 4 18 15 41 55.06 0.907305 0.856729 0.20448 61
4.56921 2.09169 4.17 -0.07 2015 7 16 9 1 42.85 0.907305 0.856729 0.20448 61
5.06195 2.26137 3.88 -0.11 2014 11 23 4 13 55.68 0.907305 0.856729 0.20448 61
5.2061 2.05688 4.33 -0.11 2015 7 22 4 4 23.32 0.907305 0.856729 0.20448 61
4.62353 2.01029 3.82 -0.12 2014 12 2 8 1 51 0.907305 0.856729 0.20448 61
5.17645 2.58528 3.91 -0.16 2015 8 16 11 14 51.53 0.907305 0.856729 0.20448 61
5.6974 2.36411 4.33 -0.25 2015 6 8 14 45 57.73 0.907305 0.856729 0.20448 61
5.30974 2.52601 4.14 -0.28 2014 1 3 5 48 40.6 0.907305 0.856729 0.20448 61
5.267 2.07045 4.35 -0.3 2015 5 31 8 18 1.06 0.907305 0.856729 0.20448 61
16.0372 6.43207 6.74 2.34 2017 5 3 17 11 1.68 0.764438 0.948833 0.588334 62
16.0858 5.9407 6.55 1.62 2014 9 10 7 58 34.53 0.764438 0.948833 0.588334 62
15.8307 6.10816 6.64 1.57 2014 12 26 21 23 49.96 0.764438 0.948833 0.588334 62
16.0307 6.01765 6.57 1.56 2014 11 4 19 11 51.54 0.764438 0.948833 0.588334 62
16.2191 6.30764 7 1.53 2017 5 9 10 55 54.57 0.764438 0.948833 0.588334 62
16.2496 6.27195 6.75 1.45 2017 5 9 7 48 19.45 0.764438 0.948833 0.588334 62
15.4967 6.20001 6.61 1.42 2015 4 13 1 53 52.13 0.764438 0.948833 0.588334 62
16.0235 6.06468 6.63 1.29 2014 12 1 20 35 27.66 0.764438 0.948833 0.588334 62
16.0489 6.05156 6.64 1.28 2014 11 28 9 40 7.85 0.764438 0.948833 0.588334 62
15.9836 6.07691 6.64 1.24 2015 3 27 4 8 51.18 0.764438 0.948833 0.588334 62
16.0286 6.06012 6.68 1.18 2014 11 29 14 29 7.32 0.764438 0.948833 0.588334 62
16.1068 5.99596 6.58 1.12 2014 7 19 3 32 51.02 0.764438 0.948833 0.588334 62
15.9532 6.08459 6.65 1.12 2014 12 3 13 3 32.65 0.764438 0.948833 0.588334 62
16.301 5.8543 6.76 1.11 2014 11 29 14 28 39.51 0.764438 0.948833 0.588334 62
15.4525 6.13351 6.68 1.1 2015 12 17 17 40 8.48 0.764438 0.948833 0.588334 62
16.1104 6.03344 6.65 1.08 2014 12 8 13 27 4.15 0.764438 0.948833 0.588334 62
16.0517 6.05968 6.64 1.07 2014 11 27 9 31 44.03 0.764438 0.948833 0.588334 62
15.8184 6.10994 6.64 1.06 2014 12 27 1 41 18.88 0.764438 0.948833 0.588334 62
15.8771 6.07869 6.62 0.99 2014 12 17 6 11 49.8 0.764438 0.948833 0.588334 62
16.0641 6.05834 6.65 0.97 2014 11 4 10 7 17.72 0.764438 0.948833 0.588334 62
15.9626 6.07825 6.53 0.79 2015 3 27 0 47 36.64 0.764438 0.948833 0.588334 62
11.3854 4.44224 5.83 1.55 2014 7 25 7 55 40.11 0.902871 0.00302565 0.0868789 63
11.4093 4.46481 5.84 1.54 2014 7 25 15 51 43.49 0.902871 0.00302565 0.0868789 63
11.3181 4.40332 5.9 1.41 2017 12 15 12 8 55.23 0.902871 0.00302565 0.0868789 63
11.4803 4.55944 5.78 1.31 2014 7 30 2 24 32.81 0.902871 0.00302565 0.0868789 63
11.41 4.44902 5.82 1.22 2014 7 31 22 15 21.1 0.902871 0.00302565 0.0868789 63
11.2347 4.43857 5.81 1.08 2015 11 3 5 55 39.19 0.902871 0.00302565 0.0868789 63
11.3253 4.38786 5.8 0.93 2014 9 24 11 51 12.97 0.902871 0.00302565 0.0868789 63
11.4731 4.50829 5.86 0.92 2014 7 30 9 55 25.54 0.902871 0.00302565 0.0868789 63
11.5347 4.62993 5.94 0.87 2013 7 22 17 44 49.68 0.902871 0.00302565 0.0868789 63
11.5687 4.64128 5.94 0.66 2013 7 21 14 21 18.78 0.902871 0.00302565 0.0868789 63
11.3571 4.42089 5.81 0.52 2014 7 27 4 54 35.41 0.902871 0.00302565 0.0868789 63
11.4419 4.48838 5.85 0.5 2014 7 26 2 54 40.46 0.902871 0.00302565 0.0868789 63
11.3491 4.41277 5.81 0.46 2014 9 23 5 39 3.11 0.902871 0.00302565 0.0868789 63
11.5753 4.26388 5.76 0.2 2014 8 13 12 7 39.46 0.902871 0.00302565 0.0868789 63
11.4086 4.39198 5.8 0.16 2015 8 15 2 39 39.49 0.902871 0.00302565 0.0868789 63
6.76541 2.75641 4.43 1.2 2015 3 6 4 16 31.3 0.877009 0.285905 0.320603 64
6.77342 2.7464 4.46 1.14 2015 3 6 15 38 14.5 0.877009 0.285905 0.320603 64
6.77627 2.74551 4.33 1.06 2015 4 4 17 39 41.24 0.877009 0.285905 0.320603 64
6.73718 2.78121 4.3 1.03 2015 3 5 11 50 58.8 0.877009 0.285905 0.320603 64
6.73424 2.77087 4.52 0.94 2015 3 16 8 56 52.4 0.877009 0.285905 0.320603 64
6.80022 2.73595 4.42 0.85 2015 3 6 19 37 12.78 0.877009 0.285905 0.320603 64
6.72196 2.77531 4.37 0.74 2015 2 28 23 10 33.62 0.877009 0.285905 0.320603 64
6.77413 2.7523 4.34 0.66 2015 3 5 17 5 34.72 0.877009 0.285905 0.320603 64
6.62704 2.80611 4.33 0.59 2015 3 3 19 56 25.38 0.877009 0.285905 0.320603 64
6.61182 3.02917 4.29 0.52 2013 8 29 15 24 30.01 0.877009 0.285905 0.320603 64
6.75819 2.76041 4.34 0.46 2015 3 5 17 32 58.24 0.877009 0.285905 0.320603 64
6.75526 2.76853 4.4 0.46 2015 3 5 21 28 38.94 0.877009 0.285905 0.320603 64
6.63283 3.02283 4.28 0.43 2013 8 17 16 45 52.18 0.877009 0.285905 0.320603 64
6.79586 2.73551 4.41 0.38 2015 3 5 21 12 47.22 0.877009 0.285905 0.320603 64
6.78357 2.7414 4.33 0.32 2015 3 6 4 17 35.69 0.877009 0.285905 0.320603 64
6.70094 2.7871 4.36 0.24 2015 4 4 15 57 55.83 0.877009 0.285905 0.320603 64
6.75169 2.76853 4.39 0.18 2015 4 4 18 32 36.2 0.877009 0.285905 0.320603 64
6.79443 2.73239 4.41 0.13 2015 3 5 5 8 52.49 0.877009 0.285905 0.320603 64
6.75383 2.75863 4.35 0.08 2015 4 4 16 39 10.35 0.877009 0.285905 0.320603 64
6.68794 3.03506 4.28 -0.05 2013 8 14 6 7 42.19 0.877009 0.285905 0.320603 64
9.10299 5.67517 6.18 3.23 2015 6 7 20 20 25.82 0.636608 0.267302 0.327552 65
8.89429 5.52806 6.19 2.76 2015 6 7 20 7 9.46 0.636608 0.267302 0.327552 65
9.01814 5.50137 6.23 2.66 2015 6 7 20 20 10.2 0.636608 0.267302 0.327552 65
8.84719 5.44488 6.24 2.6 2015 6 7 20 14 50.88 0.636608 0.267302 0.327552 65
8.76963 5.55252 6.08 2.37 2015 6 7 20 53 25.06 0.636608 0.267302 0.327552 65
8.73268 5.61946 6.01 2.18 2015 6 8 0 14 32.83 0.636608 0.267302 0.327552 65
9.10441 5.53306 6.23 1.92 2015 6 5 4 59 38.56 0.636608 0.267302 0.327552 65
8.7066 5.60133 6.05 1.87 2015 6 8 0 17 58.92 0.636608 0.267302 0.327552 65
8.72253 5.60367 6.06 1.73 2015 6 7 23 1 53.68 0.636608 0.267302 0.327552 65
8.92322 5.71453 6.02 1.72 2015 6 7 23 21 36.4 0.636608 0.267302 0.327552 65
9.22978 5.49236 6.31 1.71 2015 6 7 20 21 52.88 0.636608 0.267302 0.327552 65
9.12178 5.50003 6.26 1.66 2015 6 5 5 32 30.41 0.636608 0.267302 0.327552 65
9.27759 5.4987 6.29 1.61 2015 6 7 20 36 5.62 0.636608 0.267302 0.327552 65
9.60071 5.70997 6.25 1.48 2015 8 11 20 42 47.58 0.636608 0.267302 0.327552 65
9.13558 5.46434 6.29 1.47 2015 6 5 5 50 13.88 0.636608 0.267302 0.327552 65
9.05509 5.49281 6.25 1.47 2015 6 5 9 11 0.13 0.636608 0.267302 0.327552 65
9.1037 5.74033 6.04 1.46 2015 6 8 6 21 30.7 0.636608 0.267302 0.327552 65
9.00006 5.57654 6.17 1.45 2015 6 5 6 34 38.54 0.636608 0.267302 0.327552 65
8.74212 5.65749 5.99 1.3 2015 6 7 23 57 12.54 0.636608 0.267302 0.327552 65
9.61308 5.72042 6.25 1.28 2015 8 11 21 9 32.84 0.636608 0.267302 0.327552 65
9.12472 5.67739 6.11 1.27 2015 6 7 21 36 28.16 0.636608 0.267302 0.327552 65
9.11385 5.71086 6.07 1.27 2015 6 7 22 36 11.42 0.636608 0.267302 0.327552 65
9.08705 5.73165 6.03 1.23 2015 6 7 22 57 27.6 0.636608 0.267302 0.327552 65
9.0834 5.74122 6.02 1.23 2015 6 8 3 2 34.5 0.636608 0.267302 0.327552 65
9.58335 5.71998 6.23 1.23 2015 8 11 22 42 40.34 0.636608 0.267302 0.327552 65
9.14929 5.55163 6.22 1.22 2015 6 5 5 37 58.44 0.636608 0.267302 0.327552 65
9.17689 5.57565 6.2 1.21 2015 6 5 7 4 0.86 0.636608 0.267302 0.327552 65
9.15588 5.58643 6.18 1.17 2015 6 5 7 4 43.53 0.636608 0.267302 0.327552 65
9.02686 5.54029 6.21 1.15 2015 6 5 4 34 10.12 0.636608 0.267302 0.327552 65
9.03773 5.44933 6.28 1.12 2015 6 5 9 12 2.31 0.636608 0.267302 0.327552 65
9.01235 5.71497 6.02 1.11 2015 6 8 8 5 47.12 0.636608 0.267302 0.327552 65
9.16451 5.57153 6.21 1.09 2015 6 5 6 56 55.35 0.636608 0.267302 0.327552 65
9.60578 5.68962 6.29 1.09 2015 8 12 10 48 51.31 0.636608 0.267302 0.327552 65
9.07975 5.46067 6.29 1.08 2015 6 5 5 56 21.46 0.636608 0.267302 0.327552 65
9.09863 5.52038 6.23 1.07 2015 6 5 4 40 42.84 0.636608 0.267302 0.327552 65
9.03844 5.49826 6.24 1.06 2015 6 5 9 8 28.96 0.636608 0.267302 0.327552 65
9.06746 5.43576 6.31 1.01 2015 6 5 9 11 44.39 0.636608 0.267302 0.327552 65
8.75877 5.67283 6.01 0.94 2015 6 7 23 41 53.82 0.636608 0.267302 0.327552 65
9.1508 5.57743 6.2 0.93 2015 6 5 5 44 1.65 0.636608 0.267302 0.327552 65
9.0769 5.71542 6.04 0.93 2015 6 7 22 56 42.96 0.636608 0.267302 0.327552 65
9.58913 5.67828 6.3 0.91 2015 8 12 5 58 28.08 0.636608 0.267302 0.327552 65
8.75156 5.66838 6 0.9 2015 6 8 0 28 17.02 0.636608 0.267302 0.327552 65
8.85369 5.62179 6.11 0.89 2015 6 7 6 31 4.47 0.636608 0.267302 0.327552 65
9.07254 5.50137 6.24 0.88 2015 6 5 5 14 21.41 0.636608 0.267302 0.327552 65
9.17253 5.49459 6.28 0.88 2015 6 5 5 14 42.29 0.636608 0.267302 0.327552 65
9.11813 5.47513 6.29 0.88 2015 6 5 6 37 54.68 0.636608 0.267302 0.327552 65
9.5797 5.6507 6.37 0.84 2015 9 5 15 37 1.8 0.636608 0.267302 0.327552 65
9.00879 5.63491 6.12 0.83 2015 6 8 7 22 25.09 0.636608 0.267302 0.327552 65
9.13264 5.42498 6.36 0.77 2015 6 5 8 12 29.85 0.636608 0.267302 0.327552 65
8.9892 5.75934 5.97 0.77 2015 6 8 3 53 51.9 0.636608 0.267302 0.327552 65
9.15365 5.47513 6.31 0.76 2015 6 5 5 34 51.32 0.636608 0.267302 0.327552 65
9.03701 5.65704 6.09 0.71 2015 6 8 7 39 24.61 0.636608 0.267302 0.327552 65
9.35149 5.50771 6.34 0.7 2015 6 8 15 30 20.79 0.636608 0.267302 0.327552 65
9.11385 5.41719 6.35 0.68 2015 6 5 8 19 31.75 0.636608 0.267302 0.327552 65
8.90372 5.7113 6.03 0.67 2015 6 7 20 42 52.84 0.636608 0.267302 0.327552 65
9.02036 5.74388 5.99 0.67 2015 6 8 7 15 5.39 0.636608 0.267302 0.327552 65
9.39494 5.49103 6.38 0.65 2015 6 8 4 14 1.7 0.636608 0.267302 0.327552 65
8.99935 5.53717 6.2 0.61 2015 6 5 6 37 27.29 0.636608 0.267302 0.327552 65
8.85297 5.71042 5.99 0.43 2015 6 8 15 45 3.56 0.636608 0.267302 0.327552 65
9.137 5.55841 6.2 0.42 2015 6 5 5 4 29.73 0.636608 0.267302 0.327552 65
9.5399 5.70052 6.28 0.39 2015 8 11 21 4 13.6 0.636608 0.267302 0.327552 65
9.09355 5.58465 6.16 0.35 2015 6 5 9 40 51.89 0.636608 0.267302 0.327552 65
9.10726 5.56786 6.19 0.33 2015 6 5 5 4 11.63 0.636608 0.267302 0.327552 65
8.73197 5.53084 6.17 0.3 2015 6 8 0 13 57.23 0.636608 0.267302 0.327552 65
8.69431 5.62669 5.99 0.27 2015 6 9 10 49 46.86 0.636608 0.267302 0.327552 65
8.69502 5.61901 6.02 0.26 2015 6 8 11 34 27.97 0.636608 0.267302 0.327552 65
8.87399 5.64937 6.07 0.22 2015 6 7 10 14 23.03 0.636608 0.267302 0.327552 65
8.74426 5.64848 5.97 0.14 2015 6 7 23 48 45.86 0.636608 0.267302 0.327552 65
5.34019 5.80816 4.5 1.45 2014 11 8 20 33 29.76 0.460865 0.659279 0.362676 66
5.31695 5.78603 4.53 1.27 2014 12 22 4 43 22.01 0.460865 0.659279 0.362676 66
5.38942 5.83851 4.49 1.12 2014 12 22 4 51 59.09 0.460865 0.659279 0.362676 66
5.50464 5.82217 4.58 0.87 2015 10 19 14 17 40.88 0.460865 0.659279 0.362676 66
5.36699 5.81816 4.51 0.85 2014 12 22 4 32 30.86 0.460865 0.659279 0.362676 66
5.3409 5.8086 4.51 0.82 2014 12 22 4 42 57.06 0.460865 0.659279 0.362676 66
5.23076 5.7828 4.48 0.79 2014 12 12 8 26 40.78 0.460865 0.659279 0.362676 66
5.21696 5.75656 4.52 0.7 2014 12 12 8 22 5.21 0.460865 0.659279 0.362676 66
5.24305 5.78514 4.47 0.54 2014 12 12 8 39 27.51 0.460865 0.659279 0.362676 66
5.21919 5.75834 4.52 0.42 2014 12 12 8 17 13.9 0.460865 0.659279 0.362676 66
5.22862 5.77469 4.49 0.18 2014 12 12 8 13 6.13 0.460865 0.659279 0.362676 66
5.33004 5.94259 4.49 0.18 2015 5 16 10 47 39.97 0.460865 0.659279 0.362676 66
10.3768 0.660609 5.51 2.72 2014 6 27 15 9 7.2 0.365169 0.0212638 0.458618 67
9.97538 0.741114 5.57 2.26 2014 6 11 0 19 19.85 0.365169 0.0212638 0.458618 67
10.1486 0.606791 5.41 2.03 2014 6 10 20 1 3.7 0.365169 0.0212638 0.458618 67
10.3029 0.539295 5.34 1.77 2014 7 9 13 34 50.45 0.365169 0.0212638 0.458618 67
10.1652 0.62258 5.45 1.65 2014 7 10 4 54 56.12 0.365169 0.0212638 0.458618 67
10.3043 0.528065 5.31 1.44 2014 7 8 14 43 27.98 0.365169 0.0212638 0.458618 67
10.2412 0.500377 5.31 1.44 2014 7 8 19 29 6.8 0.365169 0.0212638 0.458618 67
10.3275 0.626695 5.49 1.32 2014 6 24 8 45 33.62 0.365169 0.0212638 0.458618 67
10.2 0.631587 5.47 1.29 2014 7 10 5 8 52.58 0.365169 0.0212638 0.458618 67
10.3753 0.629363 5.47 1.27 2014 6 24 13 37 50.55 0.365169 0.0212638 0.458618 67
10.3456 0.635257 5.52 1.24 2014 6 24 10 44 2.98 0.365169 0.0212638 0.458618 67
10.1855 0.638926 5.49 1.16 2014 7 10 6 23 52.39 0.365169 0.0212638 0.458618 67
10.3051 0.52395 5.54 1.15 2014 7 30 13 29 34.93 0.365169 0.0212638 0.458618 67
10.1689 0.644708 5.45 1.14 2014 7 10 5 3 24.96 0.365169 0.0212638 0.458618 67
10.2876 0.664167 5.56 1.14 2014 7 13 8 32 33.96 0.365169 0.0212638 0.458618 67
10.1145 0.562424 5.35 1.1 2014 6 10 20 4 16.88 0.365169 0.0212638 0.458618 67
10.1804 0.636591 5.66 1.08 2014 7 24 7 9 26.97 0.365169 0.0212638 0.458618 67
10.4203 0.638481 5.51 1.03 2014 6 27 14 38 16.91 0.365169 0.0212638 0.458618 67
10.3065 0.535292 5.32 1.02 2014 7 8 14 43 5.08 0.365169 0.0212638 0.458618 67
10.458 0.649712 5.49 0.97 2014 6 27 13 42 44.97 0.365169 0.0212638 0.458618 67
10.1985 0.60768 5.36 0.94 2014 6 16 10 43 55.68 0.365169 0.0212638 0.458618 67
10.2435 0.536182 5.32 0.94 2014 7 12 0 54 48.63 0.365169 0.0212638 0.458618 67
10.2529 0.50716 5.28 0.91 2014 7 8 7 3 40.61 0.365169 0.0212638 0.458618 67
10.1174 0.584997 5.38 0.9 2014 6 10 20 4 51.04 0.365169 0.0212638 0.458618 67
10.4282 0.654716 5.5 0.89 2014 6 27 13 45 37.99 0.365169 0.0212638 0.458618 67
10.2036 0.491815 5.26 0.84 2014 7 9 14 27 30.95 0.365169 0.0212638 0.458618 67
10.105 0.594114 5.46 0.84 2015 2 12 18 29 57.24 0.365169 0.0212638 0.458618 67
10.1833 0.617577 5.38 0.82 2014 6 10 19 38 3.84 0.365169 0.0212638 0.458618 67
10.0681 0.526619 5.34 0.78 2014 6 10 22 17 53.34 0.365169 0.0212638 0.458618 67
10.2304 0.487812 5.23 0.77 2014 7 9 6 18 5.47 0.365169 0.0212638 0.458618 67
10.0253 0.498153 5.33 0.76 2014 6 11 3 24 6.73 0.365169 0.0212638 0.458618 67
10.1007 0.570986 5.37 0.74 2014 6 10 21 14 34.24 0.365169 0.0212638 0.458618 67
10.2862 0.518947 5.3 0.73 2014 7 8 11 30 52.23 0.365169 0.0212638 0.458618 67
10.2594 0.511719 5.28 0.72 2014 7 12 1 34 12.62 0.365169 0.0212638 0.458618 67
10.3217 0.620801 5.47 0.7 2014 6 24 8 11 32.26 0.365169 0.0212638 0.458618 67
10.2514 0.536182 5.61 0.59 2014 7 17 3 47 33.54 0.365169 0.0212638 0.458618 67
10.237 0.657384 5.58 0.55 2014 7 14 6 2 12.83 0.365169 0.0212638 0.458618 67
10.0913 0.548413 5.72 0.54 2014 8 9 21 47 1.28 0.365169 0.0212638 0.458618 67
10.221 0.508606 5.29 0.41 2014 7 12 9 42 5.99 0.365169 0.0212638 0.458618 67
10.3442 0.631142 5.49 0.4 2014 6 23 19 34 45.34 0.365169 0.0212638 0.458618 67
10.2202 0.510829 5.29 0.4 2014 7 12 1 3 16.8 0.365169 0.0212638 0.458618 67
10.1405 0.515388 4.97 0.26 2014 11 28 23 11 36.36 0.365169 0.0212638 0.458618 67
10.1833 0.517612 5.61 0.22 2014 7 18 10 25 42.57 0.365169 0.0212638 0.458618 67
8.29142 0.539295 4.06 2.41 2015 1 19 8 18 54.93 0.148232 0.6955 0.094656 68
7.97622 0.462015 3.96 1.98 2015 9 19 11 42 53.51 0.148232 0.6955 0.094656 68
7.948 0.443445 3.94 1.93 2015 9 18 23 22 35.5 0.148232 0.6955 0.094656 68
8.33638 0.576434 4 1.8 2015 1 19 9 0 59.81 0.148232 0.6955 0.094656 68
8.51962 0.641595 4.05 1.76 2015 1 19 13 42 40.92 0.148232 0.6955 0.094656 68
8.27405 0.590445 4.04 1.68 2014 8 24 9 18 4.75 0.148232 0.6955 0.094656 68
8.28269 0.511719 4.27 1.52 2015 3 11 9 42 49.89 0.148232 0.6955 0.094656 68
8.47109 0.612684 4.09 1.49 2015 1 19 14 28 13.54 0.148232 0.6955 0.094656 68
8.36897 0.576434 4.1 1.4 2015 1 19 20 2 30.76 0.148232 0.6955 0.094656 68
8.14869 0.504936 3.94 1.32 2015 2 3 10 11 21.02 0.148232 0.6955 0.094656 68
8.3784 0.595894 3.99 1.27 2014 8 30 2 42 40.9 0.148232 0.6955 0.094656 68
8.45159 0.607235 4.18 1.27 2015 1 19 15 56 15.19 0.148232 0.6955 0.094656 68
8.64578 0.708534 3.89 1.26 2015 6 15 15 36 9.76 0.148232 0.6955 0.094656 68
8.03419 0.471022 3.84 1.25 2015 1 31 18 35 40.2 0.148232 0.6955 0.094656 68
8.17335 0.519392 3.9 1.23 2014 9 8 5 24 24.94 0.148232 0.6955 0.094656 68
8.36167 0.573766 4.06 1.23 2014 10 18 5 11 29.16 0.148232 0.6955 0.094656 68
8.52549 0.681847 4.5 1.21 2016 1 11 8 21 13.68 0.148232 0.6955 0.094656 68
8.52977 0.649712 4.09 1.17 2015 1 19 12 47 8.72 0.148232 0.6955 0.094656 68
7.87908 0.399523 3.87 1.16 2015 9 19 7 35 54.91 0.148232 0.6955 0.094656 68
8.445 0.609904 4.09 1.08 2015 1 19 10 4 9.01 0.148232 0.6955 0.094656 68
8.56245 0.686851 3.84 1.08 2015 5 31 10 55 51.21 0.148232 0.6955 0.094656 68
8.08342 0.490926 3.85 1.01 2015 2 1 7 10 33.26 0.148232 0.6955 0.094656 68
8.06677 0.49226 4.04 0.95 2016 5 6 18 45 12.94 0.148232 0.6955 0.094656 68
8.29863 0.581438 3.86 0.88 2014 8 24 12 56 43.59 0.148232 0.6955 0.094656 68
8.2639 0.558755 3.91 0.87 2014 8 31 4 6 40.6 0.148232 0.6955 0.094656 68
8.33638 0.59 3.94 0.81 2015 3 28 19 54 30.88 0.148232 0.6955 0.094656 68
8.44216 0.650157 3.85 0.79 2014 8 28 8 19 53.5 0.148232 0.6955 0.094656 68
8.23203 0.517168 4.11 0.67 2015 1 19 7 40 15.64 0.148232 0.6955 0.094656 68
8.51027 0.656495 4.42 0.54 2016 1 14 6 59 46.06 0.148232 0.6955 0.094656 68
8.47617 0.626695 3.97 0.49 2015 1 30 1 56 3.77 0.148232 0.6955 0.094656 68
8.35009 0.581438 3.99 0.46 2014 8 30 2 44 35.32 0.148232 0.6955 0.094656 68
8.56458 0.711759 3.9 0.45 2015 5 30 10 16 27.91 0.148232 0.6955 0.094656 68
8.51962 0.660609 3.94 0.44 2015 1 20 7 45 38.05 0.148232 0.6955 0.094656 68
8.23995 0.538406 3.95 0.42 2015 1 17 10 11 17.74 0.148232 0.6955 0.094656 68
11.0658 0.379619 6.12 2.33 2015 10 4 20 20 2.4 0.220352 0.683921 0.316815 69
11.0883 0.403638 6.09 2.17 2016 5 3 15 30 25.35 0.220352 0.683921 0.316815 69
10.5782 0.371502 6.18 1.94 2016 4 6 7 17 16.56 0.220352 0.683921 0.316815 69
11.0876 0.391406 6.16 1.9 2015 10 7 9 50 0.62 0.220352 0.683921 0.316815 69
10.6478 0.302228 6.21 1.82 2016 8 1 0 55 46.31 0.220352 0.683921 0.316815 69
11.0579 0.371057 6.13 1.65 2015 10 1 9 13 7.45 0.220352 0.683921 0.316815 69
10.534 0.361939 6.16 1.53 2016 4 1 21 8 6.12 0.220352 0.683921 0.316815 69
11.0355 0.355157 6.07 1.52 2015 10 16 14 49 57.68 0.220352 0.683921 0.316815 69
10.8094 0.474135 6.21 1.51 2015 2 24 5 25 8.24 0.220352 0.683921 0.316815 69
10.5644 0.372392 6.16 1.42 2016 4 4 10 28 51.54 0.220352 0.683921 0.316815 69
11.0456 0.390961 6.04 1.34 2016 4 9 17 16 26.22 0.220352 0.683921 0.316815 69
10.5449 0.348818 6.14 1.19 2016 3 22 6 9 17 0.220352 0.683921 0.316815 69
10.6115 0.349263 6.14 1.19 2016 5 14 15 39 50.09 0.220352 0.683921 0.316815 69
11.0362 0.369167 6.18 1.17 2015 10 7 7 57 37.72 0.220352 0.683921 0.316815 69
11.039 0.397299 6.22 1.17 2016 9 29 2 16 40.16 0.220352 0.683921 0.316815 69
11.0224 0.365164 6.22 1.13 2015 10 10 11 46 28.5 0.220352 0.683921 0.316815 69
11.0253 0.354712 6.09 1.13 2015 10 17 8 16 37.04 0.220352 0.683921 0.316815 69
11.0339 0.367388 6.17 1.08 2015 11 1 12 40 9.14 0.220352 0.683921 0.316815 69
11.0289 0.365164 6.18 1.04 2015 10 4 2 20 2.34 0.220352 0.683921 0.316815 69
11.0195 0.357936 6.16 1.04 2015 10 17 3 55 59.59 0.220352 0.683921 0.316815 69
10.6854 0.329359 6.27 0.96 2016 4 30 13 33 27.75 0.220352 0.683921 0.316815 69
11.1492 0.436218 6.05 0.96 2016 7 26 6 56 46.05 0.220352 0.683921 0.316815 69
10.6471 0.340256 6.12 0.9 2016 5 6 15 50 32.38 0.220352 0.683921 0.316815 69
10.9999 0.372392 6.1 0.9 2016 5 7 10 41 30.23 0.220352 0.683921 0.316815 69
11.0144 0.353822 6.14 0.87 2015 11 3 3 55 49.08 0.220352 0.683921 0.316815 69
10.6145 0.340256 6.16 0.87 2016 5 7 21 22 53.2 0.220352 0.683921 0.316815 69
10.8877 0.564648 6.1 0.86 2015 2 24 4 9 9.99 0.220352 0.683921 0.316815 69
10.8043 0.478694 6.23 0.85 2015 2 24 5 6 56.16 0.220352 0.683921 0.316815 69
11.0579 0.381399 6.15 0.85 2016 4 27 9 21 6.55 0.220352 0.683921 0.316815 69
11.0579 0.37873 6.16 0.84 2015 10 14 17 33 27.48 0.220352 0.683921 0.316815 69
10.9999 0.357047 6.21 0.83 2015 10 14 6 29 36.57 0.220352 0.683921 0.316815 69
11.0644 0.369167 6.07 0.81 2015 10 20 5 36 32.68 0.220352 0.683921 0.316815 69
11.0427 0.401302 6.23 0.8 2016 9 28 13 56 31.9 0.220352 0.683921 0.316815 69
11.0441 0.387737 6.17 0.74 2016 5 5 9 43 25.2 0.220352 0.683921 0.316815 69
10.5847 0.351154 6.1 0.73 2016 7 20 0 46 39.4 0.220352 0.683921 0.316815 69
11.0572 0.389627 6.21 0.67 2016 5 5 7 7 46.2 0.220352 0.683921 0.316815 69
10.584 0.357047 6.11 0.58 2016 6 5 7 8 45.6 0.220352 0.683921 0.316815 69
10.6977 0.471466 6.22 0.47 2015 10 21 2 9 49.49 0.220352 0.683921 0.316815 69
10.9905 0.37506 6.26 0.33 2015 11 19 4 22 35.3 0.220352 0.683921 0.316815 69
10.9891 0.34248 6.1 0.24 2015 10 19 7 53 50.54 0.220352 0.683921 0.316815 69
11.0129 0.36016 6.2 0.05 2015 10 10 2 37 12.11 0.220352 0.683921 0.316815 69
16.0011 0.419872 6.34 2.53 2014 8 15 12 9 2.47 0.651808 0.794401 0.80875 70
16.1002 0.382288 6.33 2.11 2014 8 15 12 13 15.86 0.651808 0.794401 0.80875 70
16.0416 0.394075 6.3 1.95 2014 8 12 18 20 0.96 0.651808 0.794401 0.80875 70
15.8713 0.456566 6.31 1.95 2015 3 31 15 54 42.1 0.651808 0.794401 0.80875 70
15.7242 0.501378 6.3 1.68 2015 3 31 17 41 5 0.651808 0.794401 0.80875 70
16.1944 0.281879 6.35 1.65 2015 3 29 11 37 9.01 0.651808 0.794401 0.80875 70
15.8416 0.472801 6.31 1.58 2014 8 14 14 9 41.56 0.651808 0.794401 0.80875 70
16.0104 0.405417 6.32 1.5 2014 8 10 17 47 34.28 0.651808 0.794401 0.80875 70
16.4068 0.489146 6.59 1.39 2015 9 8 6 34 3.57 0.651808 0.794401 0.80875 70
15.4554 0.510829 6.28 1.28 2014 8 6 2 37 39.79 0.651808 0.794401 0.80875 70
15.951 0.21127 6.61 1.26 2015 11 18 17 40 33.94 0.651808 0.794401 0.80875 70
15.8633 0.467352 6.32 1.22 2014 8 14 16 40 37.59 0.651808 0.794401 0.80875 70
16.1489 0.221278 6.3 1.2 2014 9 11 18 23 25.9 0.651808 0.794401 0.80875 70
15.9046 0.571876 6.35 1.18 2014 8 21 6 8 34.69 0.651808 0.794401 0.80875 70
16.0423 0.399079 6.34 1.16 2014 8 15 6 38 57.6 0.651808 0.794401 0.80875 70
15.9307 0.443445 6.33 1.16 2014 8 15 10 58 41.6 0.651808 0.794401 0.80875 70
16.2017 0.279655 6.35 1.16 2015 3 27 13 29 22.69 0.651808 0.794401 0.80875 70
15.7279 0.496374 6.27 1.15 2014 8 14 12 19 20.37 0.651808 0.794401 0.80875 70
15.9286 0.440665 6.34 1.11 2015 3 31 15 34 3.9 0.651808 0.794401 0.80875 70
15.7916 0.297224 6.32 1.09 2014 6 4 14 27 48.5 0.651808 0.794401 0.80875 70
15.9344 0.432993 6.32 1.09 2014 8 15 8 23 17.71 0.651808 0.794401 0.80875 70
15.9039 0.407196 6.28 1.07 2014 10 15 9 16 17.59 0.651808 0.794401 0.80875 70
16.0293 0.415869 6.34 1.03 2014 8 15 9 41 59.08 0.651808 0.794401 0.80875 70
16.1053 0.190032 6.39 1.03 2015 4 19 16 55 20.65 0.651808 0.794401 0.80875 70
15.8561 0.463794 6.3 1.01 2014 8 19 3 18 59.3 0.651808 0.794401 0.80875 70
16.2662 0.372392 6.33 1.01 2015 4 2 6 28 23.8 0.651808 0.794401 0.80875 70
16.1104 0.373726 6.33 0.99 2014 8 12 8 29 49.24 0.651808 0.794401 0.80875 70
15.5829 0.532957 6.23 0.97 2014 9 6 13 19 8.13 0.651808 0.794401 0.80875 70
16.0872 0.381843 6.36 0.96 2014 8 12 21 25 27.38 0.651808 0.794401 0.80875 70
15.909 0.405861 6.29 0.96 2014 8 20 23 44 29.18 0.651808 0.794401 0.80875 70
15.7329 0.494595 6.26 0.9 2014 8 7 23 48 45.48 0.651808 0.794401 0.80875 70
15.5902 0.570541 6.53 0.9 2015 1 13 15 39 58.36 0.651808 0.794401 0.80875 70
15.5959 0.517612 6.44 0.89 2015 4 18 6 47 33.94 0.651808 0.794401 0.80875 70
15.9126 0.403638 6.28 0.88 2014 8 4 5 51 21.08 0.651808 0.794401 0.80875 70
16.0619 0.398189 6.37 0.87 2014 8 13 6 7 30.99 0.651808 0.794401 0.80875 70
16.1271 0.186029 6.27 0.84 2015 3 28 0 52 28.88 0.651808 0.794401 0.80875 70
16.3387 0.47647 6.34 0.83 2015 3 26 23 6 29.4 0.651808 0.794401 0.80875 70
16.0974 0.175132 6.27 0.81 2015 5 10 9 2 53.73 0.651808 0.794401 0.80875 70
15.9764 0.382844 6.27 0.78 2014 10 15 9 20 4.43 0.651808 0.794401 0.80875 70
16.0952 0.381399 6.34 0.77 2014 8 12 19 19 55.3 0.651808 0.794401 0.80875 70
15.725 0.50994 6.29 0.73 2014 8 7 23 54 11.36 0.651808 0.794401 0.80875 70
15.8801 0.451118 6.29 0.7 2014 8 12 12 12 43.25 0.651808 0.794401 0.80875 70
15.9126 0.398189 6.28 0.69 2014 10 15 9 13 13.16 0.651808 0.794401 0.80875 70
16.1481 0.36105 6.38 0.61 2015 3 31 7 31 1.72 0.651808 0.794401 0.80875 70
16.2734 0.381843 6.3 0.6 2014 11 19 14 37 51.18 0.651808 0.794401 0.80875 70
15.9815 0.379619 6.29 0.58 2014 8 22 10 30 48.88 0.651808 0.794401 0.80875 70
15.7873 0.62536 6.55 0.35 2016 1 31 8 31 34.01 0.651808 0.794401 0.80875 70
11.4789 1.42708 5.92 2.01 2016 1 21 18 36 19.88 0.454322 0.711697 0.0188353 71
11.4832 1.4184 5.97 1.84 2016 1 20 15 36 37.83 0.454322 0.711697 0.0188353 71
10.9558 1.45554 5.7 1.73 2015 1 23 23 43 43.6 0.454322 0.711697 0.0188353 71
11.4767 1.42663 5.97 1.64 2016 2 22 21 53 3.6 0.454322 0.711697 0.0188353 71
11.5484 1.475 5.96 1.56 2015 5 9 19 57 51.76 0.454322 0.711697 0.0188353 71
11.0238 1.47778 5.59 1.48 2015 1 22 10 19 32.21 0.454322 0.711697 0.0188353 71
11.105 1.43019 5.62 1.43 2015 1 19 22 26 44.98 0.454322 0.711697 0.0188353 71
11.4267 1.25417 6.08 1.3 2014 9 29 11 16 19.64 0.454322 0.711697 0.0188353 71
11.1528 1.38271 5.65 1.28 2015 2 10 22 30 34.66 0.454322 0.711697 0.0188353 71
11.3962 1.24783 6.09 1.26 2014 9 29 9 35 49.63 0.454322 0.711697 0.0188353 71
11.5282 1.35691 6.09 1.23 2016 3 5 5 17 54.6 0.454322 0.711697 0.0188353 71
11.118 1.43519 5.57 1.17 2015 1 23 20 22 2.2 0.454322 0.711697 0.0188353 71
11.3093 1.30265 5.88 1.12 2016 4 27 0 56 27.56 0.454322 0.711697 0.0188353 71
10.9535 1.55784 5.5 1.05 2015 1 30 11 30 22.31 0.454322 0.711697 0.0188353 71
11.0745 1.45465 5.56 0.99 2015 1 23 20 5 8.34 0.454322 0.711697 0.0188353 71
10.8325 1.51081 5.57 0.95 2015 2 12 16 36 26.28 0.454322 0.711697 0.0188353 71
10.6724 1.61255 5.52 0.92 2015 2 13 3 41 17.4 0.454322 0.711697 0.0188353 71
11.271 1.3737 5.79 0.83 2015 5 23 23 14 1.12 0.454322 0.711697 0.0188353 71
10.7014 1.54694 5.55 0.81 2015 2 13 6 6 17.73 0.454322 0.711697 0.0188353 71
10.6347 1.51347 5.61 0.81 2015 3 2 12 2 18.42 0.454322 0.711697 0.0188353 71
11.0883 1.40484 5.69 0.79 2015 1 20 10 18 56.25 0.454322 0.711697 0.0188353 71
11.2079 1.33656 5.76 0.74 2014 6 21 3 54 13.08 0.454322 0.711697 0.0188353 71
10.8115 1.54383 5.49 0.66 2015 2 13 9 24 57.99 0.454322 0.711697 0.0188353 71
11.418 1.25328 6.07 0.64 2014 9 29 7 59 52.01 0.454322 0.711697 0.0188353 71
11.5564 1.47822 5.88 0.59 2016 4 20 21 16 47.06 0.454322 0.711697 0.0188353 71
11.3013 1.37226 5.76 0.5 2014 12 26 22 43 40.68 0.454322 0.711697 0.0188353 71
10.9644 1.50347 5.51 0.5 2015 1 22 9 27 43.39 0.454322 0.711697 0.0188353 71
10.9811 1.45688 5.56 0.39 2015 1 20 6 24 31.7 0.454322 0.711697 0.0188353 71
10.8304 1.2307 5.59 0.38 2014 1 20 23 54 48.98 0.454322 0.711697 0.0188353 71
10.8919 1.53471 5.49 0.38 2015 8 28 6 22 12.18 0.454322 0.711697 0.0188353 71
10.8398 1.48089 5.47 0.32 2014 12 20 21 4 42.72 0.454322 0.711697 0.0188353 71
11.1297 1.39216 5.7 0.26 2015 1 24 7 3 32.48 0.454322 0.711697 0.0188353 71
10.4051 1.37137 5.33 0.2 2014 2 27 0 27 21.92 0.454322 0.711697 0.0188353 71
10.6912 1.45332 5.43 0.15 2015 3 21 1 13 54.47 0.454322 0.711697 0.0188353 71
10.6935 1.35647 5.64 0.13 2014 2 17 1 4 43.98 0.454322 0.711697 0.0188353 71
10.4492 1.32211 5.55 0.09 2015 5 29 23 17 18.2 0.454322 0.711697 0.0188353 71
10.9289 1.46688 5.67 -0.04 2015 1 30 5 49 0.2 0.454322 0.711697 0.0188353 71
4.90328 2.79166 4.99 1.37 2015 9 1 19 40 31.22 0.819837 0.572922 0.598042 72
4.80757 2.79666 4.89 1.15 2015 9 2 7 49 19.97 0.819837 0.572922 0.598042 72
4.85974 2.80789 4.98 1.13 2015 9 2 7 43 56.96 0.819837 0.572922 0.598042 72
4.86847 2.86182 5.02 1.02 2015 8 31 6 34 40.61 0.819837 0.572922 0.598042 72
4.75762 2.83914 4.97 0.9 2015 9 2 11 39 25.93 0.819837 0.572922 0.598042 72
4.74025 2.79433 4.84 0.64 2015 8 31 6 24 10.88 0.819837 0.572922 0.598042 72
4.7634 2.78165 4.88 0.51 2015 9 2 10 30 47.86 0.819837 0.572922 0.598042 72
4.84745 2.82146 5 0.35 2015 9 2 7 13 57.67 0.819837 0.572922 0.598042 72
4.79893 2.85549 4.97 0.06 2015 10 28 3 57 48.11 0.819837 0.572922 0.598042 72
4.77863 2.83558 4.83 -0.11 2015 9 2 11 50 20.75 0.819837 0.572922 0.598042 72
4.90836 2.85226 4.95 -0.15 2015 9 1 2 36 18.98 0.819837 0.572922 0.598042 72
11.1717 0.282324 7.11 2.85 2016 5 3 10 35 1.55 0.594149 0.156388 0.617301 73
11.1586 0.251078 7.15 2.66 2016 3 30 8 13 18.2 0.594149 0.156388 0.617301 73
11.0826 0.219944 7.15 2.23 2016 6 25 8 28 13.07 0.594149 0.156388 0.617301 73
11.2239 0.269203 7.14 1.87 2016 3 31 12 19 25.88 0.594149 0.156388 0.617301 73
11.347 0.329359 7.13 1.83 2018 10 27 18 1 22.56 0.594149 0.156388 0.617301 73
11.1057 0.264755 7.08 1.69 2016 9 21 15 16 25.9 0.594149 0.156388 0.617301 73
11.0948 0.227171 7.14 1.43 2016 5 9 6 26 49.01 0.594149 0.156388 0.617301 73
11.1927 0.235288 7.19 1.24 2016 4 1 23 9 17.96 0.594149 0.156388 0.617301 73
11.1752 0.227616 7.21 1.21 2016 5 3 10 36 26.78 0.594149 0.156388 0.617301 73
11.4028 0.385958 6.95 1.21 2016 8 14 15 13 4.24 0.594149 0.156388 0.617301 73
11.2854 0.446559 6.88 1.15 2016 10 22 6 42 8.53 0.594149 0.156388 0.617301 73
11.1216 0.270537 7.09 1.06 2016 5 26 11 54 2.47 0.594149 0.156388 0.617301 73
11.0644 0.176911 7.18 1.06 2016 6 26 23 41 8.4 0.594149 0.156388 0.617301 73
11.289 0.457901 6.88 1.03 2016 10 21 19 49 2.32 0.594149 0.156388 0.617301 73
11.1745 0.227171 7.21 0.99 2016 3 30 20 10 18.9 0.594149 0.156388 0.617301 73
11.1752 0.254748 7.14 0.95 2016 3 29 10 19 9.82 0.594149 0.156388 0.617301 73
11.1557 0.237068 7.17 0.94 2016 3 30 8 12 52.36 0.594149 0.156388 0.617301 73
11.2731 0.382288 7.04 0.93 2016 3 13 2 1 21.35 0.594149 0.156388 0.617301 73
11.0818 0.243406 7.09 0.9 2016 7 24 4 20 35.12 0.594149 0.156388 0.617301 73
11.1579 0.270537 7.1 0.89 2016 5 3 7 30 12.55 0.594149 0.156388 0.617301 73
11.2369 0.275096 7.11 0.79 2016 3 30 17 9 28.2 0.594149 0.156388 0.617301 73
11.2296 0.684071 7.3 0.72 2014 9 19 9 25 24.86 0.594149 0.156388 0.617301 73
11.2521 0.212271 7.1 0.69 2016 5 8 14 51 18.91 0.594149 0.156388 0.617301 73
11.2694 0.372392 7.05 0.57 2016 3 12 10 44 37.59 0.594149 0.156388 0.617301 73
11.1796 0.271538 7.11 0.55 2016 4 12 2 7 35.77 0.594149 0.156388 0.617301 73
11.118 0.24663 7.13 0.55 2016 5 5 18 4 44.58 0.594149 0.156388 0.617301 73
11.1036 0.270537 7.05 0.54 2016 9 25 5 11 2.33 0.594149 0.156388 0.617301 73
21.1535 3.17984 7.87 2.63 2014 12 12 17 53 31.82 0.0718344 0.662384 0.607805 74
21.6289 3.01783 7.86 2.46 2015 7 11 5 52 24.7 0.0718344 0.662384 0.607805 74
21.6774 3.06131 7.88 2.4 2015 7 8 13 15 38.58 0.0718344 0.662384 0.607805 74
20.5428 2.96635 7.85 1.64 2013 9 26 15 23 29.06 0.0718344 0.662384 0.607805 74
20.7093 2.76364 7.82 1.43 2014 11 14 1 22 6.16 0.0718344 0.662384 0.607805 74
20.55 2.96724 7.85 1.42 2013 9 25 21 56 20.78 0.0718344 0.662384 0.607805 74
21.2311 3.2152 7.72 1.32 2014 11 7 16 43 41.5 0.0718344 0.662384 0.607805 74
20.6565 2.86038 7.89 1.28 2015 2 18 9 17 11 0.0718344 0.662384 0.607805 74
21.6542 3.04363 7.86 1.28 2015 7 4 16 15 46.52 0.0718344 0.662384 0.607805 74
21.6311 3.0165 7.84 1.27 2015 6 28 6 45 26.27 0.0718344 0.662384 0.607805 74
20.4174 3.01516 7.84 1.14 2013 9 24 23 44 26.16 0.0718344 0.662384 0.607805 74
20.5362 2.95323 7.84 1.1 2013 9 26 2 12 4.13 0.0718344 0.662384 0.607805 74
21.0528 3.10334 7.86 1.08 2014 11 7 13 15 7.62 0.0718344 0.662384 0.607805 74
21.0753 3.02372 7.86 1.06 2014 12 13 6 12 21.89 0.0718344 0.662384 0.607805 74
21.3572 3.27847 7.82 1.06 2015 1 5 6 0 1.81 0.0718344 0.662384 0.607805 74
21.0499 3.102 7.86 1.06 2015 7 9 0 28 28.71 0.0718344 0.662384 0.607805 74
20.5435 2.96268 7.85 1.02 2013 9 25 17 19 37.32 0.0718344 0.662384 0.607805 74
20.8456 2.8546 7.84 1.01 2014 12 12 0 22 53.54 0.0718344 0.662384 0.607805 74
21.5912 3.06453 7.77 0.98 2014 12 11 6 37 34.78 0.0718344 0.662384 0.607805 74
20.6036 2.85637 7.89 0.98 2015 9 30 23 10 9.08 0.0718344 0.662384 0.607805 74
20.5956 2.66812 7.86 0.95 2014 11 1 1 15 20.52 0.0718344 0.662384 0.607805 74
21.176 3.18618 7.85 0.95 2014 12 13 22 58 46 0.0718344 0.662384 0.607805 74
20.6449 2.85593 7.87 0.95 2015 1 16 15 1 22.37 0.0718344 0.662384 0.607805 74
21.0478 3.04007 7.85 0.91 2014 12 16 12 11 27.23 0.0718344 0.662384 0.607805 74
20.6036 2.97168 7.88 0.9 2013 9 23 10 33 30.35 0.0718344 0.662384 0.607805 74
20.5065 2.9659 7.85 0.89 2013 9 25 18 21 8.6 0.0718344 0.662384 0.607805 74
20.8732 2.88762 7.83 0.87 2014 10 29 23 15 28.96 0.0718344 0.662384 0.607805 74
20.879 2.9043 7.84 0.86 2014 11 8 4 31 11.65 0.0718344 0.662384 0.607805 74
20.6239 2.86772 7.88 0.85 2015 3 10 19 20 5.56 0.0718344 0.662384 0.607805 74
20.558 2.94366 7.85 0.83 2013 9 27 13 35 23.47 0.0718344 0.662384 0.607805 74
20.6485 2.85315 7.87 0.81 2015 1 16 15 6 14.78 0.0718344 0.662384 0.607805 74
21.613 3.00571 7.86 0.81 2015 7 9 7 49 48.22 0.0718344 0.662384 0.607805 74
20.5688 2.93377 7.84 0.8 2014 9 17 4 40 32.07 0.0718344 0.662384 0.607805 74
20.5652 2.93688 7.84 0.72 2013 9 25 16 19 15.26 0.0718344 0.662384 0.607805 74
20.6435 2.84592 7.86 0.72 2014 9 27 6 12 3.23 0.0718344 0.662384 0.607805 74
20.5543 3.00026 7.88 0.71 2013 9 22 12 40 32.93 0.0718344 0.662384 0.607805 74
20.5848 2.92154 7.83 0.7 2013 9 27 13 33 43.91 0.0718344 0.662384 0.607805 74
21.1478 2.7871 7.88 0.7 2015 1 11 23 52 36.02 0.0718344 0.662384 0.607805 74
20.4804 2.97035 7.84 0.69 2013 9 26 2 1 31.29 0.0718344 0.662384 0.607805 74
20.5347 2.9659 7.85 0.65 2013 9 26 2 26 57.17 0.0718344 0.662384 0.607805 74
20.5696 2.93421 7.84 0.65 2013 9 26 10 41 44.96 0.0718344 0.662384 0.607805 74
20.9354 2.9907 7.85 0.65 2015 1 2 1 32 28.95 0.0718344 0.662384 0.607805 74
20.8427 2.85904 7.83 0.6 2015 3 20 7 21 46.89 0.0718344 0.662384 0.607805 74
20.6949 2.7414 7.82 0.49 2014 11 14 6 36 54.48 0.0718344 0.662384 0.607805 74
20.5913 2.91153 7.83 0.33 2013 9 25 8 37 12.42 0.0718344 0.662384 0.607805 74
16.2496 3.67121 7.19 2.5 2019 2 23 14 38 39.87 0.600331 0.25096 0.00740816 75
16.0778 3.42514 7.27 2.4 2019 8 3 4 53 11.58 0.600331 0.25096 0.00740816 75
15.9662 3.49297 7.34 2.16 2019 4 25 14 43 42.22 0.600331 0.25096 0.00740816 75
15.8612 3.47984 7.44 2.12 2019 2 23 22 55 18.04 0.600331 0.25096 0.00740816 75
15.9039 3.44949 7.34 1.95 2019 7 31 8 49 31.31 0.600331 0.25096 0.00740816 75
15.9459 3.44504 7.33 1.81 2019 2 23 3 48 57.59 0.600331 0.25096 0.00740816 75
15.9865 3.44815 7.33 1.78 2019 2 23 4 23 26.91 0.600331 0.25096 0.00740816 75
16.1097 3.46806 7.42 1.7 2019 8 14 20 48 58.72 0.600331 0.25096 0.00740816 75
15.9909 3.43637 7.31 1.68 2019 8 2 3 12 13.48 0.600331 0.25096 0.00740816 75
16.0517 3.43681 7.32 1.67 2019 8 2 7 52 5.79 0.600331 0.25096 0.00740816 75
15.8169 3.48118 7.42 1.56 2019 2 23 8 16 47.87 0.600331 0.25096 0.00740816 75
15.9228 3.44504 7.34 1.53 2019 2 23 3 48 14.95 0.600331 0.25096 0.00740816 75
15.738 3.50698 7.43 1.5 2019 2 25 10 6 2.62 0.600331 0.25096 0.00740816 75
15.9119 3.47706 7.44 1.48 2019 2 23 7 26 8.13 0.600331 0.25096 0.00740816 75
15.9191 3.46083 7.35 1.47 2019 2 23 7 23 21.47 0.600331 0.25096 0.00740816 75
16.0822 3.41246 7.43 1.42 2019 8 11 22 9 29.88 0.600331 0.25096 0.00740816 75
16.1314 3.67077 6.94 1.39 2016 5 26 9 43 18.9 0.600331 0.25096 0.00740816 75
16.0104 3.44904 7.34 1.39 2019 8 1 10 10 7.93 0.600331 0.25096 0.00740816 75
16.3039 3.70702 7.59 1.38 2019 7 31 8 53 23.61 0.600331 0.25096 0.00740816 75
16.0206 3.46939 7.37 1.32 2019 7 31 8 52 8.74 0.600331 0.25096 0.00740816 75
15.9648 3.46128 7.38 1.31 2019 7 31 8 49 7.13 0.600331 0.25096 0.00740816 75
15.938 3.48574 7.36 1.3 2019 2 28 12 33 44.56 0.600331 0.25096 0.00740816 75
16.1286 3.47573 7.04 1.26 2016 5 17 9 45 55.89 0.600331 0.25096 0.00740816 75
16.0401 3.55134 7.42 1.2 2019 7 31 13 1 37.22 0.600331 0.25096 0.00740816 75
16.3496 3.13647 7.31 1.19 2015 6 4 18 56 54.12 0.600331 0.25096 0.00740816 75
15.7656 3.47662 7.37 1.14 2019 4 26 2 59 48.01 0.600331 0.25096 0.00740816 75
16.0133 3.48162 7.17 1.08 2016 5 18 5 56 11.13 0.600331 0.25096 0.00740816 75
16.0061 3.46039 7.09 0.97 2016 5 28 2 46 19.63 0.600331 0.25096 0.00740816 75
15.9815 3.46717 7.1 0.73 2016 9 3 3 55 33.2 0.600331 0.25096 0.00740816 75
16.1676 3.55768 6.88 0.57 2016 6 19 6 50 16.89 0.600331 0.25096 0.00740816 75
16.0974 3.49519 7.08 0.48 2016 5 17 3 2 14.58 0.600331 0.25096 0.00740816 75
11.0615 3.73815 6.13 2.47 2015 8 29 3 18 28.49 0.229968 0.625627 0.890451 76
10.1326 3.65676 5.98 1.63 2015 6 8 17 51 20.76 0.229968 0.625627 0.890451 76
10.8833 3.77484 6.17 1.28 2015 9 2 0 59 10.49 0.229968 0.625627 0.890451 76
10.9187 3.7893 6.21 1.08 2014 10 21 21 53 23.08 0.229968 0.625627 0.890451 76
11.0702 3.74638 6.24 1.01 2015 8 29 8 58 31.12 0.229968 0.625627 0.890451 76
10.9985 3.79208 6.17 0.97 2014 10 21 19 55 49.46 0.229968 0.625627 0.890451 76
9.93843 3.81009 6.04 0.96 2015 8 16 13 57 44.72 0.229968 0.625627 0.890451 76
10.1188 3.89015 6.12 0.9 2015 10 8 21 0 20.44 0.229968 0.625627 0.890451 76
10.9738 3.72236 6.2 0.88 2015 8 26 2 24 24.69 0.229968 0.625627 0.890451 76
10.3297 3.90783 6.33 0.82 2015 5 27 12 35 35.59 0.229968 0.625627 0.890451 76
10.6369 3.78474 6.28 0.81 2015 10 20 9 10 13.83 0.229968 0.625627 0.890451 76
10.1754 3.85224 6.21 0.65 2016 2 11 9 51 31.96 0.229968 0.625627 0.890451 76
10.976 3.66031 6.23 0.64 2015 8 29 21 3 0.12 0.229968 0.625627 0.890451 76
10.479 3.55401 6.21 0.59 2014 10 10 8 56 3.49 0.229968 0.625627 0.890451 76
10.2297 3.86625 6.12 0.49 2015 12 24 14 18 51.51 0.229968 0.625627 0.890451 76
10.6847 3.9015 6.09 0.45 2015 11 22 18 19 37.48 0.229968 0.625627 0.890451 76
10.1565 3.86391 6.21 0.43 2016 2 11 12 39 10.07 0.229968 0.625627 0.890451 76
10.9956 3.77896 6.12 0.36 2015 8 29 3 22 57.66 0.229968 0.625627 0.890451 76
10.2818 3.57847 6.27 0.33 2015 3 16 11 20 51.86 0.229968 0.625627 0.890451 76
10.8854 3.83867 6.3 0.31 2015 10 23 3 59 40.21 0.229968 0.625627 0.890451 76
10.5934 3.48796 6.32 0.3 2015 8 25 9 20 15.39 0.229968 0.625627 0.890451 76
11.0883 3.71558 6.15 0.25 2015 10 1 10 50 32.08 0.229968 0.625627 0.890451 76
10.9064 3.84223 6.38 0.24 2015 10 11 13 14 48.38 0.229968 0.625627 0.890451 76
10.9014 3.84768 6.36 0.23 2015 10 8 7 14 56.08 0.229968 0.625627 0.890451 76
10.2051 3.66354 6 0.11 2015 6 8 6 34 45.71 0.229968 0.625627 0.890451 76
10.1304 3.99156 5.97 0.1 2015 8 14 23 49 56.72 0.229968 0.625627 0.890451 76
10.026 3.85313 6.08 0.07 2014 11 14 23 17 41.88 0.229968 0.625627 0.890451 76
20.0898 6.39048 7.43 2.03 2014 7 3 6 56 30.8 0.147205 0.161835 0.153244 77
20.4964 6.25605 7.59 1.82 2015 5 9 0 50 34.73 0.147205 0.161835 0.153244 77
19.8877 6.37736 7.33 1.81 2014 11 23 22 13 29.6 0.147205 0.161835 0.153244 77
20.4934 6.25427 7.59 1.76 2015 5 8 23 12 16.92 0.147205 0.161835 0.153244 77
20.1145 6.01809 7.34 1.7 2014 4 21 22 24 51.6 0.147205 0.161835 0.153244 77
20.0341 6.30675 7.34 1.51 2014 11 23 19 18 35.12 0.147205 0.161835 0.153244 77
19.8855 6.3787 7.34 1.41 2014 11 19 7 51 18.19 0.147205 0.161835 0.153244 77
20.1427 6.38459 7.42 1.39 2014 7 4 8 36 28.17 0.147205 0.161835 0.153244 77
20.0572 6.31176 7.35 1.36 2014 11 22 22 12 7.12 0.147205 0.161835 0.153244 77
19.7914 6.4443 7.34 1.3 2014 11 19 2 33 24.25 0.147205 0.161835 0.153244 77
20.3521 6.18911 7.33 1.3 2014 11 26 2 36 13.22 0.147205 0.161835 0.153244 77
20.3731 6.17966 7.34 1.27 2014 11 26 0 39 14.79 0.147205 0.161835 0.153244 77
20.1022 6.33622 7.39 1.21 2014 7 2 17 29 41.4 0.147205 0.161835 0.153244 77
20.0768 6.3022 7.34 1.14 2014 11 23 6 31 26.57 0.147205 0.161835 0.153244 77
20.2638 6.48011 7.56 1.12 2014 4 14 15 0 45.72 0.147205 0.161835 0.153244 77
19.6515 6.30542 7.38 1.09 2014 3 15 10 12 24.41 0.147205 0.161835 0.153244 77
19.6783 6.33077 7.4 1.09 2014 8 21 9 56 57.53 0.147205 0.161835 0.153244 77
20.1225 6.64968 7.5 1.08 2014 7 4 12 30 4.08 0.147205 0.161835 0.153244 77
20.0493 6.3022 7.33 1.01 2014 11 23 0 0 21.54 0.147205 0.161835 0.153244 77
20.0304 6.31943 7.34 0.98 2014 11 22 4 17 58.64 0.147205 0.161835 0.153244 77
19.8711 6.41261 7.34 0.97 2014 11 16 6 38 19.54 0.147205 0.161835 0.153244 77
19.8891 6.39549 7.4 0.96 2014 1 13 16 15 5.24 0.147205 0.161835 0.153244 77
20.0812 6.36558 7.42 0.81 2014 7 3 8 17 5 0.147205 0.161835 0.153244 77
20.0232 6.32755 7.32 0.8 2014 11 21 22 47 48.08 0.147205 0.161835 0.153244 77
20.1478 6.27328 7.34 0.77 2014 11 23 16 23 52.13 0.147205 0.161835 0.153244 77
20.1225 6.03933 7.37 0.71 2014 2 7 2 42 51.45 0.147205 0.161835 0.153244 77
19.9435 6.25116 7.51 0.51 2014 11 19 7 57 13.85 0.147205 0.161835 0.153244 77
19.7841 6.2864 7.16 0.1 2013 8 24 10 23 31.16 0.147205 0.161835 0.153244 77
2.76211 4.17793 4.56 1.45 2015 5 7 12 33 27.28 0.808773 0.627605 0.487504 78
2.73237 4.18704 4.68 1.3 2015 5 7 12 33 5.42 0.808773 0.627605 0.487504 78
2.84251 4.18204 4.87 1.1 2015 4 28 14 48 26.03 0.808773 0.627605 0.487504 78
2.80343 4.19016 4.56 0.89 2015 5 7 20 32 54.48 0.808773 0.627605 0.487504 78
2.84901 4.28612 4.5 0.81 2014 11 22 4 45 36.13 0.808773 0.627605 0.487504 78
2.86139 4.35172 4.56 0.66 2015 5 9 9 7 21.67 0.808773 0.627605 0.487504 78
2.81571 4.1757 4.63 0.59 2014 12 6 10 15 38.41 0.808773 0.627605 0.487504 78
2.91063 4.32504 4.38 0.43 2014 11 22 12 41 12.23 0.808773 0.627605 0.487504 78
2.81135 4.17392 4.63 0.39 2014 12 6 12 35 43.97 0.808773 0.627605 0.487504 78
2.86789 4.16036 4.81 0.28 2014 5 19 4 44 59.56 0.808773 0.627605 0.487504 78
2.87875 4.14813 4.87 0.26 2015 4 29 9 25 16.18 0.808773 0.627605 0.487504 78
11.302 1.62389 5.23 2.46 2017 3 12 19 56 47.12 0.0696639 0.800165 0.500474 79
11.3267 1.55417 5.3 1.96 2014 12 27 0 57 18.38 0.0696639 0.800165 0.500474 79
11.3717 1.76778 4.87 1.93 2014 10 21 2 48 38.77 0.0696639 0.800165 0.500474 79
11.3376 1.58364 5.3 1.93 2014 12 1 8 11 35.94 0.0696639 0.800165 0.500474 79
11.3311 1.71885 5.14 1.67 2015 1 13 17 0 39.04 0.0696639 0.800165 0.500474 79
11.0318 1.51081 4.89 1.56 2015 6 17 19 50 2.62 0.0696639 0.800165 0.500474 79
11.4919 1.60843 5.15 1.5 2017 4 16 12 24 22.13 0.0696639 0.800165 0.500474 79
10.9717 1.45777 4.96 1.39 2015 6 16 6 39 4.4 0.0696639 0.800165 0.500474 79
10.7572 1.22526 4.69 1.32 2015 1 3 19 22 35.6 0.0696639 0.800165 0.500474 79
11.2173 1.7352 5.1 1.23 2014 12 23 0 16 41.72 0.0696639 0.800165 0.500474 79
10.6188 1.26729 4.58 1.12 2015 1 3 20 26 40.86 0.0696639 0.800165 0.500474 79
10.4478 1.14019 4.62 1.08 2015 6 12 11 49 2.03 0.0696639 0.800165 0.500474 79
11.3738 1.84962 4.91 1.06 2014 10 7 23 19 32.14 0.0696639 0.800165 0.500474 79
11.3383 1.69261 5.17 1 2015 1 13 11 33 54.7 0.0696639 0.800165 0.500474 79
11.3897 1.82204 4.99 1 2015 10 27 20 40 16.96 0.0696639 0.800165 0.500474 79
10.7601 1.2158 4.7 0.99 2014 4 26 16 8 45.47 0.0696639 0.800165 0.500474 79
11.326 1.79357 4.93 0.98 2014 10 21 12 49 4.7 0.0696639 0.800165 0.500474 79
11.3651 1.83605 5.03 0.95 2014 10 21 4 9 29.24 0.0696639 0.800165 0.500474 79
10.7413 1.21214 4.72 0.94 2015 1 3 18 42 38.16 0.0696639 0.800165 0.500474 79
11.0166 1.47278 4.79 0.9 2015 6 16 1 49 45.98 0.0696639 0.800165 0.500474 79
11.2528 1.66681 5.12 0.89 2015 1 14 5 56 12.27 0.0696639 0.800165 0.500474 79
10.4188 1.48267 4.55 0.87 2014 11 21 4 47 35.68 0.0696639 0.800165 0.500474 79
11.3927 1.85006 4.98 0.85 2014 10 21 2 38 16.11 0.0696639 0.800165 0.500474 79
10.3913 1.18767 4.61 0.81 2016 1 9 14 49 6.24 0.0696639 0.800165 0.500474 79
10.5405 1.41073 4.8 0.81 2016 5 14 8 12 25.09 0.0696639 0.800165 0.500474 79
11.3499 1.62745 5.28 0.74 2014 12 1 11 58 20.1 0.0696639 0.800165 0.500474 79
11.3274 1.62522 5.23 0.72 2015 8 6 3 16 21.24 0.0696639 0.800165 0.500474 79
10.9608 1.45287 4.98 0.7 2015 6 16 5 34 35.11 0.0696639 0.800165 0.500474 79
10.9558 1.44609 4.82 0.67 2014 11 14 16 30 40.76 0.0696639 0.800165 0.500474 79
11.2586 1.72708 5.05 0.64 2014 11 8 11 50 51.1 0.0696639 0.800165 0.500474 79
10.5492 1.42296 4.81 0.55 2016 5 15 3 31 57.16 0.0696639 0.800165 0.500474 79
11.476 1.74832 5.15 0.55 2016 6 24 9 1 21.35 0.0696639 0.800165 0.500474 79
10.4825 1.23249 4.58 0.54 2015 6 15 23 51 33.48 0.0696639 0.800165 0.500474 79
11.1963 1.49624 5.14 0.5 2014 5 29 10 17 44.74 0.0696639 0.800165 0.500474 79
11.6825 1.96459 4.88 0.33 2015 6 9 1 11 43 0.0696639 0.800165 0.500474 79
11.455 1.85595 4.76 0.21 2014 10 24 6 41 51.35 0.0696639 0.800165 0.500474 79
10.7543 1.50714 4.96 0.2 2014 11 15 4 15 25.88 0.0696639 0.800165 0.500474 79
10.358 1.29086 4.61 0.12 2014 11 21 5 44 21.27 0.0696639 0.800165 0.500474 79
10.9623 1.47278 4.95 0.12 2015 6 16 4 40 36.14 0.0696639 0.800165 0.500474 79
10.9528 1.44331 4.87 0.09 2015 6 16 4 49 56.81 0.0696639 0.800165 0.500474 79
10.4253 1.47678 4.52 0.08 2014 11 21 9 30 42.3 0.0696639 0.800165 0.500474 79
7.86315 0.397744 3.94 1.86 2015 9 13 10 10 46.74 0.908508 0.840489 0.617281 80
7.80955 0.338033 4.06 1.82 2015 9 24 8 40 7.93 0.908508 0.840489 0.617281 80
7.88416 0.399968 3.96 1.75 2015 9 20 10 6 30.93 0.908508 0.840489 0.617281 80
7.79655 0.317239 4 1.36 2016 4 17 17 44 55.64 0.908508 0.840489 0.617281 80
7.53282 0.106302 4.05 1.29 2015 11 24 17 43 57 0.908508 0.840489 0.617281 80
7.82112 0.348374 3.98 1.28 2015 9 24 10 0 5.95 0.908508 0.840489 0.617281 80
7.53059 0.099075 4.08 1.26 2015 11 24 16 48 50.1 0.908508 0.840489 0.617281 80
7.59728 0.242071 3.82 1.14 2015 7 5 5 30 55.63 0.908508 0.840489 0.617281 80
7.58927 0.206378 4.15 1.1 2015 4 12 10 21 14.64 0.908508 0.840489 0.617281 80
7.55882 0.206823 3.88 1.06 2015 7 5 4 45 52.14 0.908508 0.840489 0.617281 80
7.49872 0.041142 4.28 0.95 2014 12 2 5 20 18.48 0.908508 0.840489 0.617281 80
7.78711 0.325356 4 0.94 2015 9 21 7 17 7.92 0.908508 0.840489 0.617281 80
7.59363 0.248409 3.78 0.77 2015 8 7 4 21 38.86 0.908508 0.840489 0.617281 80
7.72986 0.222167 4.27 0.76 2014 8 30 16 47 50.49 0.908508 0.840489 0.617281 80
7.79655 0.340256 3.92 0.65 2015 9 6 12 40 41.63 0.908508 0.840489 0.617281 80
7.84 0.368722 3.97 0.63 2015 9 24 9 9 43.09 0.908508 0.840489 0.617281 80
7.81391 0.359271 3.92 0.51 2015 9 13 12 20 42.85 0.908508 0.840489 0.617281 80
7.81026 0.347484 3.98 0.49 2015 9 14 15 18 26.32 0.908508 0.840489 0.617281 80
7.58491 0.201374 4.16 0.48 2015 4 12 10 21 33.61 0.908508 0.840489 0.617281 80
7.79868 0.337143 4.01 0.43 2015 9 21 7 39 18.3 0.908508 0.840489 0.617281 80
7.69433 0.195481 4.3 0.42 2014 9 5 4 6 9.04 0.908508 0.840489 0.617281 80
7.70742 0.204932 4.29 0.39 2014 8 29 20 48 38.58 0.908508 0.840489 0.617281 80
7.59657 0.123538 4.28 0.33 2015 4 10 15 12 30.01 0.908508 0.840489 0.617281 80
7.85309 0.391406 3.9 0.3 2015 9 13 10 47 30.85 0.908508 0.840489 0.617281 80
7.71971 0.222612 4.29 0.29 2014 8 30 10 47 18.58 0.908508 0.840489 0.617281 80
7.85086 0.36383 4.09 0.2 2015 9 26 23 58 25.62 0.908508 0.840489 0.617281 80
7.74214 0.284103 4.14 0.05 2015 7 23 6 10 40.49 0.908508 0.840489 0.617281 80
13.2164 2.66312 5.42 1.28 2015 5 27 14 43 34.24 0.670524 0.718361 0.590611 81
13.1548 2.60029 5.33 1.27 2015 5 27 18 55 48.16 0.670524 0.718361 0.590611 81
13.3838 2.72105 5.51 1.21 2016 3 18 23 52 17.42 0.670524 0.718361 0.590611 81
13.2367 2.75686 5.8 1.09 2015 5 27 18 18 11.64 0.670524 0.718361 0.590611 81
13.2259 2.62153 5.29 1.04 2015 6 7 2 22 15.47 0.670524 0.718361 0.590611 81
13.2454 2.76275 5.8 0.99 2015 5 27 17 47 28.94 0.670524 0.718361 0.590611 81
13.2751 2.67446 5.44 0.93 2015 5 27 18 28 41.32 0.670524 0.718361 0.590611 81
13.1954 2.65189 5.39 0.9 2015 5 27 14 52 36.64 0.670524 0.718361 0.590611 81
13.2519 2.67713 5.36 0.8 2015 6 7 2 41 44.35 0.670524 0.718361 0.590611 81
13.1875 2.64688 5.42 0.32 2015 5 27 15 3 7.9 0.670524 0.718361 0.590611 81
13.3005 2.71705 5.59 0.14 2015 8 27 6 57 19.96 0.670524 0.718361 0.590611 81
12.1889 2.38847 5.24 1.24 2014 11 20 13 17 53.38 0.458521 0.770943 0.656432 82
12.1441 2.39803 5.14 1.01 2014 12 21 17 24 53.58 0.458521 0.770943 0.656432 82
12.1977 2.01074 5.07 0.95 2015 10 25 2 14 9.35 0.458521 0.770943 0.656432 82
12.2187 2.217 5.32 0.88 2014 6 6 21 44 31.26 0.458521 0.770943 0.656432 82
12.0889 2.37724 5.18 0.85 2014 12 21 23 1 2.72 0.458521 0.770943 0.656432 82
12.0817 2.36134 5.28 0.84 2014 1 3 3 22 24.11 0.458521 0.770943 0.656432 82
12.1542 2.39169 5.3 0.82 2014 11 20 13 17 4.87 0.458521 0.770943 0.656432 82
12.1368 2.3858 5.33 0.55 2014 1 4 7 18 17.33 0.458521 0.770943 0.656432 82
12.4136 2.50522 5.42 0.48 2014 10 25 4 11 55.5 0.458521 0.770943 0.656432 82
12.0527 2.34466 5.3 0.43 2014 11 20 15 34 10.03 0.458521 0.770943 0.656432 82
12.0897 2.36 5.31 0.39 2014 11 20 16 31 53.89 0.458521 0.770943 0.656432 82
12.0854 2.38079 5.29 0.36 2014 1 3 3 31 57.79 0.458521 0.770943 0.656432 82
12.7042 2.50022 5.51 0.35 2016 2 13 10 17 32.12 0.458521 0.770943 0.656432 82
12.0962 2.35867 5.2 0.29 2014 1 3 4 17 58.05 0.458521 0.770943 0.656432 82
12.0339 2.355 5.35 0.28 2014 11 20 15 58 23.45 0.458521 0.770943 0.656432 82
12.1085 2.30029 5.3 0.07 2014 1 3 4 27 15.41 0.458521 0.770943 0.656432 82
2.12879 4.63038 5.11 3.12 2014 11 21 13 3 42.55 0.73556 0.62267 0.511307 83
2.07012 4.63583 5.07 2.12 2014 11 20 13 12 10.38 0.73556 0.62267 0.511307 83
2.04109 4.63405 5.03 1.92 2014 11 20 14 26 56.06 0.73556 0.62267 0.511307 83
1.9817 4.64128 5.03 1.77 2014 11 22 14 39 55.03 0.73556 0.62267 0.511307 83
2.16797 4.62182 5.15 1.72 2014 11 21 12 53 14.16 0.73556 0.62267 0.511307 83
2.15488 4.6286 5.08 1.61 2014 11 20 12 42 26.5 0.73556 0.62267 0.511307 83
2.03103 4.63227 5.03 1.54 2014 11 19 21 36 5.56 0.73556 0.62267 0.511307 83
2.10849 4.62949 5.16 1.26 2014 11 20 10 35 45.12 0.73556 0.62267 0.511307 83
2.17447 4.62137 5.01 1.18 2014 11 20 15 2 2.05 0.73556 0.62267 0.511307 83
2.08027 4.63182 5.11 1.17 2014 11 20 3 25 56.94 0.73556 0.62267 0.511307 83
2.01144 4.64083 4.95 1.12 2014 11 19 12 31 40.28 0.73556 0.62267 0.511307 83
1.90273 4.66485 4.93 1.1 2014 11 22 5 7 15.19 0.73556 0.62267 0.511307 83
2.09985 4.62271 5.06 1.05 2014 11 19 23 2 21.32 0.73556 0.62267 0.511307 83
2.12007 4.6187 5.07 1.05 2014 11 20 3 8 46.12 0.73556 0.62267 0.511307 83
2.13244 4.62271 5.16 0.73 2014 11 20 10 42 19.54 0.73556 0.62267 0.511307 83
2.16289 4.62727 5.02 0.73 2014 11 20 15 9 15.07 0.73556 0.62267 0.511307 83
2.38602 4.49783 4.99 0.71 2014 11 22 13 58 3.1 0.73556 0.62267 0.511307 83
2.1433 4.62226 5.18 0.64 2014 11 21 13 29 21.37 0.73556 0.62267 0.511307 83
2.11508 4.6286 5.1 0.43 2014 11 20 3 22 27.09 0.73556 0.62267 0.511307 83
2.14108 4.62137 5.15 0.41 2014 11 20 10 44 29.76 0.73556 0.62267 0.511307 83
2.24035 4.62048 5.1 0.4 2014 11 20 2 15 48.97 0.73556 0.62267 0.511307 83
2.34471 4.572 5.15 0.4 2014 11 22 2 5 54.88 0.73556 0.62267 0.511307 83
2.19619 4.62504 5.08 0.33 2014 11 20 11 14 20.9 0.73556 0.62267 0.511307 83
2.57006 4.72412 5.32 0.16 2015 8 15 20 2 39.08 0.73556 0.62267 0.511307 83
2.31862 4.61959 5.08 0.03 2014 11 20 2 21 11.85 0.73556 0.62267 0.511307 83
0.24049 5.49459 4.96 1.92 2016 2 19 17 1 41.16 0.0491633 0.27136 0.0295145 84
0.27094 5.37828 4.86 1.51 2014 12 24 18 9 49.6 0.0491633 0.27136 0.0295145 84
0.404318 5.34258 4.77 1.17 2014 12 9 11 13 49.58 0.0491633 0.27136 0.0295145 84
0.631808 5.28009 4.95 1.15 2015 5 23 21 35 33.92 0.0491633 0.27136 0.0295145 84
0.454268 5.33446 4.68 1.11 2015 8 23 8 1 27.76 0.0491633 0.27136 0.0295145 84
0.437618 5.33491 4.73 1.08 2015 8 23 7 45 32.52 0.0491633 0.27136 0.0295145 84
0.299967 5.41542 4.73 1.07 2015 5 28 11 52 28.31 0.0491633 0.27136 0.0295145 84
0.205765 5.37105 4.78 1 2016 7 23 0 40 3.96 0.0491633 0.27136 0.0295145 84
0.301391 5.32946 5.01 0.92 2015 7 8 7 10 8.2 0.0491633 0.27136 0.0295145 84
0.199265 5.39773 4.79 0.92 2016 6 28 6 41 28.98 0.0491633 0.27136 0.0295145 84
0.560044 5.22038 5.21 0.89 2015 7 24 15 42 28.1 0.0491633 0.27136 0.0295145 84
0.278954 5.34303 4.99 0.83 2015 7 2 11 22 52.4 0.0491633 0.27136 0.0295145 84
0.244852 5.50137 4.93 0.77 2016 2 20 1 15 7.87 0.0491633 0.27136 0.0295145 84
0.180389 5.47969 5.06 0.65 2015 3 9 22 2 14.36 0.0491633 0.27136 0.0295145 84
0.160089 5.48013 5.05 0.41 2015 2 25 9 44 16.01 0.0491633 0.27136 0.0295145 84
0.364429 5.34981 5.11 0.39 2015 10 11 14 40 17.1 0.0491633 0.27136 0.0295145 84
0.149939 5.48469 5.05 0.34 2015 2 25 10 2 38.43 0.0491633 0.27136 0.0295145 84
0.164452 5.48191 5.05 0.22 2015 2 25 5 14 46.34 0.0491633 0.27136 0.0295145 84
0.286166 5.38106 4.83 0.19 2014 12 25 12 26 57.58 0.0491633 0.27136 0.0295145 84
0.252154 5.24851 4.95 0.13 2015 5 25 5 23 18.24 0.0491633 0.27136 0.0295145 84
0.183328 5.38962 5.08 0.07 2015 12 26 9 22 5.4 0.0491633 0.27136 0.0295145 84
13.3316 1.93201 5.67 3.86 2016 2 6 20 39 9.04 0.0648514 0.73727 0.106364 85
13.3143 1.93557 5.69 3.18 2016 1 19 23 57 7.4 0.0648514 0.73727 0.106364 85
15.4228 4.06618 6.9 3.01 2014 11 2 0 58 36.14 0.0648514 0.73727 0.106364 85
13.4273 2.06 5.81 2.69 2016 1 25 16 29 38.11 0.0648514 0.73727 0.106364 85
15.1916 3.88026 6.71 2.65 2014 11 3 3 54 57.26 0.0648514 0.73727 0.106364 85
15.1974 3.78252 6.83 2.63 2014 10 16 13 39 49.1 0.0648514 0.73727 0.106364 85
15.7307 4.22507 6.86 2.44 2014 11 14 6 27 31.73 0.0648514 0.73727 0.106364 85
13.1287 1.73831 5.62 2.42 2016 1 24 5 43 39.88 0.0648514 0.73727 0.106364 85
15.3003 3.93452 6.77 2.29 2014 11 3 4 28 24 0.0648514 0.73727 0.106364 85
15.3837 3.99112 6.81 2.27 2014 11 9 1 17 26.01 0.0648514 0.73727 0.106364 85
13.1635 1.79669 5.67 2.26 2016 1 25 21 22 4.98 0.0648514 0.73727 0.106364 85
14.6663 2.86449 6.12 2.22 2014 5 28 2 42 15.71 0.0648514 0.73727 0.106364 85
14.7062 2.8586 6.17 2.2 2014 5 28 16 27 18.91 0.0648514 0.73727 0.106364 85
13.2983 1.96815 5.85 2.17 2016 1 18 3 6 58.52 0.0648514 0.73727 0.106364 85
15.1018 3.81421 6.74 2.13 2014 11 3 8 9 23.93 0.0648514 0.73727 0.106364 85
13.4606 2.18898 5.43 2.11 2016 2 1 22 37 44.8 0.0648514 0.73727 0.106364 85
13.8447 2.88529 5.96 2.09 2015 7 29 14 30 33.06 0.0648514 0.73727 0.106364 85
13.299 1.92245 5.67 2.09 2016 1 15 11 13 4.49 0.0648514 0.73727 0.106364 85
13.2933 1.95592 5.79 2.08 2016 1 25 16 32 44.23 0.0648514 0.73727 0.106364 85
14.862 3.69434 6.66 2.06 2017 3 3 15 2 17.61 0.0648514 0.73727 0.106364 85
15.3627 4.00424 6.81 2.04 2014 11 9 1 46 43.73 0.0648514 0.73727 0.106364 85
13.2497 1.91522 5.75 2.02 2016 2 16 3 56 19.2 0.0648514 0.73727 0.106364 85
15.6844 4.20917 6.83 2.01 2014 11 7 9 28 48.32 0.0648514 0.73727 0.106364 85
15.5641 4.19739 6.49 1.95 2014 10 29 1 41 50.86 0.0648514 0.73727 0.106364 85
14.4938 3.55579 6.37 1.95 2015 8 8 15 21 56.95 0.0648514 0.73727 0.106364 85
13.1556 1.76544 5.52 1.94 2016 1 25 8 53 51.19 0.0648514 0.73727 0.106364 85
15.3446 3.99746 6.79 1.91 2014 11 2 12 6 35.39 0.0648514 0.73727 0.106364 85
14.2881 3.07487 6.18 1.91 2015 3 15 5 49 32.09 0.0648514 0.73727 0.106364 85
15.6691 4.15213 6.81 1.9 2014 11 14 17 32 6.24 0.0648514 0.73727 0.106364 85
13.2758 1.93791 5.43 1.9 2016 2 7 3 52 19.28 0.0648514 0.73727 0.106364 85
15.238 3.95265 6.74 1.84 2014 11 10 22 58 11.98 0.0648514 0.73727 0.106364 85
14.6453 2.86494 6.12 1.82 2014 5 27 15 23 36.67 0.0648514 0.73727 0.106364 85
15.2525 3.87703 6.79 1.82 2014 12 10 12 32 24.63 0.0648514 0.73727 0.106364 85
13.3323 1.98716 5.8 1.81 2016 1 19 15 45 35.78 0.0648514 0.73727 0.106364 85
13.3896 2.05321 5.83 1.81 2016 1 25 16 31 11.85 0.0648514 0.73727 0.106364 85
13.2642 1.91033 5.74 1.8 2016 1 19 10 20 31.64 0.0648514 0.73727 0.106364 85
13.515 2.23557 5.87 1.78 2016 2 7 11 35 7.5 0.0648514 0.73727 0.106364 85
13.2635 1.93424 5.81 1.76 2016 1 26 23 38 56.9 0.0648514 0.73727 0.106364 85
13.1976 2.0084 6.09 1.76 2016 3 2 2 24 37.98 0.0648514 0.73727 0.106364 85
13.4092 2.00751 5.62 1.74 2016 1 20 0 15 7.34 0.0648514 0.73727 0.106364 85
13.2584 1.95736 5.41 1.71 2016 3 2 15 11 52.16 0.0648514 0.73727 0.106364 85
13.1469 1.78134 5.67 1.7 2016 1 24 14 52 2.8 0.0648514 0.73727 0.106364 85
15.1916 3.86625 6.76 1.69 2014 11 2 3 52 39.2 0.0648514 0.73727 0.106364 85
14.8584 3.51698 6.61 1.69 2015 9 29 11 51 45.73 0.0648514 0.73727 0.106364 85
15.4605 4.05261 6.89 1.64 2014 11 9 0 23 17.75 0.0648514 0.73727 0.106364 85
13.5932 2.16274 5.72 1.64 2016 2 26 9 52 39.29 0.0648514 0.73727 0.106364 85
14.3047 3.01739 6.07 1.63 2014 5 28 19 50 48 0.0648514 0.73727 0.106364 85
13.7244 2.82246 6.11 1.62 2015 3 13 16 9 44.09 0.0648514 0.73727 0.106364 85
13.2092 1.80525 5.53 1.61 2016 1 25 10 42 3.56 0.0648514 0.73727 0.106364 85
15.4554 4.03593 6.73 1.6 2014 11 2 7 55 14.11 0.0648514 0.73727 0.106364 85
14.7924 2.35411 6.4 1.6 2016 9 12 8 27 30.67 0.0648514 0.73727 0.106364 85
14.633 2.8944 6.15 1.59 2014 5 28 5 9 13.57 0.0648514 0.73727 0.106364 85
14.162 3.10523 6.07 1.59 2015 3 7 9 43 45.48 0.0648514 0.73727 0.106364 85
14.9533 3.55179 6.66 1.58 2015 9 14 22 53 49.3 0.0648514 0.73727 0.106364 85
14.141 2.79755 6 1.58 2016 5 2 3 34 24.22 0.0648514 0.73727 0.106364 85
13.4722 2.06678 5.66 1.57 2016 1 30 11 41 31.35 0.0648514 0.73727 0.106364 85
13.1961 1.80892 5.6 1.56 2016 1 20 11 21 17.83 0.0648514 0.73727 0.106364 85
14.4598 2.97902 6.11 1.54 2014 5 28 12 29 32.8 0.0648514 0.73727 0.106364 85
14.9424 3.58203 6.63 1.53 2015 9 30 2 34 41.67 0.0648514 0.73727 0.106364 85
13.1751 1.77856 5.56 1.53 2016 1 24 2 50 59.05 0.0648514 0.73727 0.106364 85
13.4505 2.04198 5.6 1.53 2016 1 30 18 35 25.28 0.0648514 0.73727 0.106364 85
14.291 2.8785 5.85 1.52 2014 1 8 11 13 13.08 0.0648514 0.73727 0.106364 85
14.3816 3.01427 6.1 1.52 2015 3 7 19 14 27.72 0.0648514 0.73727 0.106364 85
15.6829 4.22096 6.86 1.51 2014 11 6 21 11 29.54 0.0648514 0.73727 0.106364 85
14.5055 2.95 6.08 1.5 2014 5 27 21 38 22.4 0.0648514 0.73727 0.106364 85
13.4353 2.0759 5.8 1.5 2016 1 27 21 34 41.64 0.0648514 0.73727 0.106364 85
13.2672 1.95325 5.36 1.48 2016 3 2 2 24 48.58 0.0648514 0.73727 0.106364 85
14.1635 2.91019 5.94 1.47 2014 1 8 0 5 57.42 0.0648514 0.73727 0.106364 85
15.4707 4.04449 6.74 1.47 2014 11 2 1 12 26.38 0.0648514 0.73727 0.106364 85
13.2251 1.85095 5.7 1.47 2016 1 17 2 42 17.58 0.0648514 0.73727 0.106364 85
13.2389 1.90254 5.74 1.47 2016 1 31 17 7 46.02 0.0648514 0.73727 0.106364 85
14.183 3.29526 6.33 1.47 2016 3 30 5 6 35.74 0.0648514 0.73727 0.106364 85
13.7787 2.17175 5.79 1.47 2016 7 8 11 26 58.79 0.0648514 0.73727 0.106364 85
13.3092 1.91122 5.59 1.46 2016 2 8 20 44 36.2 0.0648514 0.73727 0.106364 85
13.515 2.11837 5.75 1.44 2016 2 6 20 59 51.02 0.0648514 0.73727 0.106364 85
14.7873 2.73551 6.15 1.44 2015 3 8 5 9 14.93 0.0648514 0.73727 0.106364 85
13.878 2.88762 5.97 1.43 2015 7 29 18 42 16.08 0.0648514 0.73727 0.106364 85
13.2389 1.90032 5.79 1.43 2016 1 16 15 4 38.87 0.0648514 0.73727 0.106364 85
13.1867 1.94691 6.32 1.43 2016 10 3 10 35 50.01 0.0648514 0.73727 0.106364 85
14.2881 2.95456 6.25 1.42 2014 2 4 15 7 1.09 0.0648514 0.73727 0.106364 85
14.3475 3.00838 6.05 1.4 2015 3 7 16 46 43.55 0.0648514 0.73727 0.106364 85
13.4128 2.12293 5.42 1.4 2016 2 1 22 23 9.52 0.0648514 0.73727 0.106364 85
13.6041 2.20477 5.98 1.4 2016 2 12 4 58 23.3 0.0648514 0.73727 0.106364 85
14.2866 3.05541 6.1 1.38 2014 5 28 8 15 43.86 0.0648514 0.73727 0.106364 85
13.8678 2.80745 5.75 1.38 2014 11 28 11 4 55.99 0.0648514 0.73727 0.106364 85
13.1171 1.72841 5.58 1.37 2016 1 24 2 14 10.79 0.0648514 0.73727 0.106364 85
15.0228 2.76086 6.21 1.37 2014 7 21 13 30 29.48 0.0648514 0.73727 0.106364 85
15.4749 4.07529 6.83 1.36 2014 10 31 1 18 19.63 0.0648514 0.73727 0.106364 85
13.5838 1.97226 5.76 1.36 2016 4 21 6 3 10.39 0.0648514 0.73727 0.106364 85
15.3213 2.64055 6.25 1.36 2014 11 27 17 39 10.28 0.0648514 0.73727 0.106364 85
15.2924 3.89649 6.82 1.35 2014 12 10 12 33 33.8 0.0648514 0.73727 0.106364 85
13.2766 1.93379 5.77 1.35 2016 1 8 22 25 49.78 0.0648514 0.73727 0.106364 85
13.3266 1.95781 5.71 1.35 2016 1 19 9 54 31.3 0.0648514 0.73727 0.106364 85
13.136 1.74787 5.52 1.35 2016 1 25 7 24 46.73 0.0648514 0.73727 0.106364 85
15.3481 2.65723 6.25 1.35 2014 11 27 13 18 48.5 0.0648514 0.73727 0.106364 85
13.3664 1.99083 5.53 1.34 2016 1 25 17 39 46.34 0.0648514 0.73727 0.106364 85
13.4353 2.1057 5.47 1.34 2016 2 1 22 39 24.66 0.0648514 0.73727 0.106364 85
15.0322 3.79108 6.7 1.33 2014 11 18 21 27 10.54 0.0648514 0.73727 0.106364 85
14.2866 3.05085 6.09 1.33 2015 3 7 12 30 58.97 0.0648514 0.73727 0.106364 85
14.1526 2.94822 5.92 1.32 2013 12 31 14 55 26.19 0.0648514 0.73727 0.106364 85
14.6192 2.86494 6.1 1.32 2014 5 27 16 6 43.47 0.0648514 0.73727 0.106364 85
15.2264 3.8866 6.77 1.32 2014 11 2 4 24 48.74 0.0648514 0.73727 0.106364 85
13.4229 2.14462 5.42 1.32 2016 2 1 20 41 42.52 0.0648514 0.73727 0.106364 85
15.3583 4.0128 6.79 1.3 2014 11 2 0 56 1.37 0.0648514 0.73727 0.106364 85
13.4838 2.1931 5.46 1.3 2016 2 2 1 20 15.06 0.0648514 0.73727 0.106364 85
14.8888 3.53455 6.61 1.29 2015 9 29 11 7 58.37 0.0648514 0.73727 0.106364 85
15.1294 3.83144 6.72 1.28 2014 11 3 5 53 1.25 0.0648514 0.73727 0.106364 85
13.328 1.918 5.61 1.28 2016 1 19 12 54 3.27 0.0648514 0.73727 0.106364 85
13.2665 2.00028 5.26 1.28 2016 2 29 6 26 40.95 0.0648514 0.73727 0.106364 85
13.615 1.98361 5.74 1.27 2016 6 21 19 30 59.72 0.0648514 0.73727 0.106364 85
13.6533 2.20889 5.7 1.26 2016 2 9 19 46 24.02 0.0648514 0.73727 0.106364 85
14.6526 2.84503 6.11 1.25 2014 5 27 15 12 53.55 0.0648514 0.73727 0.106364 85
14.5048 2.91965 6.09 1.25 2015 3 7 20 4 42.12 0.0648514 0.73727 0.106364 85
14.5359 2.9242 6.1 1.24 2015 3 7 20 55 49.68 0.0648514 0.73727 0.106364 85
16.1894 4.54576 7.16 1.24 2015 4 18 10 58 30.03 0.0648514 0.73727 0.106364 85
14.2779 3.28803 6.45 1.24 2016 4 8 13 37 12.82 0.0648514 0.73727 0.106364 85
14.2989 3.27347 6.2 1.23 2015 3 5 10 51 0.56 0.0648514 0.73727 0.106364 85
13.4476 2.50611 5.92 1.22 2016 2 14 3 58 56.14 0.0648514 0.73727 0.106364 85
14.6663 2.90074 6.12 1.21 2014 5 28 16 33 42.93 0.0648514 0.73727 0.106364 85
14.3134 3.02239 6.09 1.21 2014 5 29 0 33 18.87 0.0648514 0.73727 0.106364 85
15.3061 3.88293 6.87 1.21 2014 11 9 2 21 9.14 0.0648514 0.73727 0.106364 85
14.2425 3.0265 6.17 1.21 2015 3 15 5 55 28.99 0.0648514 0.73727 0.106364 85
14.4881 3.55446 6.34 1.21 2015 8 8 14 31 50.05 0.0648514 0.73727 0.106364 85
13.2027 1.86685 5.82 1.21 2016 1 23 7 35 23.88 0.0648514 0.73727 0.106364 85
13.6701 2.40982 5.66 1.21 2016 2 13 14 17 47.23 0.0648514 0.73727 0.106364 85
14.5852 2.91787 6.13 1.2 2014 5 29 15 37 42.43 0.0648514 0.73727 0.106364 85
15.7169 4.21373 6.84 1.2 2014 11 7 10 34 36.22 0.0648514 0.73727 0.106364 85
13.3599 1.95458 5.6 1.2 2016 1 19 13 18 4.47 0.0648514 0.73727 0.106364 85
14.2323 3.29882 6.38 1.2 2016 4 8 23 6 17.44 0.0648514 0.73727 0.106364 85
13.0447 1.89487 5.91 1.19 2016 2 27 10 26 20.82 0.0648514 0.73727 0.106364 85
15.175 3.86847 6.75 1.18 2014 11 2 4 41 41.96 0.0648514 0.73727 0.106364 85
13.0295 1.89988 6.04 1.18 2016 2 11 1 34 51.5 0.0648514 0.73727 0.106364 85
13.9794 2.95545 6.39 1.17 2015 12 31 3 41 39.66 0.0648514 0.73727 0.106364 85
13.3048 1.96637 5.8 1.17 2016 1 19 0 13 14.8 0.0648514 0.73727 0.106364 85
13.1672 1.79491 5.69 1.16 2016 1 24 10 15 10.18 0.0648514 0.73727 0.106364 85
14.3069 3.25178 6.55 1.16 2016 4 10 11 2 2.42 0.0648514 0.73727 0.106364 85
14.2215 3.30883 6.36 1.15 2016 3 30 20 13 10.72 0.0648514 0.73727 0.106364 85
13.4113 2.04376 5.72 1.14 2016 1 24 4 4 18.86 0.0648514 0.73727 0.106364 85
13.4939 2.11526 5.8 1.14 2016 1 28 18 20 52.32 0.0648514 0.73727 0.106364 85
13.3381 1.99217 5.78 1.14 2016 2 5 4 29 57.34 0.0648514 0.73727 0.106364 85
13.1621 1.86596 5.97 1.14 2016 5 1 18 51 28.18 0.0648514 0.73727 0.106364 85
14.5989 2.9351 6.1 1.13 2014 5 28 19 3 4.16 0.0648514 0.73727 0.106364 85
15.4061 4.04772 6.8 1.13 2014 10 31 5 58 43.88 0.0648514 0.73727 0.106364 85
13.4346 2.05955 5.53 1.12 2016 1 25 16 47 35.78 0.0648514 0.73727 0.106364 85
13.5766 2.21934 5.78 1.12 2016 2 8 8 10 51.08 0.0648514 0.73727 0.106364 85
13.4556 1.67637 5.76 1.11 2015 1 23 17 53 48.48 0.0648514 0.73727 0.106364 85
14.2366 3.13147 6.12 1.11 2015 3 5 5 54 56.64 0.0648514 0.73727 0.106364 85
13.4389 2.09536 5.83 1.11 2016 2 23 17 17 24.48 0.0648514 0.73727 0.106364 85
14.3381 3.27892 6.11 1.1 2015 3 5 12 25 21.49 0.0648514 0.73727 0.106364 85
13.2483 1.92111 5.83 1.1 2016 1 19 4 55 3.54 0.0648514 0.73727 0.106364 85
13.2998 1.90666 5.46 1.1 2016 1 26 22 12 35.36 0.0648514 0.73727 0.106364 85
13.4143 2.03965 5.72 1.1 2016 2 3 11 52 28.65 0.0648514 0.73727 0.106364 85
13.2577 1.8564 5.54 1.1 2016 2 8 20 21 18.32 0.0648514 0.73727 0.106364 85
14.7163 2.80889 6.12 1.1 2014 5 28 5 58 57.85 0.0648514 0.73727 0.106364 85
14.3157 2.98125 6.26 1.09 2014 2 4 15 19 36.63 0.0648514 0.73727 0.106364 85
15.6742 4.28968 7.04 1.09 2015 3 20 12 6 17.51 0.0648514 0.73727 0.106364 85
16.3793 4.68876 7.01 1.09 2015 4 19 11 38 41.82 0.0648514 0.73727 0.106364 85
13.3744 2.02653 5.78 1.09 2016 1 20 23 38 52.6 0.0648514 0.73727 0.106364 85
13.2548 1.93512 5.41 1.09 2016 2 6 21 47 57.32 0.0648514 0.73727 0.106364 85
13.4649 2.10025 5.82 1.09 2016 2 12 1 31 52.43 0.0648514 0.73727 0.106364 85
14.0917 2.9957 6.38 1.08 2014 5 29 7 14 55.95 0.0648514 0.73727 0.106364 85
15.5691 4.15213 6.83 1.08 2014 11 7 9 39 52.4 0.0648514 0.73727 0.106364 85
13.157 1.8157 5.79 1.08 2016 1 25 22 46 27.52 0.0648514 0.73727 0.106364 85
14.4917 2.94689 6.12 1.07 2015 3 7 20 55 23.16 0.0648514 0.73727 0.106364 85
13.5961 1.98538 5.78 1.07 2016 4 21 6 5 51.06 0.0648514 0.73727 0.106364 85
15.1504 2.70337 6.23 1.07 2014 7 22 8 10 5.32 0.0648514 0.73727 0.106364 85
13.3171 2.05466 6.11 1.07 2016 2 25 13 34 39.5 0.0648514 0.73727 0.106364 85
15.5677 4.13501 6.82 1.06 2014 11 4 3 6 51.61 0.0648514 0.73727 0.106364 85
13.2875 1.8971 5.5 1.06 2016 2 10 10 19 21.64 0.0648514 0.73727 0.106364 85
15.6649 4.19928 6.87 1.05 2014 11 3 2 57 2.15 0.0648514 0.73727 0.106364 85
15.5076 4.11188 6.84 1.05 2014 11 4 2 46 35.92 0.0648514 0.73727 0.106364 85
13.2215 1.81481 5.5 1.05 2016 1 25 6 58 10.4 0.0648514 0.73727 0.106364 85
13.1707 1.85462 5.9 1.05 2016 1 27 13 17 3.97 0.0648514 0.73727 0.106364 85
13.1628 1.85506 5.89 1.05 2016 1 27 16 30 28.58 0.0648514 0.73727 0.106364 85
13.1592 1.77723 5.57 1.05 2016 1 27 22 15 35.84 0.0648514 0.73727 0.106364 85
13.5787 2.21978 5.89 1.05 2016 2 9 6 22 37.24 0.0648514 0.73727 0.106364 85
13.4563 2.09847 5.79 1.04 2016 1 31 4 39 28.23 0.0648514 0.73727 0.106364 85
13.5288 2.11248 5.7 1.03 2016 2 19 21 11 25.4 0.0648514 0.73727 0.106364 85
14.2077 3.27892 6.38 1.03 2016 3 31 7 59 42.68 0.0648514 0.73727 0.106364 85
14.2794 3.25812 6.48 1.03 2016 4 8 21 26 52.16 0.0648514 0.73727 0.106364 85
13.4265 2.07723 5.46 1.02 2016 1 27 21 24 4.52 0.0648514 0.73727 0.106364 85
13.307 1.97538 5.39 1.02 2016 2 7 0 17 35.31 0.0648514 0.73727 0.106364 85
15.4597 4.0585 6.76 1.01 2014 11 2 7 58 55.63 0.0648514 0.73727 0.106364 85
13.2389 1.90077 5.76 1.01 2016 1 9 21 31 3 0.0648514 0.73727 0.106364 85
13.3802 2.05955 5.42 1.01 2016 2 1 1 7 52.95 0.0648514 0.73727 0.106364 85
14.8069 2.72561 6.1 1.01 2014 5 25 19 18 27.06 0.0648514 0.73727 0.106364 85
14.5888 2.91108 6.13 1 2014 5 28 4 51 22.03 0.0648514 0.73727 0.106364 85
14.225 3.07398 6.07 1 2014 5 29 0 41 44.81 0.0648514 0.73727 0.106364 85
13.1179 1.7352 5.6 1 2016 1 10 8 59 32.64 0.0648514 0.73727 0.106364 85
13.1418 1.75466 5.54 1 2016 1 24 2 45 10.4 0.0648514 0.73727 0.106364 85
13.299 1.95959 5.78 1 2016 1 31 17 22 51.42 0.0648514 0.73727 0.106364 85
13.5346 2.20889 5.53 1 2016 2 6 20 57 54.26 0.0648514 0.73727 0.106364 85
13.4925 2.11704 5.75 1 2016 3 3 2 32 13.78 0.0648514 0.73727 0.106364 85
14.7699 2.76586 6.12 0.99 2015 3 8 4 42 28.29 0.0648514 0.73727 0.106364 85
13.5824 1.97727 5.78 0.98 2016 4 21 7 31 19.52 0.0648514 0.73727 0.106364 85
14.7678 2.76898 6.12 0.98 2014 5 28 2 59 58.29 0.0648514 0.73727 0.106364 85
15.6873 4.15491 6.76 0.97 2014 11 16 10 16 24.97 0.0648514 0.73727 0.106364 85
14.2019 3.00882 6.18 0.97 2015 4 7 7 15 48.05 0.0648514 0.73727 0.106364 85
13.2838 1.88086 5.62 0.97 2016 2 6 21 38 58.12 0.0648514 0.73727 0.106364 85
13.2519 1.85551 5.47 0.97 2016 2 10 10 19 37.06 0.0648514 0.73727 0.106364 85
14.4157 2.86861 5.84 0.96 2014 5 29 20 40 38.32 0.0648514 0.73727 0.106364 85
15.5148 4.10287 6.8 0.96 2014 10 22 7 3 14.21 0.0648514 0.73727 0.106364 85
14.8258 3.6423 6.66 0.96 2014 11 25 9 30 31.3 0.0648514 0.73727 0.106364 85
15.1699 2.66812 6.27 0.96 2014 7 22 13 12 54.17 0.0648514 0.73727 0.106364 85
13.4113 2.06144 5.79 0.95 2016 1 24 3 54 37.84 0.0648514 0.73727 0.106364 85
15.5945 4.1449 6.81 0.94 2014 11 7 9 31 40.22 0.0648514 0.73727 0.106364 85
13.2346 2.04332 5.36 0.94 2016 2 1 1 8 18.35 0.0648514 0.73727 0.106364 85
13.4346 2.18676 5.35 0.94 2016 2 1 22 59 23.44 0.0648514 0.73727 0.106364 85
13.2679 2.12293 6.28 0.94 2016 2 13 17 51 2.52 0.0648514 0.73727 0.106364 85
14.8461 3.53778 6.51 0.93 2015 9 30 0 58 17.06 0.0648514 0.73727 0.106364 85
14.2388 3.28214 6.41 0.93 2016 4 8 14 12 55.8 0.0648514 0.73727 0.106364 85
14.0012 2.63154 5.97 0.92 2015 4 16 3 16 6.72 0.0648514 0.73727 0.106364 85
13.1143 1.74331 5.63 0.92 2016 1 24 5 43 25.34 0.0648514 0.73727 0.106364 85
14.2352 3.07087 6.09 0.91 2015 3 7 20 56 33 0.0648514 0.73727 0.106364 85
14.9554 3.83367 6.64 0.91 2015 5 26 21 52 24.38 0.0648514 0.73727 0.106364 85
13.357 1.98538 5.7 0.91 2016 1 17 9 59 48.62 0.0648514 0.73727 0.106364 85
13.2787 1.88631 5.45 0.91 2016 1 25 18 33 37.06 0.0648514 0.73727 0.106364 85
13.2933 2.00573 5.39 0.91 2016 3 2 15 13 1.67 0.0648514 0.73727 0.106364 85
14.4033 3.38755 6.08 0.9 2015 3 11 19 53 15.62 0.0648514 0.73727 0.106364 85
13.3027 1.96003 5.75 0.9 2016 1 17 9 51 0.33 0.0648514 0.73727 0.106364 85
13.4099 2.05777 5.8 0.9 2016 2 5 1 54 25.17 0.0648514 0.73727 0.106364 85
13.4403 1.71529 5.95 0.9 2015 1 23 17 55 44.54 0.0648514 0.73727 0.106364 85
15.2264 2.43105 6.29 0.9 2015 7 24 21 14 48.02 0.0648514 0.73727 0.106364 85
14.3453 3.01694 6.27 0.89 2014 2 6 11 10 4.83 0.0648514 0.73727 0.106364 85
13.6787 2.10303 5.89 0.89 2016 1 16 15 3 55.74 0.0648514 0.73727 0.106364 85
13.3396 1.99039 5.76 0.89 2016 1 21 10 30 53.77 0.0648514 0.73727 0.106364 85
14.1497 2.90652 5.95 0.88 2014 1 8 0 8 22.21 0.0648514 0.73727 0.106364 85
14.3584 3.04096 6.25 0.88 2014 2 7 12 23 40.99 0.0648514 0.73727 0.106364 85
14.5838 2.92787 6.14 0.88 2014 5 28 3 21 33.11 0.0648514 0.73727 0.106364 85
13.4222 2.02931 5.57 0.88 2016 1 20 0 34 43.37 0.0648514 0.73727 0.106364 85
14.2098 3.28659 6.37 0.88 2016 4 9 7 22 48.14 0.0648514 0.73727 0.106364 85
14.4337 2.99392 6.12 0.87 2014 5 28 12 33 16.48 0.0648514 0.73727 0.106364 85
13.2614 1.86952 5.49 0.87 2016 2 10 10 18 35.84 0.0648514 0.73727 0.106364 85
13.1751 1.87997 5.33 0.87 2016 3 10 4 46 52.91 0.0648514 0.73727 0.106364 85
13.3048 1.88453 5.97 0.87 2016 3 18 0 15 44.64 0.0648514 0.73727 0.106364 85
14.1483 3.0215 6.04 0.86 2014 10 7 9 10 42.25 0.0648514 0.73727 0.106364 85
12.6259 1.30087 4.9 0.86 2014 11 23 17 29 56.72 0.0648514 0.73727 0.106364 85
13.4794 2.2478 5.9 0.86 2016 2 7 11 55 56.58 0.0648514 0.73727 0.106364 85
14.3243 3.10567 6.18 0.85 2015 3 15 9 34 42.7 0.0648514 0.73727 0.106364 85
13.3316 2.02931 5.87 0.85 2016 1 29 12 52 20.58 0.0648514 0.73727 0.106364 85
13.1317 1.84739 5.97 0.85 2016 4 21 10 50 2.47 0.0648514 0.73727 0.106364 85
14.9772 3.57036 6.66 0.84 2015 9 12 4 45 14.89 0.0648514 0.73727 0.106364 85
13.5411 2.217 5.93 0.84 2016 2 7 6 56 42.58 0.0648514 0.73727 0.106364 85
14.2649 2.93421 6.26 0.83 2014 2 4 15 3 50.71 0.0648514 0.73727 0.106364 85
14.1396 3.13281 5.97 0.83 2015 3 25 3 13 49.88 0.0648514 0.73727 0.106364 85
13.3019 1.91077 5.51 0.83 2016 1 25 8 12 0.8 0.0648514 0.73727 0.106364 85
13.2077 1.85873 5.73 0.83 2016 2 6 23 50 34.72 0.0648514 0.73727 0.106364 85
13.3621 2.07634 6.11 0.83 2016 2 26 8 45 11.44 0.0648514 0.73727 0.106364 85
13.2346 1.82571 5.52 0.82 2016 1 20 0 2 33.32 0.0648514 0.73727 0.106364 85
15.204 4.04627 6.59 0.81 2014 11 1 12 42 42.54 0.0648514 0.73727 0.106364 85
15.6598 4.15402 6.82 0.81 2014 11 14 13 40 5.38 0.0648514 0.73727 0.106364 85
14.4019 3.36176 6.1 0.8 2015 3 11 22 49 17.14 0.0648514 0.73727 0.106364 85
13.2519 1.86819 5.69 0.8 2016 1 15 18 33 7.6 0.0648514 0.73727 0.106364 85
13.2947 1.95692 5.8 0.8 2016 1 17 8 6 14.59 0.0648514 0.73727 0.106364 85
13.3454 1.9935 5.75 0.8 2016 1 19 11 42 57.82 0.0648514 0.73727 0.106364 85
13.4338 2.0759 5.81 0.8 2016 1 27 5 24 39.44 0.0648514 0.73727 0.106364 85
13.5222 2.23924 5.91 0.8 2016 2 7 6 52 49.21 0.0648514 0.73727 0.106364 85
13.5809 2.20711 5.93 0.8 2016 2 7 10 27 9.4 0.0648514 0.73727 0.106364 85
14.2366 3.31828 6.36 0.8 2016 3 30 20 12 57.2 0.0648514 0.73727 0.106364 85
14.7033 2.85004 6.17 0.79 2014 5 28 1 40 50.83 0.0648514 0.73727 0.106364 85
15.4539 4.04716 6.66 0.79 2014 11 4 3 26 30.52 0.0648514 0.73727 0.106364 85
15.738 4.24309 6.92 0.79 2014 11 14 6 32 50.08 0.0648514 0.73727 0.106364 85
13.4483 2.04287 5.55 0.79 2016 1 22 1 28 26.48 0.0648514 0.73727 0.106364 85
13.3817 2.09491 5.41 0.79 2016 2 1 2 32 27.58 0.0648514 0.73727 0.106364 85
13.2201 1.79802 6.24 0.79 2016 5 13 10 35 10.52 0.0648514 0.73727 0.106364 85
14.1714 2.91475 5.93 0.78 2013 12 31 10 17 47.51 0.0648514 0.73727 0.106364 85
13.533 2.18943 5.66 0.78 2016 2 2 0 55 42.04 0.0648514 0.73727 0.106364 85
12.5955 1.27229 5.16 0.77 2015 7 30 7 20 3.99 0.0648514 0.73727 0.106364 85
13.2961 1.99984 5.3 0.77 2016 3 2 4 5 32.43 0.0648514 0.73727 0.106364 85
14.2192 3.0821 5.98 0.76 2015 3 7 9 42 0.14 0.0648514 0.73727 0.106364 85
13.1737 1.9071 6.17 0.76 2016 6 29 4 39 44.59 0.0648514 0.73727 0.106364 85
13.2469 1.91166 5.77 0.75 2016 1 8 23 30 17.16 0.0648514 0.73727 0.106364 85
13.3143 1.92968 5.71 0.75 2016 1 11 8 34 35.88 0.0648514 0.73727 0.106364 85
13.3817 2.03331 5.79 0.74 2016 2 5 1 57 26.97 0.0648514 0.73727 0.106364 85
15.1888 2.69347 6.12 0.74 2014 5 29 15 15 50.43 0.0648514 0.73727 0.106364 85
15.6974 4.2363 6.89 0.73 2014 11 17 2 54 47.02 0.0648514 0.73727 0.106364 85
14.2526 3.07765 6.04 0.73 2015 3 7 11 8 51.2 0.0648514 0.73727 0.106364 85
13.3773 2.03831 5.79 0.73 2016 1 24 3 34 51.31 0.0648514 0.73727 0.106364 85
13.1483 1.77678 5.6 0.73 2016 1 24 4 50 31.9 0.0648514 0.73727 0.106364 85
13.9809 2.68347 5.73 0.72 2015 4 16 2 47 33.98 0.0648514 0.73727 0.106364 85
13.5744 2.20433 5.95 0.72 2016 2 7 4 58 1.31 0.0648514 0.73727 0.106364 85
13.6323 1.95736 5.49 0.72 2016 8 6 20 39 54.16 0.0648514 0.73727 0.106364 85
14.1576 2.88484 5.97 0.71 2014 1 8 0 9 38.36 0.0648514 0.73727 0.106364 85
14.1468 2.89885 5.96 0.71 2014 1 8 0 25 48.25 0.0648514 0.73727 0.106364 85
13.5078 2.24147 5.91 0.71 2016 2 7 10 23 1.78 0.0648514 0.73727 0.106364 85
15.6388 4.19338 6.85 0.7 2014 11 2 5 48 27.54 0.0648514 0.73727 0.106364 85
13.3106 1.97727 5.86 0.7 2016 1 18 2 26 46.5 0.0648514 0.73727 0.106364 85
13.4852 2.06144 5.58 0.7 2016 1 21 22 52 23.84 0.0648514 0.73727 0.106364 85
13.1875 1.80669 5.63 0.7 2016 1 22 7 54 6.2 0.0648514 0.73727 0.106364 85
13.1817 1.7809 5.47 0.7 2016 1 25 7 24 1.74 0.0648514 0.73727 0.106364 85
13.1642 1.80714 5.73 0.7 2016 1 25 20 30 57.26 0.0648514 0.73727 0.106364 85
13.4288 2.16452 5.42 0.7 2016 2 1 22 32 27.2 0.0648514 0.73727 0.106364 85
13.1853 1.88898 5.34 0.7 2016 3 10 4 47 11.16 0.0648514 0.73727 0.106364 85
13.2136 1.92478 6 0.7 2016 2 11 4 8 53.93 0.0648514 0.73727 0.106364 85
13.0657 1.74153 6.1 0.7 2016 5 16 12 36 13.32 0.0648514 0.73727 0.106364 85
13.1758 1.91211 6.18 0.7 2016 6 29 3 46 32.79 0.0648514 0.73727 0.106364 85
13.2309 1.97182 5.24 0.69 2016 2 29 7 17 29.69 0.0648514 0.73727 0.106364 85
15.4236 3.99879 6.84 0.67 2014 11 4 3 46 31.35 0.0648514 0.73727 0.106364 85
15.2786 3.90961 6.89 0.66 2014 12 10 12 31 37.43 0.0648514 0.73727 0.106364 85
13.3273 1.92523 5.52 0.66 2016 1 20 7 55 43.59 0.0648514 0.73727 0.106364 85
13.165 1.78946 5.63 0.66 2016 1 22 10 26 34.23 0.0648514 0.73727 0.106364 85
15.4017 2.63877 6.17 0.66 2015 3 8 4 14 40.67 0.0648514 0.73727 0.106364 85
13.2817 1.72563 6.11 0.65 2016 7 15 15 9 34.73 0.0648514 0.73727 0.106364 85
15.6127 4.17793 6.83 0.64 2014 10 29 4 42 37.02 0.0648514 0.73727 0.106364 85
15.7185 4.21551 6.89 0.64 2014 11 7 12 27 10.74 0.0648514 0.73727 0.106364 85
14.2721 3.12335 6.14 0.64 2015 3 5 7 33 13.3 0.0648514 0.73727 0.106364 85
14.2779 3.31605 6.22 0.64 2015 3 11 21 36 47.72 0.0648514 0.73727 0.106364 85
14.9736 3.84946 6.68 0.64 2015 5 27 17 51 51.2 0.0648514 0.73727 0.106364 85
13.5338 2.23291 5.88 0.64 2016 2 7 6 53 8.25 0.0648514 0.73727 0.106364 85
13.6309 1.8673 5.61 0.64 2016 2 8 0 16 10.98 0.0648514 0.73727 0.106364 85
15.4837 4.04138 6.89 0.63 2014 11 8 9 2 46.6 0.0648514 0.73727 0.106364 85
14.1461 3.13736 5.96 0.63 2015 3 25 4 23 48.14 0.0648514 0.73727 0.106364 85
13.2903 1.95592 5.4 0.63 2016 2 6 12 33 5.57 0.0648514 0.73727 0.106364 85
14.5852 2.92243 6.14 0.62 2014 5 29 2 59 45.17 0.0648514 0.73727 0.106364 85
15.5532 4.12911 6.83 0.62 2014 10 20 10 15 8.56 0.0648514 0.73727 0.106364 85
14.4337 2.95634 6.52 0.62 2014 11 12 3 28 45.61 0.0648514 0.73727 0.106364 85
14.2837 3.01249 6.19 0.62 2015 3 18 7 20 41.2 0.0648514 0.73727 0.106364 85
14.5019 2.85549 6.18 0.62 2015 11 3 1 46 16.55 0.0648514 0.73727 0.106364 85
13.1432 1.83427 6.14 0.62 2016 2 13 7 16 44.42 0.0648514 0.73727 0.106364 85
13.4273 2.00262 5.6 0.6 2016 1 21 22 8 24.92 0.0648514 0.73727 0.106364 85
13.2121 1.95414 5.93 0.6 2016 4 28 1 20 49.23 0.0648514 0.73727 0.106364 85
15.5996 4.17982 6.85 0.59 2014 11 4 5 0 27.91 0.0648514 0.73727 0.106364 85
14.1352 3.16272 5.94 0.59 2015 3 25 7 36 0.52 0.0648514 0.73727 0.106364 85
15.2163 2.43061 6.28 0.59 2015 7 24 7 56 18.59 0.0648514 0.73727 0.106364 85
14.5033 3.56713 6.36 0.58 2015 8 8 14 54 34.04 0.0648514 0.73727 0.106364 85
13.3186 1.91478 5.54 0.58 2016 1 20 8 44 2.14 0.0648514 0.73727 0.106364 85
13.1788 1.7849 5.54 0.58 2016 1 24 5 46 16.58 0.0648514 0.73727 0.106364 85
14.2707 3.27536 6.45 0.58 2016 4 7 6 24 28.57 0.0648514 0.73727 0.106364 85
14.333 3.19074 6.21 0.57 2015 3 5 6 28 15.76 0.0648514 0.73727 0.106364 85
13.9142 2.87083 6.01 0.57 2016 5 16 16 29 50.84 0.0648514 0.73727 0.106364 85
13.3425 1.9895 5.8 0.56 2016 1 19 15 28 36.19 0.0648514 0.73727 0.106364 85
13.2295 1.84606 5.39 0.55 2016 1 25 7 21 44.82 0.0648514 0.73727 0.106364 85
14.2562 3.27391 6.44 0.55 2016 4 8 13 38 18.65 0.0648514 0.73727 0.106364 85
15.588 4.16125 6.84 0.54 2014 11 4 8 25 50.92 0.0648514 0.73727 0.106364 85
15.6626 4.18971 6.9 0.54 2014 11 9 4 39 26.14 0.0648514 0.73727 0.106364 85
15.3351 2.63777 6.25 0.54 2014 4 11 5 41 28.11 0.0648514 0.73727 0.106364 85
13.4041 2.02786 5.72 0.53 2016 1 24 7 33 30.65 0.0648514 0.73727 0.106364 85
14.2265 3.28892 6.38 0.53 2016 3 31 7 54 43.12 0.0648514 0.73727 0.106364 85
13.4237 2.01796 5.97 0.53 2016 4 12 6 7 28.34 0.0648514 0.73727 0.106364 85
13.3722 2.00306 5.5 0.52 2016 1 25 17 49 32.26 0.0648514 0.73727 0.106364 85
13.2353 1.87819 6 0.52 2015 6 15 3 6 8.65 0.0648514 0.73727 0.106364 85
14.6258 3.20297 6.58 0.51 2014 6 5 23 27 15.92 0.0648514 0.73727 0.106364 85
15.6032 4.125 6.79 0.5 2014 11 2 3 25 23.52 0.0648514 0.73727 0.106364 85
13.3882 2.05644 5.82 0.5 2016 2 22 0 52 30.52 0.0648514 0.73727 0.106364 85
15.2329 2.40259 6.2 0.5 2015 8 16 20 52 29.28 0.0648514 0.73727 0.106364 85
14.2417 3.09478 6.14 0.48 2015 3 6 11 11 44.37 0.0648514 0.73727 0.106364 85
14.2663 3.03329 6.17 0.48 2015 3 15 5 54 48.45 0.0648514 0.73727 0.106364 85
13.2824 1.90844 5.73 0.48 2016 1 16 19 5 26.96 0.0648514 0.73727 0.106364 85
13.3374 1.94235 5.66 0.48 2016 1 17 3 26 29.64 0.0648514 0.73727 0.106364 85
14.3402 3.01338 6.3 0.47 2014 2 6 11 9 47.88 0.0648514 0.73727 0.106364 85
13.2201 1.85373 5.71 0.47 2016 1 15 13 51 45.29 0.0648514 0.73727 0.106364 85
13.3288 1.94102 5.69 0.47 2016 1 17 2 1 33.75 0.0648514 0.73727 0.106364 85
13.186 1.80581 5.64 0.47 2016 1 22 7 58 13.09 0.0648514 0.73727 0.106364 85
13.0716 1.89765 5.94 0.47 2016 4 22 14 46 46.98 0.0648514 0.73727 0.106364 85
14.4439 2.96535 6.51 0.46 2014 11 12 3 22 47.79 0.0648514 0.73727 0.106364 85
13.3388 1.96281 5.67 0.46 2016 1 17 14 9 46.49 0.0648514 0.73727 0.106364 85
13.1766 1.76689 5.59 0.46 2016 1 21 14 28 27.1 0.0648514 0.73727 0.106364 85
13.1824 1.86407 5.84 0.46 2016 1 25 23 38 11.36 0.0648514 0.73727 0.106364 85
13.3809 2.08813 5.42 0.46 2016 2 1 1 34 39.81 0.0648514 0.73727 0.106364 85
13.2751 1.86996 5.63 0.46 2016 2 8 8 6 22.68 0.0648514 0.73727 0.106364 85
15.8111 4.31014 6.93 0.45 2014 11 10 11 47 28.39 0.0648514 0.73727 0.106364 85
13.8961 2.82646 6.35 0.45 2016 1 1 13 25 42.56 0.0648514 0.73727 0.106364 85
12.773 1.83205 6.11 0.45 2016 2 15 16 39 11.82 0.0648514 0.73727 0.106364 85
13.186 1.92701 5.99 0.45 2016 2 20 8 48 15.54 0.0648514 0.73727 0.106364 85
13.3969 2.10937 5.87 0.44 2016 2 12 0 18 26.74 0.0648514 0.73727 0.106364 85
14.3483 3.01205 6.28 0.43 2014 2 6 11 14 44.66 0.0648514 0.73727 0.106364 85
13.3237 1.95914 5.72 0.43 2016 1 20 13 59 31.56 0.0648514 0.73727 0.106364 85
13.4092 2.05599 5.78 0.43 2016 1 21 12 45 9.47 0.0648514 0.73727 0.106364 85
13.1208 1.73653 5.51 0.43 2016 1 24 2 15 24.29 0.0648514 0.73727 0.106364 85
13.2744 1.96504 5.38 0.43 2016 2 6 21 49 32.92 0.0648514 0.73727 0.106364 85
13.4664 2.10436 5.82 0.43 2016 2 9 6 23 46.89 0.0648514 0.73727 0.106364 85
13.4939 2.20121 5.66 0.43 2016 2 11 8 50 11.51 0.0648514 0.73727 0.106364 85
15.5742 4.10787 6.76 0.42 2014 11 8 6 15 56.5 0.0648514 0.73727 0.106364 85
15.7851 4.31637 6.94 0.42 2014 11 10 10 48 0.44 0.0648514 0.73727 0.106364 85
13.2512 1.92656 5.87 0.42 2016 1 18 21 41 8 0.0648514 0.73727 0.106364 85
13.17 1.78635 5.5 0.41 2016 1 25 7 57 27.81 0.0648514 0.73727 0.106364 85
13.3708 2.01574 5.48 0.41 2016 1 26 4 9 56.59 0.0648514 0.73727 0.106364 85
13.4969 2.11159 5.76 0.41 2016 1 30 8 49 38.81 0.0648514 0.73727 0.106364 85
13.644 2.20844 5.91 0.41 2016 2 9 23 50 24.12 0.0648514 0.73727 0.106364 85
14.1881 2.99615 6.1 0.4 2015 3 16 6 1 40.21 0.0648514 0.73727 0.106364 85
13.152 1.76366 5.43 0.4 2016 1 3 0 35 44.81 0.0648514 0.73727 0.106364 85
13.1991 1.86051 5.82 0.4 2016 1 20 3 47 39.47 0.0648514 0.73727 0.106364 85
14.2388 3.22287 6.01 0.39 2015 3 6 13 41 38.06 0.0648514 0.73727 0.106364 85
13.3201 1.96415 5.51 0.39 2016 2 9 7 46 43.41 0.0648514 0.73727 0.106364 85
13.3519 1.9885 5.72 0.38 2016 1 17 11 16 52.56 0.0648514 0.73727 0.106364 85
13.2831 1.95503 5.85 0.38 2016 2 10 4 38 48.2 0.0648514 0.73727 0.106364 85
14.9468 3.545 6.67 0.37 2015 8 26 7 10 28.38 0.0648514 0.73727 0.106364 85
14.9395 3.54267 6.62 0.37 2015 8 26 9 45 10.08 0.0648514 0.73727 0.106364 85
15.5199 4.06662 6.69 0.36 2014 11 12 7 15 47.86 0.0648514 0.73727 0.106364 85
15.1329 3.81832 6.93 0.36 2014 12 10 14 46 34.31 0.0648514 0.73727 0.106364 85
13.2534 1.88353 5.74 0.36 2016 1 15 12 29 42.16 0.0648514 0.73727 0.106364 85
13.278 1.89854 5.69 0.36 2016 1 16 19 4 29.8 0.0648514 0.73727 0.106364 85
13.2164 1.88264 5.76 0.36 2016 1 21 5 17 13.86 0.0648514 0.73727 0.106364 85
13.1802 1.86051 5.88 0.36 2016 1 27 4 16 34.26 0.0648514 0.73727 0.106364 85
13.4078 2.06456 5.46 0.36 2016 1 27 21 42 42.76 0.0648514 0.73727 0.106364 85
13.4505 2.08135 5.81 0.35 2016 1 30 10 18 35.54 0.0648514 0.73727 0.106364 85
13.2903 1.96137 5.36 0.35 2016 3 2 2 28 3.94 0.0648514 0.73727 0.106364 85
13.0968 1.88942 6.04 0.35 2016 2 11 1 0 34.8 0.0648514 0.73727 0.106364 85
15.6365 4.20962 6.84 0.34 2014 11 7 2 3 7.09 0.0648514 0.73727 0.106364 85
15.788 4.31058 6.9 0.34 2014 11 14 6 59 9.36 0.0648514 0.73727 0.106364 85
13.2432 1.83694 5.56 0.34 2016 1 20 0 13 10.02 0.0648514 0.73727 0.106364 85
13.3338 2.0044 5.86 0.34 2016 1 30 16 27 4.79 0.0648514 0.73727 0.106364 85
14.3026 2.88262 5.92 0.33 2014 1 11 4 44 23.03 0.0648514 0.73727 0.106364 85
13.2041 1.87719 5.81 0.33 2016 1 16 14 55 55.8 0.0648514 0.73727 0.106364 85
13.1853 1.79168 5.49 0.33 2016 1 24 2 59 3.1 0.0648514 0.73727 0.106364 85
13.1026 1.7352 5.56 0.33 2016 1 24 8 16 16.14 0.0648514 0.73727 0.106364 85
14.667 3.48118 6.13 0.32 2015 5 16 12 53 42.42 0.0648514 0.73727 0.106364 85
13.3171 1.96593 5.78 0.32 2016 1 18 14 35 58.37 0.0648514 0.73727 0.106364 85
13.3374 1.9329 5.54 0.32 2016 1 20 2 11 36.68 0.0648514 0.73727 0.106364 85
13.4048 2.06089 5.79 0.32 2016 1 24 5 42 55.99 0.0648514 0.73727 0.106364 85
13.5787 2.24959 5.56 0.32 2016 2 7 11 1 51.73 0.0648514 0.73727 0.106364 85
13.1512 1.76233 5.56 0.32 2016 2 10 3 40 18.49 0.0648514 0.73727 0.106364 85
13.2208 1.83149 5.42 0.32 2016 2 10 10 36 46.41 0.0648514 0.73727 0.106364 85
13.1947 1.92022 6.1 0.32 2016 3 14 8 33 3.11 0.0648514 0.73727 0.106364 85
14.2845 2.96535 6.24 0.31 2014 2 4 16 15 21.03 0.0648514 0.73727 0.106364 85
13.2085 1.80525 5.57 0.31 2016 1 21 14 27 21.72 0.0648514 0.73727 0.106364 85
14.3736 3.05541 6.32 0.3 2014 2 8 18 20 43 0.0648514 0.73727 0.106364 85
13.2432 1.84194 5.57 0.3 2016 1 18 6 50 15.91 0.0648514 0.73727 0.106364 85
13.3092 1.92345 5.64 0.3 2016 1 24 5 4 49.62 0.0648514 0.73727 0.106364 85
13.2563 1.86907 5.64 0.3 2016 2 7 3 42 31.14 0.0648514 0.73727 0.106364 85
13.3526 1.9845 5.65 0.3 2016 2 17 9 27 21.34 0.0648514 0.73727 0.106364 85
13.3577 1.99851 5.51 0.29 2016 2 1 11 29 12.73 0.0648514 0.73727 0.106364 85
13.27 1.88353 5.62 0.29 2016 2 10 12 34 38.28 0.0648514 0.73727 0.106364 85
13.6099 1.97404 5.65 0.29 2016 2 18 6 6 43.54 0.0648514 0.73727 0.106364 85
13.1607 1.83783 6.12 0.29 2016 2 13 7 16 25.11 0.0648514 0.73727 0.106364 85
14.5141 3.17039 6.47 0.28 2015 1 6 1 25 30.99 0.0648514 0.73727 0.106364 85
14.1989 3.07354 6.11 0.28 2015 3 6 5 39 57.88 0.0648514 0.73727 0.106364 85
14.2714 2.94778 6.22 0.26 2014 2 4 15 17 4.71 0.0648514 0.73727 0.106364 85
13.2483 1.87141 5.64 0.26 2016 2 7 14 18 2.06 0.0648514 0.73727 0.106364 85
13.4773 2.16007 6.22 0.26 2016 2 12 22 34 1.26 0.0648514 0.73727 0.106364 85
13.3454 1.95592 5.69 0.25 2016 1 17 5 47 41.24 0.0648514 0.73727 0.106364 85
13.2041 1.87319 5.84 0.25 2016 1 23 9 40 34.07 0.0648514 0.73727 0.106364 85
15.7025 4.25621 6.87 0.24 2014 11 7 12 20 38.15 0.0648514 0.73727 0.106364 85
15.4453 4.01959 6.93 0.23 2014 11 9 8 27 57.32 0.0648514 0.73727 0.106364 85
15.5438 4.11099 6.83 0.23 2014 11 22 0 22 48.86 0.0648514 0.73727 0.106364 85
16.3452 4.71011 6.95 0.23 2016 1 1 7 54 49.11 0.0648514 0.73727 0.106364 85
13.3896 1.97771 5.53 0.23 2016 1 20 9 35 29.98 0.0648514 0.73727 0.106364 85
14.2656 3.05819 6.11 0.22 2015 3 15 7 1 1.88 0.0648514 0.73727 0.106364 85
13.312 1.90399 5.5 0.22 2016 1 20 5 21 21.61 0.0648514 0.73727 0.106364 85
13.4744 2.10347 5.8 0.22 2016 2 7 5 59 52.36 0.0648514 0.73727 0.106364 85
13.6288 1.97493 5.8 0.22 2016 5 18 10 24 55.33 0.0648514 0.73727 0.106364 85
15.3098 3.98345 6.76 0.21 2014 11 7 2 47 38.26 0.0648514 0.73727 0.106364 85
13.2381 1.90077 5.75 0.21 2016 1 11 1 24 52.16 0.0648514 0.73727 0.106364 85
13.1563 1.78357 5.42 0.21 2016 1 21 6 45 5.43 0.0648514 0.73727 0.106364 85
13.4686 2.07 5.75 0.21 2016 1 27 17 17 52.32 0.0648514 0.73727 0.106364 85
13.3932 2.05277 5.8 0.21 2016 1 31 7 4 54.35 0.0648514 0.73727 0.106364 85
13.3591 2.01252 5.85 0.21 2016 2 10 0 29 2.36 0.0648514 0.73727 0.106364 85
15.6808 4.17704 6.86 0.2 2014 11 7 10 48 43.87 0.0648514 0.73727 0.106364 85
13.2737 1.90488 5.72 0.19 2016 1 11 8 55 26.47 0.0648514 0.73727 0.106364 85
13.6468 1.87408 5.67 0.19 2016 2 11 2 39 26.5 0.0648514 0.73727 0.106364 85
14.2352 2.81879 6.03 0.18 2014 1 9 12 34 43.59 0.0648514 0.73727 0.106364 85
14.3961 3.37844 6.11 0.18 2015 3 11 22 3 35.48 0.0648514 0.73727 0.106364 85
13.2381 1.90488 5.81 0.18 2016 1 11 5 26 52.1 0.0648514 0.73727 0.106364 85
13.2649 1.88676 5.5 0.18 2016 2 10 10 50 14.81 0.0648514 0.73727 0.106364 85
13.3143 1.95547 5.76 0.17 2016 1 20 1 31 35.87 0.0648514 0.73727 0.106364 85
13.5128 2.23735 5.89 0.17 2016 2 7 8 29 52.17 0.0648514 0.73727 0.106364 85
13.2462 1.94736 5.93 0.17 2016 2 28 13 51 5.45 0.0648514 0.73727 0.106364 85
13.278 1.92879 5.81 0.16 2016 1 12 12 4 7.67 0.0648514 0.73727 0.106364 85
13.5309 2.23424 5.92 0.16 2016 2 7 5 39 28.68 0.0648514 0.73727 0.106364 85
13.2404 1.85151 5.46 0.16 2016 2 10 10 35 19.86 0.0648514 0.73727 0.106364 85
15.6691 4.18249 6.83 0.15 2014 11 7 9 44 42.08 0.0648514 0.73727 0.106364 85
15.6917 4.18204 6.88 0.15 2014 11 14 11 51 55.29 0.0648514 0.73727 0.106364 85
13.1019 1.90254 6.28 0.15 2016 2 13 8 59 50.41 0.0648514 0.73727 0.106364 85
15.1576 3.6681 6.75 0.14 2014 12 27 23 28 45.04 0.0648514 0.73727 0.106364 85
13.257 1.86685 5.63 0.13 2016 1 16 19 51 13 0.0648514 0.73727 0.106364 85
13.6591 2.47175 5.52 0.11 2016 2 12 1 39 41.82 0.0648514 0.73727 0.106364 85
13.2541 1.87041 5.62 0.1 2016 1 18 12 14 12.71 0.0648514 0.73727 0.106364 85
13.2621 1.99851 5.26 0.1 2016 2 29 6 27 58.07 0.0648514 0.73727 0.106364 85
14.7584 3.35853 6.59 0.09 2015 1 10 0 36 7.55 0.0648514 0.73727 0.106364 85
13.2309 1.93023 5.28 0.09 2016 2 20 0 13 54.61 0.0648514 0.73727 0.106364 85
13.2085 1.96137 6.17 0.09 2016 2 12 9 25 56.19 0.0648514 0.73727 0.106364 85
13.5396 2.21111 5.92 0.07 2016 2 7 0 57 42.9 0.0648514 0.73727 0.106364 85
13.3607 1.99984 5.73 0.04 2016 1 17 11 8 16.87 0.0648514 0.73727 0.106364 85
14.4374 3.5142 6.3 0.02 2015 8 10 1 42 9.36 0.0648514 0.73727 0.106364 85
14.2968 3.24634 6.1 -0.01 2015 3 5 12 36 18.91 0.0648514 0.73727 0.106364 85
21.5274 4.96752 7.85 1.56 2014 10 26 5 6 36.37 0.261978 0.475647 0.866951 86
21.5093 4.96118 7.85 1.4 2014 10 25 12 2 32.26 0.261978 0.475647 0.866951 86
21.6398 5.01634 7.87 1.37 2015 2 6 3 42 6.42 0.261978 0.475647 0.866951 86
21.5267 4.96708 7.85 1.32 2015 1 13 13 31 54.05 0.261978 0.475647 0.866951 86
21.6246 5.01189 7.85 1.27 2015 1 26 16 39 44.71 0.261978 0.475647 0.866951 86
21.6318 5.01867 7.86 1.24 2015 12 21 12 14 2.95 0.261978 0.475647 0.866951 86
21.5499 4.99243 7.85 1.18 2014 10 26 13 47 30.3 0.261978 0.475647 0.866951 86
21.5564 4.99554 7.85 1.17 2014 10 26 2 55 20.75 0.261978 0.475647 0.866951 86
21.5702 5.0041 7.85 1.16 2014 10 25 23 13 38.24 0.261978 0.475647 0.866951 86
21.639 5.02045 7.85 1.16 2015 1 26 6 37 22.36 0.261978 0.475647 0.866951 86
21.5948 4.98153 7.86 1.1 2015 12 24 4 31 13.08 0.261978 0.475647 0.866951 86
21.6122 4.99966 7.86 1.08 2015 1 28 7 23 40.82 0.261978 0.475647 0.866951 86
21.4934 4.99777 7.83 0.95 2014 11 12 2 59 57.5 0.261978 0.475647 0.866951 86
21.4622 4.99376 7.83 0.93 2014 10 26 6 0 45.82 0.261978 0.475647 0.866951 86
21.5673 5.006 7.84 0.88 2015 1 13 13 32 15.16 0.261978 0.475647 0.866951 86
21.634 5.02312 7.85 0.87 2015 1 26 12 13 23.6 0.261978 0.475647 0.866951 86
21.5825 4.97886 7.82 0.76 2014 10 29 7 28 47.8 0.261978 0.475647 0.866951 86
21.5775 5.06393 7.81 0.72 2014 8 3 4 45 6.32 0.261978 0.475647 0.866951 86
7.64002 0.003669 4.84 1.41 2015 4 17 6 26 21.97 0.725371 0.211348 0.0204912 87
7.74873 0.103189 4.77 1.41 2015 4 18 6 40 2.98 0.725371 0.211348 0.0204912 87
7.66317 0.06516 4.74 1.23 2015 4 11 1 3 40.51 0.725371 0.211348 0.0204912 87
7.65524 0.060156 4.71 1.14 2015 4 10 18 44 11.68 0.725371 0.211348 0.0204912 87
7.7799 0.135324 4.75 1.09 2015 7 24 7 40 7.31 0.725371 0.211348 0.0204912 87
7.52044 0.002224 4.52 1.05 2015 4 10 14 19 12.25 0.725371 0.211348 0.0204912 87
7.69798 0.06605 4.77 0.99 2015 4 13 16 39 30.78 0.725371 0.211348 0.0204912 87
7.71686 0.085064 4.74 0.95 2015 4 12 10 3 42.81 0.725371 0.211348 0.0204912 87
7.58571 0.010452 4.62 0.83 2015 4 11 1 21 34.32 0.725371 0.211348 0.0204912 87
7.62043 0.027576 4.67 0.72 2015 4 10 23 51 26.3 0.725371 0.211348 0.0204912 87
7.63859 0.052929 4.7 0.48 2015 4 10 17 34 48.52 0.725371 0.211348 0.0204912 87
7.55383 0.0149 4.54 0.27 2015 4 10 14 29 7.69 0.725371 0.211348 0.0204912 87
7.65231 0.040253 4.71 0.24 2015 4 11 3 43 57.78 0.725371 0.211348 0.0204912 87
7.63566 0.033025 4.68 0.12 2015 4 11 0 18 19.21 0.725371 0.211348 0.0204912 87
5.10468 3.67121 3.71 2.52 2014 10 24 17 44 36.44 0.912083 0.161264 0.411672 88
5.025 3.67755 3.8 1.75 2014 10 13 9 51 52.85 0.912083 0.161264 0.411672 88
5.03515 3.69245 3.31 1.62 2014 10 15 10 12 16.3 0.912083 0.161264 0.411672 88
4.81772 3.79341 3.59 1.45 2014 8 7 23 39 3.34 0.912083 0.161264 0.411672 88
4.90684 3.73593 3.42 1.4 2014 10 12 11 51 41.82 0.912083 0.161264 0.411672 88
5.05829 3.7327 3.75 1.3 2014 10 13 6 53 52.17 0.912083 0.161264 0.411672 88
5.16407 3.63363 3.65 1.27 2015 2 5 13 50 47.19 0.912083 0.161264 0.411672 88
5.37571 3.78252 3.74 1.26 2015 8 5 21 20 28.68 0.912083 0.161264 0.411672 88
4.84817 3.7794 3.38 1.16 2014 8 10 13 12 34.47 0.912083 0.161264 0.411672 88
5.00683 3.74727 3.83 1.13 2014 10 24 18 15 8.12 0.912083 0.161264 0.411672 88
4.88877 3.76083 3.45 1.1 2014 8 8 18 18 9.86 0.912083 0.161264 0.411672 88
4.82938 3.80654 3.33 0.99 2014 8 8 23 30 35.14 0.912083 0.161264 0.411672 88
4.88877 3.77262 3.78 0.83 2014 8 8 8 51 6.56 0.912083 0.161264 0.411672 88
5.41622 3.74315 3.89 0.8 2015 7 26 22 37 36.42 0.912083 0.161264 0.411672 88
4.81772 3.8002 3.62 0.76 2014 8 7 23 42 10.32 0.912083 0.161264 0.411672 88
5.13798 3.66854 3.65 0.73 2014 11 2 7 47 43.9 0.912083 0.161264 0.411672 88
4.78655 3.76584 3.79 0.32 2014 10 30 11 56 52.84 0.912083 0.161264 0.411672 88
4.8706 3.77307 3.87 0.12 2015 3 5 16 34 31.22 0.912083 0.161264 0.411672 88
5.42281 3.692 3.9 0.01 2015 8 5 10 47 30.23 0.912083 0.161264 0.411672 88
5.35541 3.97522 4.03 -0.04 2013 12 21 23 39 8.52 0.912083 0.161264 0.411672 88
7.56033 4.59969 4.65 1.67 2015 8 30 11 50 34.65 0.463465 0.421899 0.84644 89
7.57556 4.69331 4.68 1.35 2014 6 9 11 32 6.07 0.463465 0.421899 0.84644 89
7.50522 4.57834 4.64 1.35 2015 8 30 13 16 36.78 0.463465 0.421899 0.84644 89
7.47192 4.59969 4.69 1.34 2014 6 5 3 47 9.35 0.463465 0.421899 0.84644 89
7.27123 4.49783 4.41 1.25 2014 6 5 11 51 1.02 0.463465 0.421899 0.84644 89
7.70012 4.61281 4.58 1.13 2014 6 10 18 6 48.46 0.463465 0.421899 0.84644 89
7.55232 4.64539 4.74 1.11 2014 6 6 13 48 3.41 0.463465 0.421899 0.84644 89
7.57191 4.67608 4.71 1.01 2014 6 9 8 58 16.07 0.463465 0.421899 0.84644 89
7.45233 4.59647 4.63 0.98 2014 6 5 3 48 59.42 0.463465 0.421899 0.84644 89
7.4915 4.61959 4.67 0.9 2014 6 5 3 51 25.77 0.463465 0.421899 0.84644 89
7.60449 4.70054 4.74 0.85 2014 6 9 11 36 24.36 0.463465 0.421899 0.84644 89
7.59871 4.67975 4.75 0.61 2014 6 9 11 38 59.72 0.463465 0.421899 0.84644 89
7.41832 4.57745 4.58 0.52 2014 6 5 5 7 54.78 0.463465 0.421899 0.84644 89
7.44948 4.64128 4.41 0.29 2014 6 11 12 44 46.24 0.463465 0.421899 0.84644 89
7.31174 4.54265 4.37 0.27 2015 8 27 8 4 42.75 0.463465 0.421899 0.84644 89
7.58856 4.62638 4.62 0.18 2015 8 30 11 59 48.41 0.463465 0.421899 0.84644 89
12.7027 5.72354 7.07 1.41 2014 10 26 7 48 24.67 0.177438 0.756247 0.424047 90
12.673 5.70586 7.04 1.33 2014 10 29 21 4 48.36 0.177438 0.756247 0.424047 90
12.6745 5.6715 7.02 1.26 2015 1 21 20 25 30.92 0.177438 0.756247 0.424047 90
12.681 5.71898 7.05 1.21 2014 8 11 18 1 22.36 0.177438 0.756247 0.424047 90
12.5955 5.62224 7.03 1.09 2014 10 21 0 15 20.41 0.177438 0.756247 0.424047 90
12.681 5.61723 6.94 1.06 2014 10 30 21 50 52.32 0.177438 0.756247 0.424047 90
12.7273 5.69818 7.07 1.04 2015 4 2 15 8 58.17 0.177438 0.756247 0.424047 90
12.6158 5.70541 7.03 1.01 2014 10 31 4 28 48.12 0.177438 0.756247 0.424047 90
12.71 5.71586 7.04 1.01 2015 5 12 0 20 27.4 0.177438 0.756247 0.424047 90
12.6135 5.70052 7.04 0.96 2014 11 1 20 15 36.4 0.177438 0.756247 0.424047 90
12.6955 5.70953 7.04 0.95 2015 5 5 3 53 49.3 0.177438 0.756247 0.424047 90
12.7498 5.62669 7.03 0.94 2015 3 29 14 1 59.79 0.177438 0.756247 0.424047 90
12.6426 5.67239 7.06 0.92 2014 9 14 13 11 46.9 0.177438 0.756247 0.424047 90
12.5991 5.62813 7.02 0.77 2014 10 18 8 10 40.16 0.177438 0.756247 0.424047 90
12.6527 5.68062 7.01 0.76 2014 10 29 12 20 30.66 0.177438 0.756247 0.424047 90
12.6795 5.72042 7.05 0.6 2014 10 26 9 50 45.77 0.177438 0.756247 0.424047 90
12.7056 5.67695 7.02 0.56 2014 10 30 14 35 21.42 0.177438 0.756247 0.424047 90
12.7636 5.69274 7 0.34 2015 3 19 12 0 41.28 0.177438 0.756247 0.424047 90
12.6317 5.64125 7 0.25 2014 10 26 0 37 6.73 0.177438 0.756247 0.424047 90
19.703 1.70573 7.35 3.19 2016 5 9 8 41 54.28 0.790861 0.280558 0.657404 91
19.6725 1.69628 7.31 2.08 2016 5 7 1 10 10.48 0.790861 0.280558 0.657404 91
19.6616 1.68672 7.3 1.9 2016 5 7 6 19 7.33 0.790861 0.280558 0.657404 91
19.6435 1.68182 7.41 1.82 2016 6 24 7 6 59.4 0.790861 0.280558 0.657404 91
19.4008 1.49446 7.11 1.76 2016 5 11 19 7 11.26 0.790861 0.280558 0.657404 91
19.6 1.49135 7.05 1.64 2016 5 11 18 26 57.08 0.790861 0.280558 0.657404 91
19.8167 1.62389 7.12 1.63 2016 5 10 22 16 56.4 0.790861 0.280558 0.657404 91
19.4515 1.52026 7.05 1.59 2016 5 11 18 39 5.56 0.790861 0.280558 0.657404 91
19.7109 1.71707 7.32 1.52 2016 5 5 17 17 37.36 0.790861 0.280558 0.657404 91
19.929 1.74509 8.2 1.49 2016 5 23 20 50 33.92 0.790861 0.280558 0.657404 91
19.4356 1.50669 7.07 1.47 2016 5 11 18 32 7.82 0.790861 0.280558 0.657404 91
19.621 1.49446 7.04 1.46 2016 5 11 18 31 15.36 0.790861 0.280558 0.657404 91
19.9595 1.75688 8.23 1.43 2016 8 13 16 22 5.63 0.790861 0.280558 0.657404 91
19.5008 1.52337 7.03 1.42 2016 5 11 18 29 8.1 0.790861 0.280558 0.657404 91
19.9754 1.80391 7.38 1.41 2016 8 1 1 51 54.24 0.790861 0.280558 0.657404 91
19.7022 1.65369 8.03 1.34 2017 2 3 4 12 48.78 0.790861 0.280558 0.657404 91
19.5827 1.54561 7.02 1.31 2016 5 11 15 24 46.13 0.790861 0.280558 0.657404 91
20.1297 1.57597 7.79 1.3 2015 10 22 3 58 18.68 0.790861 0.280558 0.657404 91
19.6674 1.70895 7.26 1.28 2016 5 3 4 6 23.9 0.790861 0.280558 0.657404 91
19.8595 1.75421 7.38 1.28 2016 6 26 7 28 39.8 0.790861 0.280558 0.657404 91
19.8681 1.63156 7.07 1.27 2016 5 10 21 14 28.24 0.790861 0.280558 0.657404 91
19.6573 1.67815 7.34 1.22 2016 5 7 20 14 41.16 0.790861 0.280558 0.657404 91
19.6819 1.82382 7.62 1.19 2014 11 12 15 17 5.17 0.790861 0.280558 0.657404 91
19.4022 1.50347 7.09 1.19 2016 5 11 18 37 27.84 0.790861 0.280558 0.657404 91
19.8565 1.63746 7.24 1.17 2016 5 9 14 26 58.74 0.790861 0.280558 0.657404 91
19.6942 1.70395 7.31 1.13 2016 5 6 14 54 13.07 0.790861 0.280558 0.657404 91
19.8522 1.64468 7.74 1.07 2015 7 5 9 39 51.58 0.790861 0.280558 0.657404 91
19.5421 1.50447 7.06 1.07 2016 5 11 18 28 11.8 0.790861 0.280558 0.657404 91
19.6725 1.69216 7.31 1.02 2016 5 5 8 2 51.68 0.790861 0.280558 0.657404 91
19.8964 1.7193 8.22 1.01 2016 5 28 12 33 35.54 0.790861 0.280558 0.657404 91
19.9058 1.73564 8.27 1.01 2016 6 17 17 58 37.28 0.790861 0.280558 0.657404 91
19.7776 1.66681 8.24 0.98 2016 8 27 5 7 29.8 0.790861 0.280558 0.657404 91
19.8065 1.60843 7.07 0.96 2016 5 10 21 30 46.86 0.790861 0.280558 0.657404 91
19.8435 1.63423 7.25 0.93 2016 5 9 14 42 32.63 0.790861 0.280558 0.657404 91
19.9101 1.7402 7.88 0.92 2015 3 27 14 12 30.53 0.790861 0.280558 0.657404 91
19.8877 1.71485 8.2 0.88 2016 5 26 18 11 33.78 0.790861 0.280558 0.657404 91
19.887 1.72296 8.27 0.88 2016 6 18 1 46 3.36 0.790861 0.280558 0.657404 91
19.9362 1.74654 8.23 0.87 2016 8 19 17 15 42.68 0.790861 0.280558 0.657404 91
19.8087 1.68038 8.2 0.87 2016 8 29 7 45 0.42 0.790861 0.280558 0.657404 91
19.9225 1.66047 7.28 0.83 2016 5 9 22 55 41.2 0.790861 0.280558 0.657404 91
19.7884 1.6736 7.75 0.82 2015 3 15 14 9 32.94 0.790861 0.280558 0.657404 91
19.5573 1.52204 6.98 0.82 2016 5 11 18 52 49.4 0.790861 0.280558 0.657404 91
19.5065 1.68861 8.08 0.81 2015 11 10 2 57 14.63 0.790861 0.280558 0.657404 91
19.716 1.7203 7.33 0.8 2016 5 4 4 38 9.9 0.790861 0.280558 0.657404 91
19.9312 1.7442 8.29 0.76 2016 7 14 20 59 15.84 0.790861 0.280558 0.657404 91
19.721 1.72608 7.32 0.74 2016 5 3 4 41 12.15 0.790861 0.280558 0.657404 91
19.9848 1.79168 7.43 0.74 2016 5 16 10 27 35.59 0.790861 0.280558 0.657404 91
19.9595 1.7293 7.87 0.73 2015 3 21 2 48 44.1 0.790861 0.280558 0.657404 91
19.6804 1.68316 7.37 0.73 2016 5 7 8 53 3.9 0.790861 0.280558 0.657404 91
19.7972 1.68271 8.23 0.71 2016 8 28 23 8 50.36 0.790861 0.280558 0.657404 91
19.8754 1.70484 8.18 0.64 2016 6 11 6 23 8.32 0.790861 0.280558 0.657404 91
19.8826 1.71618 7.83 0.61 2015 3 2 6 58 46.46 0.790861 0.280558 0.657404 91
19.945 1.75188 8.23 0.6 2016 8 14 9 9 6.08 0.790861 0.280558 0.657404 91
19.921 1.73787 8.23 0.56 2016 5 29 16 18 14.79 0.790861 0.280558 0.657404 91
19.9986 1.76956 8.22 0.46 2016 5 5 21 13 22.62 0.790861 0.280558 0.657404 91
19.6464 1.6786 7.3 0.41 2016 5 4 5 40 14.25 0.790861 0.280558 0.657404 91
19.5725 1.62156 7.22 0.35 2016 5 19 15 6 26.6 0.790861 0.280558 0.657404 91
5.13727 0.207267 4.34 3.41 2014 11 25 23 32 55.26 0.309475 0.626554 0.189086 92
5.21046 0.144776 4.34 2.05 2014 11 18 0 38 17.06 0.309475 0.626554 0.189086 92
4.67285 0.24474 4.33 1.66 2015 3 10 3 35 31.33 0.309475 0.626554 0.189086 92
4.01202 0.305452 4.27 1.63 2015 4 23 5 48 44.7 0.309475 0.626554 0.189086 92
4.7902 0.400858 4.18 1.48 2015 3 9 4 34 44.99 0.309475 0.626554 0.189086 92
4.87862 0.340256 4.34 1.47 2014 11 25 23 34 20.64 0.309475 0.626554 0.189086 92
4.49166 0.19637 4.49 1.4 2015 3 8 17 8 17.64 0.309475 0.626554 0.189086 92
4.6554 0.192256 4.35 1.31 2015 3 1 22 6 48.24 0.309475 0.626554 0.189086 92
4.6757 0.223947 4.32 1.25 2015 3 1 20 9 0.16 0.309475 0.626554 0.189086 92
5.16772 0.176911 4.2 1.16 2014 11 25 14 50 16.52 0.309475 0.626554 0.189086 92
5.06987 0.26242 4.44 1.15 2014 11 26 11 12 36 0.309475 0.626554 0.189086 92
5.2467 0.146555 4.17 1.11 2014 11 25 23 41 32.4 0.309475 0.626554 0.189086 92
4.74889 0.235288 4.3 1.09 2015 3 17 7 10 24.64 0.309475 0.626554 0.189086 92
4.7967 0.162456 4.41 1 2015 3 3 19 40 36.24 0.309475 0.626554 0.189086 92
5.03149 0.316683 4.42 0.86 2014 12 4 6 54 14.06 0.309475 0.626554 0.189086 92
4.4402 0.172908 4.53 0.77 2015 3 9 20 44 7.76 0.309475 0.626554 0.189086 92
5.06479 0.14611 4.31 0.76 2014 11 18 5 47 13.35 0.309475 0.626554 0.189086 92
5.56625 0.690965 4.46 0.76 2016 3 31 0 30 38.21 0.309475 0.626554 0.189086 92
4.96632 0.275541 4.47 0.74 2014 11 30 15 48 35.32 0.309475 0.626554 0.189086 92
4.97211 0.163345 4.52 0.63 2015 3 2 9 34 23.95 0.309475 0.626554 0.189086 92
5.06195 0.210381 4.04 0.54 2014 12 19 1 11 25.54 0.309475 0.626554 0.189086 92
4.70473 0.391851 4.14 0.49 2015 2 16 4 19 30.9 0.309475 0.626554 0.189086 92
5.16478 0.201819 4.56 0.47 2014 12 2 3 25 5.46 0.309475 0.626554 0.189086 92
5.2873 0.099964 4.29 0.44 2014 11 18 0 41 4.5 0.309475 0.626554 0.189086 92
6.06112 0.52573 4.53 0.44 2015 2 15 4 57 0.21 0.309475 0.626554 0.189086 92
4.82858 0.32847 4.27 0.41 2014 12 5 9 17 15.06 0.309475 0.626554 0.189086 92
6.04741 0.571431 4.42 0.4 2014 8 5 7 15 1.83 0.309475 0.626554 0.189086 92
5.28436 0.099075 4.3 0.39 2014 12 3 11 36 26.83 0.309475 0.626554 0.189086 92
5.95027 0.619022 4.4 0.35 2015 2 13 16 2 57.72 0.309475 0.626554 0.189086 92
5.00256 0.276431 4.41 0.35 2015 3 13 11 39 0.27 0.309475 0.626554 0.189086 92
4.90399 0.176466 4.33 0.27 2015 3 18 6 14 47.81 0.309475 0.626554 0.189086 92
5.02936 0.512164 4.39 0.12 2014 11 26 8 12 24.03 0.309475 0.626554 0.189086 92
5.3409 0.089623 4.34 0.09 2014 11 25 23 42 47.92 0.309475 0.626554 0.189086 92
13.3222 2.17319 6.47 2.75 2016 12 24 20 53 1.66 0.902294 0.10346 0.724873 93
13.3817 2.1216 6.45 1.56 2017 1 21 20 28 44.98 0.902294 0.10346 0.724873 93
12.9744 1.76144 6.36 1.41 2016 2 16 15 3 11.77 0.902294 0.10346 0.724873 93
13.3903 1.68271 6.47 0.84 2016 5 8 5 9 15.88 0.902294 0.10346 0.724873 93
13.2425 2.0302 6.38 0.71 2016 2 15 11 5 49.84 0.902294 0.10346 0.724873 93
13.2309 2.0193 6.36 0.39 2016 2 13 7 9 27.44 0.902294 0.10346 0.724873 93
12.8614 1.76644 6.64 0.34 2016 2 14 4 57 49.24 0.902294 0.10346 0.724873 93
12.8701 1.77133 6.65 0.33 2016 2 14 4 58 45.48 0.902294 0.10346 0.724873 93
12.9222 1.87408 6.44 0.32 2016 2 17 10 3 53.67 0.902294 0.10346 0.724873 93
13.1976 2.15462 6.8 0.24 2016 2 17 9 14 11.73 0.902294 0.10346 0.724873 93
12.7846 1.92478 6.27 0.24 2016 2 17 12 2 14.65 0.902294 0.10346 0.724873 93
12.9317 1.88542 6.43 0.24 2016 2 17 12 15 23.8 0.902294 0.10346 0.724873 93
12.9693 1.91211 6.71 0.22 2016 2 14 9 48 49.31 0.902294 0.10346 0.724873 93
13.0172 1.91611 6.55 0.13 2016 2 14 0 0 28.46 0.902294 0.10346 0.724873 93
12.9245 1.87775 6.44 0.13 2016 2 17 10 3 1.79 0.902294 0.10346 0.724873 93
13.2121 2.1772 6.8 0.04 2016 2 17 10 17 48.02 0.902294 0.10346 0.724873 93
15.1475 6.37603 6.8 2.44 2016 12 27 9 22 49.47 0.620337 0.0938471 0.229751 94
15.0627 6.22936 6.52 2.24 2016 8 22 22 35 32.24 0.620337 0.0938471 0.229751 94
15.0119 6.19545 6.51 1.91 2016 8 26 20 54 22.16 0.620337 0.0938471 0.229751 94
15.0265 6.24971 6.62 1.86 2016 12 27 13 35 51.29 0.620337 0.0938471 0.229751 94
14.9881 6.17421 6.49 1.81 2016 8 30 4 54 21.91 0.620337 0.0938471 0.229751 94
14.7649 6.06068 6.46 1.75 2015 6 13 21 51 15.76 0.620337 0.0938471 0.229751 94
15.2235 6.37603 6.56 1.75 2016 12 21 16 26 30.54 0.620337 0.0938471 0.229751 94
14.5859 6.09048 6.41 1.73 2015 4 25 7 46 16.8 0.620337 0.0938471 0.229751 94
15.0417 6.22536 6.48 1.73 2016 9 4 22 45 55.94 0.620337 0.0938471 0.229751 94
14.9757 6.17554 6.5 1.61 2016 8 29 10 0 30.45 0.620337 0.0938471 0.229751 94
15.1163 6.17643 6.62 1.52 2016 12 14 10 59 16.16 0.620337 0.0938471 0.229751 94
15.2214 6.2357 6.43 1.34 2016 12 27 9 18 32.18 0.620337 0.0938471 0.229751 94
15.2373 6.38637 7 1.28 2016 12 27 9 30 18.99 0.620337 0.0938471 0.229751 94
14.82 6.06557 6.36 1.27 2015 6 13 18 16 5.14 0.620337 0.0938471 0.229751 94
15.0149 6.19823 6.51 1.25 2016 8 25 11 40 30.9 0.620337 0.0938471 0.229751 94
14.9779 6.13396 6.54 1.1 2016 9 1 11 22 14.33 0.620337 0.0938471 0.229751 94
14.9909 6.18277 6.53 0.98 2016 8 28 6 59 36.55 0.620337 0.0938471 0.229751 94
14.9895 6.18777 6.53 0.91 2016 8 29 14 32 10.56 0.620337 0.0938471 0.229751 94
15.0663 6.23892 6.42 0.85 2016 9 5 3 26 31.41 0.620337 0.0938471 0.229751 94
15.0054 6.19089 6.5 0.83 2016 8 25 8 15 2.91 0.620337 0.0938471 0.229751 94
14.9634 6.17821 6.5 0.72 2016 8 29 6 3 32.23 0.620337 0.0938471 0.229751 94
14.5946 6.24293 6.53 0.55 2014 5 9 4 35 40.26 0.620337 0.0938471 0.229751 94
15.046 6.20401 6.52 0.52 2016 8 30 9 21 0.16 0.620337 0.0938471 0.229751 94
5.52129 5.38239 3.98 2.24 2014 8 18 20 32 55.56 0.120655 0.48026 0.653192 95
5.58655 5.37249 4.09 1.82 2014 8 18 21 0 10.16 0.120655 0.48026 0.653192 95
5.54159 5.37383 4.19 1.58 2014 8 19 7 37 52.56 0.120655 0.48026 0.653192 95
5.29674 5.453 4.04 1.57 2014 8 17 7 31 23.32 0.120655 0.48026 0.653192 95
5.5496 5.37472 4.03 1.52 2014 8 18 20 58 57.2 0.120655 0.48026 0.653192 95
5.32861 5.45889 4.09 1.48 2014 8 17 12 49 54.91 0.120655 0.48026 0.653192 95
5.42424 5.42131 4.02 1.43 2014 8 17 8 0 18.67 0.120655 0.48026 0.653192 95
5.45318 5.38784 3.92 1.42 2014 8 18 17 26 24.4 0.120655 0.48026 0.653192 95
5.31695 5.42175 3.9 1.38 2014 8 20 2 26 45.09 0.120655 0.48026 0.653192 95
5.37999 5.44255 4.14 1.29 2014 8 17 11 37 1.74 0.120655 0.48026 0.653192 95
5.29594 5.44666 3.93 1.28 2014 8 17 7 41 30.85 0.120655 0.48026 0.653192 95
4.80979 5.55252 4.08 1.26 2014 8 17 18 9 45.24 0.120655 0.48026 0.653192 95
4.84024 5.53573 3.98 1.17 2014 9 19 21 0 39.36 0.120655 0.48026 0.653192 95
5.53001 5.38562 3.93 1.07 2014 8 19 11 12 32.72 0.120655 0.48026 0.653192 95
5.33947 5.457 4.04 1.06 2014 8 17 9 6 51.24 0.120655 0.48026 0.653192 95
5.08225 5.4987 3.79 1.01 2014 8 19 20 21 37.5 0.120655 0.48026 0.653192 95
5.15971 5.50181 4.02 0.97 2014 8 19 20 37 20 0.120655 0.48026 0.653192 95
5.29309 5.47112 4.12 0.95 2014 8 17 12 51 43.11 0.120655 0.48026 0.653192 95
19.1812 6.40449 7.41 1.54 2014 7 30 11 15 16.82 0.587026 0.853332 0.680577 96
19.1414 6.62666 7.84 1.28 2013 12 19 21 45 2.04 0.587026 0.853332 0.680577 96
18.7247 6.63255 7.79 1.07 2013 12 29 5 48 45.2 0.587026 0.853332 0.680577 96
18.6951 6.55828 7.79 1 2013 12 27 23 0 9.44 0.587026 0.853332 0.680577 96
18.769 6.50768 7.78 0.97 2013 12 25 1 20 48.07 0.587026 0.853332 0.680577 96
19.3008 6.60309 7.54 0.96 2013 11 25 12 1 13.78 0.587026 0.853332 0.680577 96
19.5624 6.64568 7.87 0.94 2013 12 7 18 28 48.7 0.587026 0.853332 0.680577 96
19.0407 6.65835 7.84 0.91 2013 12 23 11 39 20.82 0.587026 0.853332 0.680577 96
18.7602 6.52803 7.77 0.84 2013 12 24 19 41 22.88 0.587026 0.853332 0.680577 96
18.7877 6.51169 7.78 0.72 2013 12 24 21 24 47.76 0.587026 0.853332 0.680577 96
18.9479 6.54071 7.78 0.64 2013 12 9 16 43 27.29 0.587026 0.853332 0.680577 96
18.8045 6.59997 7.78 0.56 2013 12 17 14 20 18.49 0.587026 0.853332 0.680577 96
18.6994 6.58318 7.79 0.49 2013 12 26 8 50 14.36 0.587026 0.853332 0.680577 96
18.8356 6.57418 7.78 0.4 2013 12 22 7 5 33.56 0.587026 0.853332 0.680577 96
18.7697 6.59408 7.8 0.39 2013 12 17 17 35 34.44 0.587026 0.853332 0.680577 96
18.7327 6.64156 7.79 0.32 2013 12 28 12 58 48.54 0.587026 0.853332 0.680577 96
18.7124 6.57462 7.79 0.19 2013 12 25 3 44 35.68 0.587026 0.853332 0.680577 96
18.5827 6.65513 7.78 0.15 2014 1 7 5 36 31.82 0.587026 0.853332 0.680577 96
8.28848 5.53306 4.79 2.71 2017 4 4 16 3 6.73 0.0257774 0.512018 0.181403 97
8.0885 5.50726 4.52 1.42 2018 9 22 10 31 58.53 0.0257774 0.512018 0.181403 97
7.54368 5.7738 4.87 0.96 2015 6 28 13 4 1.42 0.0257774 0.512018 0.181403 97
7.63281 5.70541 4.67 0.95 2014 11 24 6 26 1.68 0.0257774 0.512018 0.181403 97
7.94364 5.66427 5.01 0.94 2015 1 4 13 31 41.14 0.0257774 0.512018 0.181403 97
8.3175 5.51449 4.96 0.93 2015 3 31 11 17 17.4 0.0257774 0.512018 0.181403 97
8.21102 5.5335 4.77 0.71 2014 3 4 23 15 9.36 0.0257774 0.512018 0.181403 97
7.95664 5.62079 4.78 0.61 2014 3 5 0 45 40.21 0.0257774 0.512018 0.181403 97
8.04941 5.65026 5.02 0.36 2014 3 5 1 33 8.58 0.0257774 0.512018 0.181403 97
7.80883 5.65749 4.45 0.27 2014 3 6 10 18 40.48 0.0257774 0.512018 0.181403 97
4.59023 2.31708 3.64 2.17 2014 11 29 10 57 9.84 0.580684 0.542097 0.324427 98
4.87141 2.30885 3.67 2.02 2014 11 22 5 32 20.39 0.580684 0.542097 0.324427 98
4.5482 2.31975 3.54 1.71 2014 11 29 17 54 47.8 0.580684 0.542097 0.324427 98
4.43005 2.36223 3.71 1.7 2014 12 3 17 23 23.04 0.580684 0.542097 0.324427 98
4.74889 2.29573 3.51 1.51 2014 11 28 5 59 13.15 0.580684 0.542097 0.324427 98
4.5482 2.32286 3.57 1.36 2014 11 30 20 4 53.94 0.580684 0.542097 0.324427 98
4.70402 2.30974 3.59 1.35 2014 11 28 4 48 0.13 0.580684 0.542097 0.324427 98
4.5149 2.34555 3.7 1.28 2014 12 2 2 37 23.07 0.580684 0.542097 0.324427 98
5.23584 2.23513 3.54 1.25 2014 10 18 6 0 50.64 0.580684 0.542097 0.324427 98
5.22275 2.23557 3.53 1.22 2014 10 18 6 0 44.17 0.580684 0.542097 0.324427 98
5.27136 2.20622 3.68 0.95 2014 7 16 22 47 45.4 0.580684 0.542097 0.324427 98
4.98804 2.3044 3.61 0.85 2014 11 22 5 38 42.42 0.580684 0.542097 0.324427 98
4.61996 2.30118 3.47 0.84 2014 11 28 15 40 5 0.580684 0.542097 0.324427 98
5.02206 2.29718 3.63 0.81 2014 11 22 6 32 39.89 0.580684 0.542097 0.324427 98
5.22569 2.23379 3.52 0.79 2014 10 18 5 36 34.46 0.580684 0.542097 0.324427 98
4.56049 2.32965 3.65 0.78 2014 11 30 0 18 26.1 0.580684 0.542097 0.324427 98
4.52861 2.3292 3.55 0.71 2014 11 29 17 47 4.28 0.580684 0.542097 0.324427 98
4.55034 2.27716 3.62 0.69 2014 11 29 18 9 44.92 0.580684 0.542097 0.324427 98
4.53591 2.33698 3.6 0.57 2014 12 1 6 50 54.96 0.580684 0.542097 0.324427 98
5.39014 2.21567 3.49 0.55 2014 10 22 1 30 39.52 0.580684 0.542097 0.324427 98
4.31341 2.38491 3.82 0.55 2014 12 2 23 53 51.26 0.580684 0.542097 0.324427 98
4.58951 2.3302 3.68 0.32 2014 11 29 10 50 15.09 0.580684 0.542097 0.324427 98
5.06052 2.2994 3.51 0.28 2014 9 11 6 20 0.92 0.580684 0.542097 0.324427 98
4.59601 2.3292 3.68 0.21 2014 11 29 10 52 34.12 0.580684 0.542097 0.324427 98
4.58079 2.32876 3.67 0.12 2014 11 29 18 42 32.36 0.580684 0.542097 0.324427 98
20.842 3.61828 7.96 1.48 2015 3 10 9 14 6.72 0.354601 0.493896 0.83016 99
20.9065 3.79786 8 1.47 2017 4 25 23 6 43.54 0.354601 0.493896 0.83016 99
20.9268 3.77073 8 1.42 2017 5 19 5 24 40.18 0.354601 0.493896 0.83016 99
20.8847 3.76806 7.96 1.27 2015 6 6 18 58 16.18 0.354601 0.493896 0.83016 99
20.6456 3.63051 7.94 1.19 2016 7 31 2 34 8.34 0.354601 0.493896 0.83016 99
20.5891 3.70969 7.94 1.15 2015 2 25 20 56 49.54 0.354601 0.493896 0.83016 99
20.792 3.51787 7.93 1.07 2015 2 25 9 41 17.12 0.354601 0.493896 0.83016 99
20.5833 3.70468 7.93 1.05 2015 2 25 21 18 19.9 0.354601 0.493896 0.83016 99
20.8456 3.62963 7.97 1.02 2015 2 25 10 6 34.99 0.354601 0.493896 0.83016 99
20.6688 3.72058 7.93 0.99 2015 1 20 23 21 43.04 0.354601 0.493896 0.83016 99
20.8456 3.62729 7.96 0.99 2015 2 25 9 35 30.05 0.354601 0.493896 0.83016 99
20.8623 3.62873 7.97 0.98 2015 2 25 9 35 0.39 0.354601 0.493896 0.83016 99
20.8485 3.62284 7.96 0.93 2015 2 25 11 24 3.6 0.354601 0.493896 0.83016 99
20.5072 3.65809 7.92 0.91 2015 2 23 1 25 51.54 0.354601 0.493896 0.83016 99
20.5377 3.688 7.92 0.87 2016 8 2 0 45 8.6 0.354601 0.493896 0.83016 99
20.5992 3.72459 7.95 0.84 2015 1 27 3 30 9.03 0.354601 0.493896 0.83016 99
20.6739 3.62829 7.96 0.73 2016 9 30 12 3 36.13 0.354601 0.493896 0.83016 99
20.6659 3.66665 7.92 0.72 2014 12 16 17 54 8.8 0.354601 0.493896 0.83016 99
20.5913 3.71825 7.96 0.69 2015 3 11 10 42 10.7 0.354601 0.493896 0.83016 99
20.9586 3.9671 8.09 0.61 2016 2 29 5 55 15 0.354601 0.493896 0.83016 99
19.4334 1.50447 7.85 2.29 2015 2 11 4 54 4.82 0.203207 0.157652 0.667583 100
19.3312 1.4641 7.76 2.25 2016 10 22 14 25 45.86 0.203207 0.157652 0.667583 100
18.8168 1.8306 7.72 1.78 2014 11 12 12 25 52.6 0.203207 0.157652 0.667583 100
19.3327 1.46054 7.79 1.58 2016 10 22 11 5 9.23 0.203207 0.157652 0.667583 100
19.4037 1.49401 7.77 1.55 2016 10 22 14 20 2.01 0.203207 0.157652 0.667583 100
18.7667 1.86863 7.73 1.5 2014 11 11 9 31 2.03 0.203207 0.157652 0.667583 100
18.7907 1.90032 7.79 1.35 2014 11 11 20 43 29.64 0.203207 0.157652 0.667583 100
18.8689 1.84917 7.42 1.34 2014 4 12 12 32 50.08 0.203207 0.157652 0.667583 100
19.3073 1.96048 7.68 1.29 2014 10 31 5 25 52.37 0.203207 0.157652 0.667583 100
19.3595 1.95014 7.71 1.25 2015 1 15 20 28 14.52 0.203207 0.157652 0.667583 100
18.8943 1.75866 7.74 1.19 2014 11 11 22 0 58.92 0.203207 0.157652 0.667583 100
19.4486 1.42841 7.8 1.14 2015 3 22 1 19 9.44 0.203207 0.157652 0.667583 100
19.3906 1.91122 7.68 1.12 2014 10 31 7 30 38.01 0.203207 0.157652 0.667583 100
18.5951 1.97493 7.75 1.11 2014 11 12 12 39 46.31 0.203207 0.157652 0.667583 100
18.7154 1.90532 7.77 1.07 2014 11 7 11 28 7.59 0.203207 0.157652 0.667583 100
19.3885 1.51892 7.82 1.07 2015 2 18 2 38 28.51 0.203207 0.157652 0.667583 100
18.8877 1.80525 7.6 1.03 2014 11 7 14 36 5.35 0.203207 0.157652 0.667583 100
19.1523 1.96548 7.74 0.97 2015 1 13 22 23 34.68 0.203207 0.157652 0.667583 100
19.3001 1.39083 7.85 0.86 2015 3 21 7 13 46.12 0.203207 0.157652 0.667583 100
19.5 1.37682 7.88 0.65 2015 3 21 3 9 36.5 0.203207 0.157652 0.667583 100
19.5377 1.38315 7.82 0.65 2015 3 22 1 20 14.12 0.203207 0.157652 0.667583 100
19.4211 1.50302 7.78 0.59 2016 10 22 12 52 34.73 0.203207 0.157652 0.667583 100
19.5153 1.94691 7.87 0.56 2015 1 14 2 49 41.53 0.203207 0.157652 0.667583 100
6.68064 2.61341 6.07 1.7 2015 8 4 20 24 9.18 0.555452 0.1773 0.0180469 101
6.65455 2.61886 6.02 1.37 2015 8 4 20 40 13.6 0.555452 0.1773 0.0180469 101
6.79951 2.58395 6.2 1.28 2015 8 5 11 9 17.74 0.555452 0.1773 0.0180469 101
6.66186 2.60708 6.09 1.24 2015 8 4 13 51 51.37 0.555452 0.1773 0.0180469 101
6.71546 2.60163 6.12 0.86 2015 8 5 0 17 28.73 0.555452 0.1773 0.0180469 101
6.9596 2.50845 6.4 0.67 2015 6 17 6 57 36.05 0.555452 0.1773 0.0180469 101
6.80022 2.58984 6.16 0.65 2015 8 5 11 2 54.04 0.555452 0.1773 0.0180469 101
6.76327 2.59618 6.15 0.41 2015 8 5 0 13 35.79 0.555452 0.1773 0.0180469 101
6.80672 2.58484 6.18 0.34 2015 8 5 10 55 0.72 0.555452 0.1773 0.0180469 101
6.68358 2.61931 5.99 0.22 2015 8 5 1 59 32.08 0.555452 0.1773 0.0180469 101
6.80743 2.58584 6.2 0.21 2015 8 5 10 55 16.77 0.555452 0.1773 0.0180469 101
6.81108 2.59529 6.23 0.19 2015 8 5 11 20 4.9 0.555452 0.1773 0.0180469 101
6.70602 2.62565 5.98 0.18 2015 8 5 1 34 30.92 0.555452 0.1773 0.0180469 101
6.51762 2.63832 6.23 0 2015 8 5 9 17 22.07 0.555452 0.1773 0.0180469 101
6.5104 2.64099 6.24 0 2015 8 6 7 25 11.24 0.555452 0.1773 0.0180469 101
6.81981 2.57894 6.21 -0.01 2015 8 5 10 57 51.03 0.555452 0.1773 0.0180469 101
6.56543 2.61886 6.2 -0.01 2015 8 5 16 57 57.05 0.555452 0.1773 0.0180469 101
1.67016 0.128986 5.54 1.39 2015 6 3 17 10 22.76 0.352951 0.528676 0.128006 102
1.47811 0.185028 5.74 1.18 2015 8 29 11 23 4.33 0.352951 0.528676 0.128006 102
1.39984 0.104968 5.61 1.13 2015 8 30 14 59 58.33 0.352951 0.528676 0.128006 102
1.48683 0.153449 5.64 1.09 2015 9 9 7 24 4.12 0.352951 0.528676 0.128006 102
1.53678 0.165124 5.8 1.04 2015 8 29 11 4 24.78 0.352951 0.528676 0.128006 102
1.43831 0.127652 5.8 0.98 2015 10 5 5 7 52.93 0.352951 0.528676 0.128006 102
1.43679 0.14611 5.67 0.88 2015 8 29 11 23 51.02 0.352951 0.528676 0.128006 102
1.33903 0.076057 5.68 0.82 2015 8 30 17 18 31.44 0.352951 0.528676 0.128006 102
1.66651 0.224391 5.53 0.68 2015 7 5 12 49 44.36 0.352951 0.528676 0.128006 102
1.7194 0.345705 5.64 0.51 2015 7 6 0 32 54.65 0.352951 0.528676 0.128006 102
1.37091 0.09863 5.72 0.46 2015 8 29 11 54 24.12 0.352951 0.528676 0.128006 102
1.64621 0.192256 5.46 0.39 2015 7 6 11 13 40.57 0.352951 0.528676 0.128006 102
1.34411 0.086843 5.64 0.39 2015 8 30 17 59 13.04 0.352951 0.528676 0.128006 102
1.6317 0.173353 5.44 0.37 2015 7 6 0 42 5.11 0.352951 0.528676 0.128006 102
1.47668 0.164235 5.68 0.34 2015 9 9 8 0 12.72 0.352951 0.528676 0.128006 102
1.93683 0.189587 5.5 0.07 2015 3 29 23 50 21.32 0.352951 0.528676 0.128006 102
1.69117 0.177356 5.42 0.06 2015 7 6 1 26 28.23 0.352951 0.528676 0.128006 102
1.60347 0.058377 5.71 0.01 2015 6 18 14 49 33.9 0.352951 0.528676 0.128006 102
8.6936 3.00382 4.3 1.12 2015 8 16 15 55 39.17 0.252248 0.0817781 0.064846 103
8.65736 3.01839 4.31 1.05 2015 8 17 0 10 43.39 0.252248 0.0817781 0.064846 103
8.6197 3.02962 4.25 0.9 2014 12 27 21 35 55.12 0.252248 0.0817781 0.064846 103
8.54357 3.01972 4.27 0.84 2015 8 17 10 48 3.93 0.252248 0.0817781 0.064846 103
8.54063 3.00382 4.27 0.72 2015 8 17 9 18 59.59 0.252248 0.0817781 0.064846 103
8.62904 3.02695 4.26 0.57 2015 8 18 20 13 59.32 0.252248 0.0817781 0.064846 103
8.67401 3.00471 4.26 0.52 2015 8 16 15 22 10.92 0.252248 0.0817781 0.064846 103
8.62548 3.01839 4.31 0.27 2015 8 17 1 47 39.95 0.252248 0.0817781 0.064846 103
8.63412 3.00927 4.3 0.08 2015 8 16 6 13 55.67 0.252248 0.0817781 0.064846 103
8.62976 2.99893 4.29 -0.04 2015 8 17 4 26 1.47 0.252248 0.0817781 0.064846 103
8.87327 5.29188 6.37 1.98 2015 2 12 20 49 4.56 0.185478 0.112678 0.184548 104
8.7602 5.23394 6.38 1.46 2016 8 11 22 56 10.4 0.185478 0.112678 0.184548 104
8.88191 5.27431 6.39 1.21 2015 2 12 18 1 45.3 0.185478 0.112678 0.184548 104
8.7399 5.21682 6.39 1.18 2015 5 23 3 55 27.14 0.185478 0.112678 0.184548 104
8.23274 5.25974 6.22 1.13 2015 6 11 15 49 23.01 0.185478 0.112678 0.184548 104
8.2566 5.24896 6.28 1.08 2015 6 11 2 0 25.79 0.185478 0.112678 0.184548 104
8.23559 5.2593 6.22 0.97 2015 6 11 13 33 7.03 0.185478 0.112678 0.184548 104
8.88627 5.26886 6.41 0.96 2015 2 12 21 5 34.32 0.185478 0.112678 0.184548 104
8.72476 5.21815 6.38 0.93 2015 5 23 6 33 24.02 0.185478 0.112678 0.184548 104
8.895 5.27153 6.41 0.62 2015 2 12 23 3 48.08 0.185478 0.112678 0.184548 104
8.08636 5.752 6.23 0.58 2014 9 29 10 3 13.91 0.185478 0.112678 0.184548 104
8.76385 5.23717 6.35 0.52 2015 6 8 9 41 3.31 0.185478 0.112678 0.184548 104
8.71532 5.22716 6.36 0.35 2015 5 23 7 52 49.87 0.185478 0.112678 0.184548 104
8.77765 5.24707 6.41 -0.02 2015 3 12 3 29 11.84 0.185478 0.112678 0.184548 104
8.72111 5.21682 6.38 -0.05 2015 5 23 5 58 15.02 0.185478 0.112678 0.184548 104
13.8265 1.57319 5.8 1.97 2016 2 24 6 22 57.49 0.903151 0.218386 0.188096 105
13.8128 1.49446 5.72 1.27 2016 2 24 9 6 14.1 0.903151 0.218386 0.188096 105
13.8396 1.51392 5.74 1.2 2016 2 24 8 21 29.93 0.903151 0.218386 0.188096 105
13.8417 1.52248 5.74 0.86 2016 2 24 5 59 40.48 0.903151 0.218386 0.188096 105
13.8475 1.5207 5.74 0.82 2016 2 24 6 28 18.32 0.903151 0.218386 0.188096 105
13.6635 1.7899 5.86 0.81 2015 6 13 11 56 21.84 0.903151 0.218386 0.188096 105
13.983 1.58364 5.94 0.58 2016 2 7 14 6 47.24 0.903151 0.218386 0.188096 105
13.862 1.48223 5.84 0.27 2016 2 10 3 42 40.66 0.903151 0.218386 0.188096 105
13.8708 1.47189 6.02 0.18 2013 11 8 0 38 51.71 0.903151 0.218386 0.188096 105
13.7918 1.47633 5.71 0.11 2016 2 27 6 7 8.33 0.903151 0.218386 0.188096 105
4.54749 3.89516 4.39 1.09 2014 8 8 0 2 38.05 0.818087 0.414415 0.854106 106
4.17139 3.81732 4.35 0.97 2015 3 11 18 18 8.04 0.818087 0.414415 0.854106 106
4.51561 4.00691 4.2 0.91 2014 12 20 10 32 38.07 0.818087 0.414415 0.854106 106
4.46994 4.01058 4.04 0.87 2014 12 14 9 54 1.42 0.818087 0.414415 0.854106 106
4.52069 3.82233 4.33 0.7 2015 3 30 13 33 27.6 0.818087 0.414415 0.854106 106
4.5279 3.80876 4.36 0.68 2015 3 31 14 29 37 0.818087 0.414415 0.854106 106
4.39817 3.81832 4.36 0.66 2015 3 13 16 46 7.59 0.818087 0.414415 0.854106 106
4.31777 3.75405 4.26 0.38 2015 5 14 14 1 22.49 0.818087 0.414415 0.854106 106
4.74747 3.87803 4.06 0.15 2015 1 29 4 11 24.49 0.818087 0.414415 0.854106 106
4.55906 3.99334 4.14 0.12 2015 8 19 3 43 13.1 0.818087 0.414415 0.854106 106
